frame,line,cmd_x,cmd_y,cmd_yaw,q/LF_hip_joint,dq/LF_hip_joint,tau_est/LF_hip_joint,action/LF_hip_joint,q_target/LF_hip_joint,tau_policy/LF_hip_joint,target_log/LF_hip_joint,q/LF_thigh_joint,dq/LF_thigh_joint,tau_est/LF_thigh_joint,action/LF_thigh_joint,q_target/LF_thigh_joint,tau_policy/LF_thigh_joint,target_log/LF_thigh_joint,q/LF_calf_joint,dq/LF_calf_joint,tau_est/LF_calf_joint,action/LF_calf_joint,q_target/LF_calf_joint,tau_policy/LF_calf_joint,target_log/LF_calf_joint,q/RF_hip_joint,dq/RF_hip_joint,tau_est/RF_hip_joint,action/RF_hip_joint,q_target/RF_hip_joint,tau_policy/RF_hip_joint,target_log/RF_hip_joint,q/RF_thigh_joint,dq/RF_thigh_joint,tau_est/RF_thigh_joint,action/RF_thigh_joint,q_target/RF_thigh_joint,tau_policy/RF_thigh_joint,target_log/RF_thigh_joint,q/RF_calf_joint,dq/RF_calf_joint,tau_est/RF_calf_joint,action/RF_calf_joint,q_target/RF_calf_joint,tau_policy/RF_calf_joint,target_log/RF_calf_joint,q/LH_hip_joint,dq/LH_hip_joint,tau_est/LH_hip_joint,action/LH_hip_joint,q_target/LH_hip_joint,tau_policy/LH_hip_joint,target_log/LH_hip_joint,q/LH_thigh_joint,dq/LH_thigh_joint,tau_est/LH_thigh_joint,action/LH_thigh_joint,q_target/LH_thigh_joint,tau_policy/LH_thigh_joint,target_log/LH_thigh_joint,q/LH_calf_joint,dq/LH_calf_joint,tau_est/LH_calf_joint,action/LH_calf_joint,q_target/LH_calf_joint,tau_policy/LH_calf_joint,target_log/LH_calf_joint,q/RH_hip_joint,dq/RH_hip_joint,tau_est/RH_hip_joint,action/RH_hip_joint,q_target/RH_hip_joint,tau_policy/RH_hip_joint,target_log/RH_hip_joint,q/RH_thigh_joint,dq/RH_thigh_joint,tau_est/RH_thigh_joint,action/RH_thigh_joint,q_target/RH_thigh_joint,tau_policy/RH_thigh_joint,target_log/RH_thigh_joint,q/RH_calf_joint,dq/RH_calf_joint,tau_est/RH_calf_joint,action/RH_calf_joint,q_target/RH_calf_joint,tau_policy/RH_calf_joint,target_log/RH_calf_joint
62,215740,0.0,0.0,0.0,0.05999999865889549,-0.009999999776482582,-9.739999771118164,-0.158128023147583,-0.0790640115737915,-13.891401290893555,-0.029999999329447746,0.9100000262260437,-0.0,-12.399999618530273,0.07383771240711212,0.918459415435791,0.8459389209747314,0.7300000190734863,-1.3799999952316284,0.0,14.40999984741211,0.8122464418411255,-1.1769384145736694,20.3061580657959,-1.4700000286102295,0.05999999865889549,-0.009999999776482582,-11.609999656677246,0.07255023717880249,0.036275118589401245,-2.357487916946411,-0.03999999910593033,1.0700000524520874,-0.0,0.8700000047683716,-0.3015119731426239,0.8246219754219055,-24.53780746459961,0.8100000023841858,-1.3700000047683716,0.009999999776482582,14.289999961853027,0.42211252450942993,-1.2744718790054321,9.537812232971191,-1.5099999904632568,-0.05000000074505806,-0.0,9.140000343322754,-0.02046896517276764,-0.01023448258638382,3.9765517711639404,0.07999999821186066,0.9300000071525574,0.009999999776482582,-14.050000190734863,-0.07247414439916611,0.8818814158439636,-4.826858997344971,0.6899999976158142,-1.3799999952316284,-0.009999999776482582,11.34000015258789,0.9996315836906433,-1.1300921440124512,25.00578498840332,-1.4299999475479126,-0.029999999329447746,0.009999999776482582,9.279999732971191,0.028769217431545258,0.014384608715772629,4.423460960388184,-0.0,1.0800000429153442,-0.009999999776482582,1.0299999713897705,0.09581494331359863,0.9239537119865417,-15.589632987976074,0.8100000023841858,-1.3700000047683716,0.0,12.59000015258789,0.2113647758960724,-1.327158808708191,4.284119606018066,-1.5800000429153442
84,216089,0.0,0.0,0.0,0.05999999865889549,0.0,-9.770000457763672,-0.14857009053230286,-0.07428504526615143,-13.428504943847656,0.0,0.9100000262260437,-0.009999999776482582,-12.4399995803833,0.08468401432037354,0.9211709499359131,1.1320923566818237,0.7300000190734863,-1.3799999952316284,0.0,11.75,0.7536996603012085,-1.191575050354004,18.84249496459961,-1.4900000095367432,0.05999999865889549,0.019999999552965164,-11.460000038146973,0.07041539251804352,0.03520769625902176,-2.509230136871338,-0.05000000074505806,1.0700000524520874,-0.0,1.6299999952316284,-0.2878707945346832,0.8280322551727295,-24.196779251098633,0.8199999928474426,-1.3700000047683716,-0.0,13.420000076293945,0.4468544125556946,-1.2682863473892212,10.171365737915039,-1.4900000095367432,-0.05000000074505806,0.009999999776482582,8.40999984741211,-0.020146623253822327,-0.010073311626911163,3.9776687622070312,0.09000000357627869,0.9300000071525574,0.0,-14.359999656677246,-0.08615461736917496,0.8784613013267517,-5.153870582580566,0.6800000071525574,-1.3799999952316284,0.009999999776482582,11.59000015258789,1.0605367422103882,-1.114865779876709,26.498422622680664,-1.399999976158142,-0.029999999329447746,0.019999999552965164,9.210000038146973,0.026588477194309235,0.013294238597154617,4.2994232177734375,-0.029999999329447746,1.0800000429153442,-0.0,0.800000011920929,0.10926000773906708,0.9273149967193604,-15.268505096435547,0.8799999952316284,-1.3700000047683716,-0.009999999776482582,13.65999984741211,0.180479496717453,-1.3348801136016846,3.526989221572876,-1.6100000143051147
104,216393,0.0,0.0,0.0,0.05999999865889549,0.019999999552965164,-9.970000267028809,-0.14578777551651,-0.072893887758255,-13.319388389587402,-0.03999999910593033,0.9100000262260437,-0.009999999776482582,-12.40999984741211,0.08213111758232117,0.920532763004303,1.068273663520813,0.7599999904632568,-1.3799999952316284,-0.0,15.75,0.7331224679946899,-1.1967194080352783,18.32805824279785,-1.2999999523162842,0.05999999865889549,0.009999999776482582,-11.5600004196167,0.07350235432386398,0.03675117716193199,-2.3398821353912354,-0.03999999910593033,1.0700000524520874,0.0,1.3899999856948853,-0.28585943579673767,0.8285351395606995,-24.14649200439453,0.8399999737739563,-1.3700000047683716,0.009999999776482582,13.380000114440918,0.4601404070854187,-1.2649649381637573,10.488506317138672,-1.559999942779541,-0.05000000074505806,-0.0,8.579999923706055,-0.018077775835990906,-0.009038887917995453,4.096111297607422,0.11999999731779099,0.9300000071525574,-0.009999999776482582,-13.930000305175781,-0.0901806429028511,0.8774548172950745,-5.239519119262695,0.7099999785423279,-1.3799999952316284,-0.009999999776482582,12.850000381469727,1.0685127973556519,-1.112871766090393,26.727821350097656,-1.3899999856948853,-0.029999999329447746,0.019999999552965164,9.5,0.024128660559654236,0.012064330279827118,4.176433086395264,0.05000000074505806,1.0800000429153442,-0.009999999776482582,1.2799999713897705,0.11391541361808777,0.9284788370132446,-15.137120246887207,0.9100000262260437,-1.3700000047683716,0.009999999776482582,12.600000381469727,0.16753517091274261,-1.33811616897583,3.1733834743499756,-1.649999976158142
124,216697,0.0,0.0,0.0,0.05999999865889549,0.009999999776482582,-9.819999694824219,-0.145562082529068,-0.072781041264534,-13.293105125427246,-0.07000000029802322,0.9100000262260437,-0.009999999776482582,-12.649999618530273,0.08277939260005951,0.9206948280334473,1.0844801664352417,0.8700000047683716,-1.3799999952316284,-0.009999999776482582,13.770000457763672,0.7331106662750244,-1.1967222690582275,18.342771530151367,-1.2200000286102295,0.05999999865889549,0.0,-11.680000305175781,0.07421103119850159,0.03710551559925079,-2.2894482612609863,-0.0,1.0700000524520874,0.009999999776482582,0.9100000262260437,-0.28631848096847534,0.8284203410148621,-24.172969818115234,0.8999999761581421,-1.3700000047683716,0.0,13.699999809265137,0.46239691972732544,-1.2644007205963135,10.559928894042969,-1.659999966621399,-0.05000000074505806,-0.029999999329447746,8.149999618530273,-0.0170876607298851,-0.00854383036494255,4.190617084503174,0.05999999865889549,0.9300000071525574,0.0,-14.149999618530273,-0.09241732209920883,0.8768956661224365,-5.310434341430664,0.7799999713897705,-1.3799999952316284,-0.0,11.630000114440918,1.0698891878128052,-1.1125277280807495,26.74722671508789,-1.4700000286102295,-0.029999999329447746,-0.009999999776482582,9.329999923706055,0.024840712547302246,0.012420356273651123,4.257035732269287,0.10000000149011612,1.0800000429153442,-0.009999999776482582,1.0199999809265137,0.11501239240169525,0.9287530779838562,-15.109696388244629,0.9200000166893005,-1.3700000047683716,-0.0,13.430000305175781,0.16591650247573853,-1.338520884513855,3.14791202545166,-1.5399999618530273
144,217001,0.0,0.0,0.0,0.05999999865889549,0.009999999776482582,-9.569999694824219,-0.14384350180625916,-0.07192175090312958,-13.207175254821777,-0.18000000715255737,0.9100000262260437,-0.019999999552965164,-12.109999656677246,0.08455698192119598,0.9211392402648926,1.1439213752746582,0.8700000047683716,-1.3799999952316284,-0.009999999776482582,14.329999923706055,0.7266079187393188,-1.198348045349121,18.180194854736328,-1.1399999856948853,0.05999999865889549,-0.0,-11.550000190734863,0.07480619102716446,0.03740309551358223,-2.259690284729004,0.05000000074505806,1.0700000524520874,-0.0,1.5199999809265137,-0.2859749495983124,0.8285062313079834,-24.149381637573242,0.9100000262260437,-1.3700000047683716,-0.009999999776482582,14.739999771118164,0.46632951498031616,-1.2634176015853882,10.673240661621094,-1.7200000286102295,-0.05000000074505806,-0.009999999776482582,8.739999771118164,-0.017610400915145874,-0.008805200457572937,4.134479999542236,0.009999999776482582,0.9300000071525574,0.0,-14.3100004196167,-0.09267748147249222,0.8768305778503418,-5.316943168640137,0.7599999904632568,-1.3799999952316284,0.0,11.199999809265137,1.0724034309387207,-1.1118991374969482,26.81008529663086,-1.559999942779541,-0.029999999329447746,0.019999999552965164,9.279999732971191,0.02339215576648712,0.01169607788324356,4.139607906341553,0.17000000178813934,1.0800000429153442,-0.019999999552965164,1.3899999856948853,0.11690162122249603,0.9292253851890564,-15.047466278076172,0.8500000238418579,-1.3700000047683716,-0.009999999776482582,13.510000228881836,0.16334427893161774,-1.339163899421692,3.0986106395721436,-1.350000023841858
164,217305,0.0,0.0,0.0,0.05999999865889549,0.0,-9.680000305175781,-0.1433100402355194,-0.0716550201177597,-13.165502548217773,-0.12999999523162842,0.9100000262260437,-0.019999999552965164,-12.170000076293945,0.08400548994541168,0.9210013747215271,1.1301348209381104,0.6700000166893005,-1.3799999952316284,-0.009999999776482582,12.770000457763672,0.7278201580047607,-1.198045015335083,18.21049690246582,-1.090000033378601,0.05999999865889549,-0.0,-11.5,0.07502424716949463,0.037512123584747314,-2.2487874031066895,0.11999999731779099,1.0700000524520874,-0.0,2.0799999237060547,-0.28695911169052124,0.8282601833343506,-24.173986434936523,1.0,-1.3700000047683716,0.009999999776482582,14.220000267028809,0.46555590629577637,-1.263611078262329,10.623892784118652,-1.7899999618530273,-0.05000000074505806,0.0,8.760000228881836,-0.018363691866397858,-0.009181845933198929,4.081815719604492,-0.09000000357627869,0.9300000071525574,0.009999999776482582,-13.5600004196167,-0.09358156472444534,0.8766045570373535,-5.3545451164245605,0.8399999737739563,-1.3799999952316284,0.0,10.8100004196167,1.0694953203201294,-1.1126261949539185,26.737380981445312,-1.7899999618530273,-0.029999999329447746,0.009999999776482582,8.399999618530273,0.023807041347026825,0.011903520673513412,4.175352096557617,0.23999999463558197,1.0800000429153442,-0.0,1.440000057220459,0.11393125355243683,0.9284827709197998,-15.151727676391602,0.7900000214576721,-1.3700000047683716,0.009999999776482582,13.109999656677246,0.16196633875370026,-1.3395084142684937,3.034158945083618,-1.340000033378601
184,217609,0.0,0.0,0.0,0.05999999865889549,0.0,-9.75,-0.14367574453353882,-0.07183787226676941,-13.18378734588623,-0.029999999329447746,0.9100000262260437,-0.009999999776482582,-12.300000190734863,0.08296699821949005,0.9207417368888855,1.089171051979065,0.6600000262260437,-1.3799999952316284,0.0,12.59000015258789,0.7283340692520142,-1.1979165077209473,18.208349227905273,-1.2300000190734863,0.05999999865889549,0.009999999776482582,-11.350000381469727,0.0742994025349617,0.03714970126748085,-2.300029754638672,0.10000000149011612,1.0700000524520874,-0.0,1.399999976158142,-0.285590797662735,0.8286022543907166,-24.139780044555664,1.0399999618530273,-1.3700000047683716,-0.0,13.6899995803833,0.4658461809158325,-1.2635384798049927,10.64615249633789,-1.7300000190734863,-0.05000000074505806,0.009999999776482582,8.5600004196167,-0.018473133444786072,-0.009236566722393036,4.061343669891357,-0.03999999910593033,0.9300000071525574,0.0,-13.970000267028809,-0.09258566051721573,0.8768535852432251,-5.314641952514648,1.1399999856948853,-1.3799999952316284,0.009999999776482582,11.949999809265137,1.0689258575439453,-1.112768530845642,26.708147048950195,-1.8600000143051147,-0.029999999329447746,0.009999999776482582,9.09000015258789,0.02436843514442444,0.01218421757221222,4.2034220695495605,0.17000000178813934,1.0800000429153442,0.0,1.2599999904632568,0.11507308483123779,0.9287682771682739,-15.123176574707031,0.7300000190734863,-1.3700000047683716,-0.009999999776482582,12.170000076293945,0.16485142707824707,-1.3387870788574219,3.1362926959991455,-1.4900000095367432
205,217928,0.0,0.0,0.0,0.05999999865889549,0.009999999776482582,-9.579999923706055,-0.1433059722185135,-0.07165298610925674,-13.180298805236816,0.05999999865889549,0.9100000262260437,-0.019999999552965164,-12.100000381469727,0.08399547636508942,0.9209988713264465,1.1298844814300537,0.5699999928474426,-1.3799999952316284,-0.0,12.569999694824219,0.7247171401977539,-1.19882071018219,18.11792755126953,-1.159999966621399,0.05999999865889549,0.019999999552965164,-11.579999923706055,0.07417747378349304,0.03708873689174652,-2.3211262226104736,0.11999999731779099,1.0700000524520874,0.009999999776482582,0.8399999737739563,-0.2875221371650696,0.8281194567680359,-24.20305824279785,0.949999988079071,-1.3700000047683716,-0.009999999776482582,14.010000228881836,0.4670484662055969,-1.2632378339767456,10.691217422485352,-1.7599999904632568,-0.05000000074505806,0.019999999552965164,8.420000076293945,-0.019257962703704834,-0.009628981351852417,4.007101535797119,-0.05999999865889549,0.9300000071525574,-0.009999999776482582,-14.199999809265137,-0.09143104404211044,0.8771421909332275,-5.270781993865967,0.8500000238418579,-1.3799999952316284,-0.0,11.789999961853027,1.069078803062439,-1.1127302646636963,26.726972579956055,-1.7699999809265137,-0.029999999329447746,0.0,9.359999656677246,0.0246809720993042,0.0123404860496521,4.234048843383789,0.12999999523162842,1.0800000429153442,-0.009999999776482582,1.1799999475479126,0.11579711735248566,0.928949236869812,-15.090080261230469,0.7300000190734863,-1.3700000047683716,-0.0,13.109999656677246,0.16399620473384857,-1.339000940322876,3.0999064445495605,-1.7000000476837158
225,218232,0.0,0.0,0.0,0.05999999865889549,0.009999999776482582,-9.710000038146973,-0.14455588161945343,-0.07227794080972672,-13.242794036865234,0.029999999329447746,0.9100000262260437,-0.0,-12.270000457763672,0.08151896297931671,0.9203796982765198,1.0379672050476074,0.5699999928474426,-1.3799999952316284,0.0,13.289999961853027,0.727948784828186,-1.1980128288269043,18.19871711730957,-0.8700000047683716,0.05999999865889549,-0.009999999776482582,-12.1899995803833,0.07550475746393204,0.03775237873196602,-2.20976185798645,0.10999999940395355,1.0700000524520874,-0.0,1.0399999618530273,-0.2861342430114746,0.8284664154052734,-24.153364181518555,1.0,-1.3700000047683716,0.0,14.649999618530273,0.4660290479660034,-1.2634927034378052,10.65073013305664,-2.0,-0.05000000074505806,0.009999999776482582,8.380000114440918,-0.01911182701587677,-0.009555913507938385,4.029408931732178,-0.029999999329447746,0.9300000071525574,-0.009999999776482582,-14.029999732971191,-0.09104350954294205,0.8772391080856323,-5.26108980178833,0.7400000095367432,-1.3799999952316284,0.009999999776482582,11.3100004196167,1.0703407526016235,-1.112414836883545,26.74351692199707,-1.559999942779541,-0.029999999329447746,-0.0,9.300000190734863,0.024428680539131165,0.012214340269565582,4.221434116363525,0.1899999976158142,1.0800000429153442,-0.019999999552965164,1.4800000190734863,0.11655373871326447,0.9291384220123291,-15.05616283416748,0.949999988079071,-1.3700000047683716,-0.009999999776482582,13.390000343322754,0.16497838497161865,-1.3387553691864014,3.1394636631011963,-1.7300000190734863
245,218536,0.0,0.0,0.0,0.05999999865889549,0.009999999776482582,-9.970000267028809,-0.14515027403831482,-0.07257513701915741,-13.272514343261719,0.07000000029802322,0.9100000262260437,-0.0,-12.199999809265137,0.0812712162733078,0.9203177690505981,1.0317742824554443,0.6800000071525574,-1.3799999952316284,0.009999999776482582,13.760000228881836,0.7293877601623535,-1.19765305519104,18.219694137573242,-0.7200000286102295,0.05999999865889549,-0.019999999552965164,-11.869999885559082,0.07566924393177032,0.03783462196588516,-2.186537742614746,0.05000000074505806,1.0700000524520874,0.0,1.690000057220459,-0.2849430441856384,0.8287642002105713,-24.123584747314453,1.25,-1.3700000047683716,0.009999999776482582,15.010000228881836,0.46431511640548706,-1.2639212608337402,10.592873573303223,-2.180000066757202,-0.05000000074505806,-0.009999999776482582,8.40999984741211,-0.01799449324607849,-0.008997246623039246,4.1152753829956055,-0.09000000357627869,0.9300000071525574,-0.0,-13.930000305175781,-0.09246066957712173,0.8768848180770874,-5.311518669128418,0.7099999785423279,-1.3799999952316284,0.009999999776482582,11.619999885559082,1.0682531595230103,-1.1129367351531982,26.691326141357422,-1.5399999618530273,-0.029999999329447746,0.009999999776482582,8.920000076293945,0.02397020161151886,0.01198510080575943,4.1835103034973145,0.2199999988079071,1.0800000429153442,0.0,0.8199999928474426,0.11491446942090988,0.9287285804748535,-15.127145767211914,0.8899999856948853,-1.3700000047683716,-0.019999999552965164,12.569999694824219,0.16493213176727295,-1.3387669324874878,3.1533071994781494,-1.4900000095367432
265,218840,0.0,0.0,0.0,0.05999999865889549,0.0,-8.979999542236328,-0.14364778995513916,-0.07182389497756958,-13.182390213012695,0.10999999940395355,0.9100000262260437,0.009999999776482582,-12.369999885559082,0.07953427731990814,0.9198835492134094,0.973352313041687,0.5,-1.3799999952316284,0.009999999776482582,13.800000190734863,0.7265346050262451,-1.198366403579712,18.148359298706055,-0.9100000262260437,0.05999999865889549,-0.009999999776482582,-11.460000038146973,0.0751568078994751,0.03757840394973755,-2.227159261703491,0.15000000596046448,1.0700000524520874,0.0,1.0299999713897705,-0.28534814715385437,0.8286629319190979,-24.133712768554688,1.3200000524520874,-1.3700000047683716,-0.009999999776482582,14.220000267028809,0.4659196734428406,-1.2635201215744019,10.662988662719727,-2.0899999141693115,-0.05000000074505806,0.009999999776482582,8.789999961853027,-0.019180595874786377,-0.009590297937393188,4.025970458984375,-0.2800000011920929,0.9300000071525574,-0.009999999776482582,-14.140000343322754,-0.09108874946832657,0.877227783203125,-5.262222766876221,0.7099999785423279,-1.3799999952316284,0.0,12.5,1.068734049797058,-1.1128164529800415,26.718353271484375,-1.7100000381469727,-0.029999999329447746,0.0,9.430000305175781,0.02407839149236679,0.012039195746183395,4.203919410705566,0.27000001072883606,1.0800000429153442,-0.019999999552965164,1.0199999809265137,0.11612704396247864,0.9290317296981812,-15.066831588745117,0.7699999809265137,-1.3700000047683716,0.009999999776482582,13.279999732971191,0.16341327130794525,-1.3391467332839966,3.070327043533325,-1.5499999523162842
285,219144,0.0,0.0,0.0,0.05999999865889549,0.009999999776482582,-9.75,-0.14414623379707336,-0.07207311689853668,-13.222311973571777,0.12999999523162842,0.9100000262260437,0.009999999776482582,-12.300000190734863,0.0814041793346405,0.9203510284423828,1.0201002359390259,0.6700000166893005,-1.3799999952316284,0.0,12.710000038146973,0.7292343378067017,-1.1976914405822754,18.23085594177246,-1.0,0.05999999865889549,-0.0,-11.720000267028809,0.07518156617879868,0.03759078308939934,-2.2409214973449707,0.12999999523162842,1.0700000524520874,0.009999999776482582,1.100000023841858,-0.28741809725761414,0.828145444393158,-24.20046043395996,1.3899999856948853,-1.3700000047683716,0.0,13.84000015258789,0.4674253463745117,-1.2631436586380005,10.68563461303711,-1.9199999570846558,-0.05000000074505806,0.019999999552965164,8.880000114440918,-0.01965423673391342,-0.00982711836695671,3.987288236618042,-0.20000000298023224,0.9300000071525574,0.009999999776482582,-14.5,-0.09221764653921127,0.8769455552101135,-5.3204450607299805,1.0,-1.3799999952316284,-0.009999999776482582,11.430000305175781,1.0710963010787964,-1.112225890159607,26.792409896850586,-1.899999976158142,-0.029999999329447746,-0.009999999776482582,9.220000267028809,0.024647429585456848,0.012323714792728424,4.247371673583984,0.25,1.0800000429153442,-0.0,0.6299999952316284,0.11446942389011383,0.9286173582077026,-15.13826847076416,0.6600000262260437,-1.3700000047683716,-0.009999999776482582,12.90999984741211,0.16417771577835083,-1.3389555215835571,3.11944842338562,-1.4900000095367432
305,219448,0.0,0.0,0.0,0.05999999865889549,-0.0,-9.34000015258789,-0.1440754383802414,-0.0720377191901207,-13.203771591186523,0.11999999731779099,0.9100000262260437,-0.0,-12.1899995803833,0.08223463594913483,0.9205586314201355,1.0558605194091797,0.7200000286102295,-1.3799999952316284,-0.009999999776482582,13.260000228881836,0.7301886081695557,-1.1974527835845947,18.26972007751465,-1.3300000429153442,0.05999999865889549,-0.0,-11.720000267028809,0.07481688261032104,0.03740844130516052,-2.259155750274658,0.07999999821186066,1.0700000524520874,0.0,1.6399999856948853,-0.2861623466014862,0.8284593820571899,-24.154067993164062,1.149999976158142,-1.3700000047683716,0.009999999776482582,13.829999923706055,0.4650847911834717,-1.2637288570404053,10.612114906311035,-1.690000057220459,-0.05000000074505806,-0.0,8.6899995803833,-0.01854729652404785,-0.009273648262023926,4.072635173797607,-0.07999999821186066,0.9300000071525574,0.0,-14.1899995803833,-0.09266350418329239,0.8768340945243835,-5.316591262817383,0.8799999952316284,-1.3799999952316284,-0.0,11.460000038146973,1.0699907541275024,-1.1125023365020752,26.749765396118164,-1.7999999523162842,-0.029999999329447746,-0.009999999776482582,9.470000267028809,0.024659812450408936,0.012329906225204468,4.247990608215332,0.03999999910593033,1.0800000429153442,0.009999999776482582,0.9100000262260437,0.11381272226572037,0.9284531474113464,-15.169690132141113,0.6600000262260437,-1.3700000047683716,-0.0,12.600000381469727,0.1627974510192871,-1.3393006324768066,3.069937229156494,-1.7200000286102295
345,220071,0.0,0.0,0.0,0.05999999865889549,0.0,-9.670000076293945,-0.14369356632232666,-0.07184678316116333,-13.18467903137207,0.029999999329447746,0.9100000262260437,-0.009999999776482582,-12.279999732971191,0.08342395722866058,0.9208559393882751,1.1005913019180298,0.7099999785423279,-1.3799999952316284,-0.009999999776482582,12.270000457763672,0.7282109260559082,-1.1979472637176514,18.220272064208984,-1.1799999475479126,0.05999999865889549,-0.009999999776482582,-11.65999984741211,0.07575756311416626,0.03787878155708313,-2.1971216201782227,0.10999999940395355,1.0700000524520874,0.0,0.9100000262260437,-0.28612595796585083,0.8284685015678406,-24.153154373168945,1.1799999475479126,-1.3700000047683716,-0.0,13.760000228881836,0.4665992856025696,-1.2633501291275024,10.664987564086914,-2.0399999618530273,-0.05000000074505806,-0.009999999776482582,8.989999771118164,-0.018493257462978363,-0.009246628731489182,4.09033727645874,-0.05000000074505806,0.9300000071525574,-0.0,-14.180000305175781,-0.09184028953313828,0.877039909362793,-5.2960100173950195,0.6700000166893005,-1.3799999952316284,-0.0,11.0600004196167,1.073967695236206,-1.1115081310272217,26.849185943603516,-1.809999942779541,-0.029999999329447746,-0.009999999776482582,9.1899995803833,0.02404285967350006,0.01202142983675003,4.2171430587768555,0.05000000074505806,1.0800000429153442,0.0,1.159999966621399,0.11508622020483017,0.9287715554237366,-15.122848510742188,0.9100000262260437,-1.3700000047683716,0.0,13.510000228881836,0.16061243414878845,-1.3398468494415283,3.015315532684326,-2.0399999618530273
365,220375,0.0,0.0,0.0,0.05999999865889549,0.0,-9.539999961853027,-0.14374800026416779,-0.07187400013208389,-13.187399864196777,-0.0,0.9100000262260437,-0.009999999776482582,-12.289999961853027,0.08350910246372223,0.9208772778511047,1.1027251482009888,0.44999998807907104,-1.3799999952316284,-0.009999999776482582,13.770000457763672,0.7293094396591187,-1.1976726055145264,18.247737884521484,-1.0399999618530273,0.05999999865889549,0.009999999776482582,-11.680000305175781,0.07430699467658997,0.03715349733829498,-2.299650192260742,0.10000000149011612,1.0700000524520874,0.009999999776482582,1.2400000095367432,-0.2864898443222046,0.8283774852752686,-24.177255630493164,1.2000000476837158,-1.3700000047683716,-0.0,13.800000190734863,0.46673083305358887,-1.263317346572876,10.668266296386719,-1.9900000095367432,-0.05000000074505806,-0.0,8.460000038146973,-0.018631987273693085,-0.009315993636846542,4.068400859832764,-0.07000000029802322,0.9300000071525574,-0.009999999776482582,-13.770000457763672,-0.09249825030565262,0.8768754005432129,-5.297461032867432,0.49000000953674316,-1.3799999952316284,0.009999999776482582,13.359999656677246,1.0699433088302612,-1.1125141382217407,26.733585357666016,-1.5700000524520874,-0.029999999329447746,0.0,9.4399995803833,0.024467848241329193,0.012233924120664597,4.223392009735107,0.11999999731779099,1.0800000429153442,0.009999999776482582,1.0700000524520874,0.11408646404743195,0.9285215735435486,-15.162847518920898,0.9700000286102295,-1.3700000047683716,0.0,12.8100004196167,0.16259248554706573,-1.3393518924713135,3.0648112297058105,-2.009999990463257
385,220679,0.0,0.0,0.0,0.05999999865889549,0.009999999776482582,-9.449999809265137,-0.14420199394226074,-0.07210099697113037,-13.22510051727295,0.1599999964237213,0.9100000262260437,0.0,-12.220000267028809,0.08267343044281006,0.920668363571167,1.066833734512329,0.800000011920929,-1.3799999952316284,-0.0,11.859999656677246,0.7295523881912231,-1.197611927986145,18.238807678222656,-1.0800000429153442,0.05999999865889549,-0.009999999776482582,-11.699999809265137,0.07598698884248734,0.03799349442124367,-2.18565034866333,0.05999999865889549,1.0700000524520874,0.0,0.9900000095367432,-0.28661391139030457,0.8283464908599854,-24.165355682373047,1.5700000524520874,-1.3700000047683716,-0.0,14.010000228881836,0.46570366621017456,-1.2635741233825684,10.642587661743164,-2.130000114440918,-0.05000000074505806,-0.009999999776482582,8.989999771118164,-0.01846017688512802,-0.00923008844256401,4.091990947723389,-0.3199999928474426,0.9300000071525574,0.019999999552965164,-14.369999885559082,-0.0940227285027504,0.876494288444519,-5.3805718421936035,0.6299999952316284,-1.3799999952316284,0.0,11.609999656677246,1.0720769166946411,-1.1119807958602905,26.80191993713379,-1.3799999952316284,-0.029999999329447746,-0.009999999776482582,9.550000190734863,0.023960858583450317,0.011980429291725159,4.213042736053467,0.07000000029802322,1.0800000429153442,0.009999999776482582,0.8100000023841858,0.11400579661130905,0.9285014271736145,-15.164861679077148,0.8600000143051147,-1.3700000047683716,-0.0,12.529999732971191,0.15999266505241394,-1.3400018215179443,2.9998183250427246,-1.6799999475479126
405,220983,0.0,0.0,0.0,0.05999999865889549,0.009999999776482582,-9.6899995803833,-0.14452627301216125,-0.07226313650608063,-13.241313934326172,0.20999999344348907,0.9100000262260437,-0.019999999552965164,-11.75,0.0840718150138855,0.9210179448127747,1.1317918300628662,0.7699999809265137,-1.3799999952316284,0.0,11.430000305175781,0.7286571264266968,-1.1978356838226318,18.2164306640625,-1.25,0.05999999865889549,-0.019999999552965164,-11.569999694824219,0.07588240504264832,0.03794120252132416,-2.175879716873169,0.009999999776482582,1.0700000524520874,0.009999999776482582,1.309999942779541,-0.2876986861228943,0.8280752897262573,-24.207475662231445,1.059999942779541,-1.3700000047683716,-0.009999999776482582,13.470000267028809,0.4669579267501831,-1.2632604837417603,10.688952445983887,-1.7799999713897705,-0.05000000074505806,-0.009999999776482582,9.010000228881836,-0.018371015787124634,-0.009185507893562317,4.096449375152588,-0.20999999344348907,0.9300000071525574,-0.0,-14.109999656677246,-0.0911840870976448,0.8772039413452148,-5.279606819152832,0.7200000286102295,-1.3799999952316284,0.0,11.109999656677246,1.0742284059524536,-1.1114429235458374,26.8557071685791,-1.559999942779541,-0.029999999329447746,-0.0,9.539999961853027,0.02376610040664673,0.011883050203323364,4.188304901123047,0.029999999329447746,1.0800000429153442,-0.0,1.149999976158142,0.11497332155704498,0.928743302822113,-15.1256742477417,0.7200000286102295,-1.3700000047683716,-0.0,12.989999771118164,0.16126497089862823,-1.3396837711334229,3.031623363494873,-1.940000057220459
425,221287,0.0,0.0,0.0,0.05999999865889549,-0.019999999552965164,-9.569999694824219,-0.1423952281475067,-0.07119761407375336,-13.089761734008789,0.18000000715255737,0.9100000262260437,-0.009999999776482582,-12.130000114440918,0.08253173530101776,0.9206328988075256,1.0782872438430786,0.8199999928474426,-1.3799999952316284,-0.0,13.069999694824219,0.7289754152297974,-1.1977561712265015,18.224382400512695,-1.25,0.05999999865889549,0.019999999552965164,-11.520000457763672,0.0730280950665474,0.0365140475332737,-2.3785951137542725,0.03999999910593033,1.0700000524520874,-0.0,1.159999966621399,-0.2851755619049072,0.8287060856819153,-24.129396438598633,1.3600000143051147,-1.3700000047683716,0.0,13.65999984741211,0.4640457034111023,-1.2639886140823364,10.601139068603516,-2.0299999713897705,-0.05000000074505806,-0.0,8.850000381469727,-0.018394380807876587,-0.009197190403938293,4.0802812576293945,-0.18000000715255737,0.9300000071525574,-0.009999999776482582,-14.279999732971191,-0.09177539497613907,0.8770561218261719,-5.279388904571533,0.699999988079071,-1.3799999952316284,0.0,11.25,1.0687857866287231,-1.11280357837677,26.719642639160156,-1.7899999618530273,-0.029999999329447746,-0.0,9.09000015258789,0.024692624807357788,0.012346312403678894,4.234631538391113,0.019999999552965164,1.0800000429153442,-0.009999999776482582,0.9599999785423279,0.11476738750934601,0.9286918044090271,-15.115823745727539,0.8199999928474426,-1.3700000047683716,0.009999999776482582,13.0600004196167,0.16466349363327026,-1.3388341665267944,3.10158371925354,-2.069999933242798
445,221606,0.0,0.0,0.0,0.05999999865889549,-0.019999999552965164,-9.569999694824219,-0.1433790624141693,-0.07168953120708466,-13.13895320892334,0.1899999976158142,0.9100000262260437,0.0,-12.329999923706055,0.08169697225093842,0.920424222946167,1.042419672012329,0.8399999737739563,-1.3799999952316284,0.009999999776482582,13.34000015258789,0.731153130531311,-1.197211742401123,18.263826370239258,-1.3799999952316284,0.05999999865889549,-0.0,-11.65999984741211,0.0740581750869751,0.03702908754348755,-2.297091007232666,0.07000000029802322,1.0700000524520874,-0.009999999776482582,1.2200000286102295,-0.28337258100509644,0.8291568160057068,-24.069324493408203,1.1200000047683716,-1.3700000047683716,0.009999999776482582,14.34000015258789,0.46264296770095825,-1.2643392086029053,10.551079750061035,-1.9900000095367432,-0.05000000074505806,-0.019999999552965164,8.859999656677246,-0.01789630949497223,-0.008948154747486115,4.1351847648620605,-0.15000000596046448,0.9300000071525574,-0.009999999776482582,-14.180000305175781,-0.09054676443338394,0.8773632645606995,-5.248674392700195,0.7200000286102295,-1.3799999952316284,-0.009999999776482582,11.84000015258789,1.0713725090026855,-1.112156867980957,26.799312591552734,-1.840000033378601,-0.029999999329447746,-0.019999999552965164,9.210000038146973,0.02474541962146759,0.012372709810733795,4.267271518707275,-0.0,1.0800000429153442,0.0,1.3799999952316284,0.11509658396244049,0.9287741184234619,-15.12259292602539,0.8600000143051147,-1.3700000047683716,-0.0,12.850000381469727,0.16289427876472473,-1.3392764329910278,3.072357177734375,-2.0899999141693115
465,221910,0.0,0.0,0.0,0.05999999865889549,0.0,-9.34000015258789,-0.14421235024929047,-0.07210617512464523,-13.210617065429688,0.11999999731779099,0.9100000262260437,0.0,-12.390000343322754,0.08078810572624207,0.9201970100402832,1.0196983814239502,0.75,-1.3799999952316284,-0.0,14.109999656677246,0.7293775081634521,-1.1976556777954102,18.234432220458984,-1.4299999475479126,0.05999999865889549,0.0,-11.550000190734863,0.07448321580886841,0.037241607904434204,-2.27583909034729,0.10000000149011612,1.0700000524520874,-0.009999999776482582,0.7799999713897705,-0.28376108407974243,0.8290597200393677,-24.07903289794922,1.1399999856948853,-1.3700000047683716,-0.009999999776482582,14.020000457763672,0.4636193513870239,-1.2640951871871948,10.60548210144043,-1.9600000381469727,-0.05000000074505806,-0.009999999776482582,8.720000267028809,-0.0180891752243042,-0.0090445876121521,4.110541343688965,-0.14000000059604645,0.9300000071525574,-0.009999999776482582,-13.920000076293945,-0.09229189902544022,0.8769270181655884,-5.292298793792725,0.6800000071525574,-1.3799999952316284,0.009999999776482582,12.649999618530273,1.066681981086731,-1.113329529762268,26.65204620361328,-1.8899999856948853,-0.029999999329447746,0.0,9.520000457763672,0.024313300848007202,0.012156650424003601,4.215665340423584,-0.009999999776482582,1.0800000429153442,-0.009999999776482582,0.9900000095367432,0.11515264958143234,0.9287881255149841,-15.106191635131836,0.8299999833106995,-1.3700000047683716,-0.0,12.8100004196167,0.16540449857711792,-1.3386489152908325,3.1351089477539062,-2.1500000953674316
485,222214,0.0,0.0,0.0,0.05999999865889549,-0.009999999776482582,-9.300000190734863,-0.14346879720687866,-0.07173439860343933,-13.158439636230469,0.23999999463558197,0.9100000262260437,0.019999999552965164,-12.59000015258789,0.07961554825305939,0.9199038743972778,0.9603848457336426,0.8199999928474426,-1.3799999952316284,-0.009999999776482582,12.640000343322754,0.7318658828735352,-1.1970335245132446,18.3116455078125,-1.5299999713897705,0.05999999865889549,0.009999999776482582,-11.670000076293945,0.07335849106311798,0.03667924553155899,-2.3470754623413086,0.05999999865889549,1.0700000524520874,0.0,1.1100000143051147,-0.283740758895874,0.8290647864341736,-24.09352684020996,1.2000000476837158,-1.3700000047683716,-0.019999999552965164,13.979999542236328,0.46357208490371704,-1.2641069889068604,10.619301795959473,-2.0399999618530273,-0.05000000074505806,-0.009999999776482582,8.670000076293945,-0.01819862425327301,-0.009099312126636505,4.105068683624268,-0.18000000715255737,0.9300000071525574,0.0,-14.460000038146973,-0.09228605777025223,0.876928448677063,-5.307155609130859,0.699999988079071,-1.3799999952316284,0.009999999776482582,12.039999961853027,1.067792534828186,-1.1130518913269043,26.679811477661133,-1.7999999523162842,-0.029999999329447746,-0.009999999776482582,9.300000190734863,0.025056689977645874,0.012528344988822937,4.267834663391113,-0.10000000149011612,1.0800000429153442,-0.0,1.25,0.11514851450920105,0.928787112236023,-15.121293067932129,0.8199999928474426,-1.3700000047683716,-0.009999999776482582,12.300000190734863,0.16577541828155518,-1.338556170463562,3.159383535385132,-2.2200000286102295
505,222518,0.0,0.0,0.0,0.05999999865889549,-0.0,-9.170000076293945,-0.14350998401641846,-0.07175499200820923,-13.175498962402344,0.11999999731779099,0.9100000262260437,-0.0,-11.65999984741211,0.08206278085708618,0.9205156564712524,1.051563024520874,0.5899999737739563,-1.3799999952316284,0.0,11.550000190734863,0.7289266586303711,-1.1977683305740356,18.223167419433594,-1.2599999904632568,0.05999999865889549,0.009999999776482582,-11.59000015258789,0.0743589699268341,0.03717948496341705,-2.297051429748535,-0.05000000074505806,1.0700000524520874,0.0,1.0299999713897705,-0.28553688526153564,0.8286157846450806,-24.138427734375,1.090000033378601,-1.3700000047683716,0.0,13.890000343322754,0.46545636653900146,-1.2636358737945557,10.63641357421875,-1.899999976158142,-0.05000000074505806,-0.0,8.789999961853027,-0.01893509179353714,-0.00946754589676857,4.053245544433594,0.019999999552965164,0.9300000071525574,0.0,-14.170000076293945,-0.09201336652040482,0.876996636390686,-5.300336837768555,0.5600000023841858,-1.3799999952316284,-0.0,11.84000015258789,1.069501519203186,-1.1126246452331543,26.73753547668457,-1.7200000286102295,-0.029999999329447746,-0.009999999776482582,9.40999984741211,0.02476339042186737,0.012381695210933685,4.253169536590576,-0.03999999910593033,1.0800000429153442,0.0,1.2000000476837158,0.1143786758184433,0.9285946488380432,-15.140539169311523,0.7300000190734863,-1.3700000047683716,-0.0,12.800000190734863,0.16361349821090698,-1.3390966653823853,3.090333938598633,-2.0799999237060547
525,222822,0.0,0.0,0.0,0.05999999865889549,-0.019999999552965164,-9.630000114440918,-0.1418849229812622,-0.0709424614906311,-13.06424617767334,0.23999999463558197,0.9100000262260437,-0.029999999329447746,-12.819999694824219,0.08563312888145447,0.9214082360267639,1.1858209371566772,0.6800000071525574,-1.3799999952316284,0.0,14.800000190734863,0.7275190353393555,-1.1981202363967896,18.187976837158203,-1.5,0.05999999865889549,0.019999999552965164,-11.350000381469727,0.07289295643568039,0.036446478217840195,-2.3853518962860107,-0.05999999865889549,1.0700000524520874,0.0,1.2999999523162842,-0.2853892743587494,0.8286526799201965,-24.134737014770508,1.340000033378601,-1.3700000047683716,0.0,14.149999618530273,0.46488022804260254,-1.263779878616333,10.622013092041016,-2.180000066757202,-0.05000000074505806,-0.009999999776482582,8.59000015258789,-0.01779770851135254,-0.00889885425567627,4.125114440917969,-0.1599999964237213,0.9300000071525574,-0.0,-13.890000343322754,-0.09115780144929886,0.8772104978561401,-5.2789506912231445,0.46000000834465027,-1.3799999952316284,-0.009999999776482582,12.359999656677246,1.0718574523925781,-1.1120356321334839,26.81143569946289,-1.600000023841858,-0.029999999329447746,0.009999999776482582,9.180000305175781,0.02373434603214264,0.01186717301607132,4.171717643737793,-0.10000000149011612,1.0800000429153442,-0.019999999552965164,0.9900000095367432,0.11574443429708481,0.9289360642433167,-15.076397895812988,0.800000011920929,-1.3700000047683716,-0.0,11.779999732971191,0.1643751561641693,-1.338906168937683,3.1093835830688477,-2.1600000858306885
545,223126,0.0,0.0,0.0,0.05999999865889549,0.009999999776482582,-9.699999809265137,-0.1438928246498108,-0.0719464123249054,-13.209641456604004,0.14000000059604645,0.9100000262260437,0.0,-12.220000267028809,0.08107329905033112,0.9202682971954346,1.026827096939087,0.7099999785423279,-1.3799999952316284,0.0,12.1899995803833,0.7262601852416992,-1.1984349489212036,18.156505584716797,-1.2999999523162842,0.05999999865889549,0.009999999776482582,-11.640000343322754,0.07489990442991257,0.037449952214956284,-2.2700047492980957,-0.03999999910593033,1.0700000524520874,0.0,1.840000033378601,-0.2866814136505127,0.8283296227455139,-24.167043685913086,1.2200000286102295,-1.3700000047683716,-0.009999999776482582,14.210000038146973,0.4671885371208191,-1.2632029056549072,10.694710731506348,-2.049999952316284,-0.05000000074505806,0.029999999329447746,8.890000343322754,-0.020479127764701843,-0.010239563882350922,3.9310436248779297,-0.05000000074505806,0.9300000071525574,-0.009999999776482582,-14.329999923706055,-0.09132654219865799,0.8771683573722839,-5.268165111541748,0.6600000262260437,-1.3799999952316284,-0.009999999776482582,11.9399995803833,1.068870186805725,-1.1127824783325195,26.736751556396484,-1.7999999523162842,-0.029999999329447746,-0.019999999552965164,9.130000114440918,0.0250682532787323,0.01253412663936615,4.283412933349609,0.07000000029802322,1.0800000429153442,-0.009999999776482582,1.0099999904632568,0.11460897326469421,0.9286522269248962,-15.119781494140625,0.7699999809265137,-1.3700000047683716,0.009999999776482582,12.520000457763672,0.16346657276153564,-1.339133381843567,3.071662187576294,-1.9900000095367432
565,223430,0.0,0.0,0.0,0.05999999865889549,-0.0,-9.550000190734863,-0.14332494139671326,-0.07166247069835663,-13.166247367858887,0.25,0.9100000262260437,-0.009999999776482582,-12.489999771118164,0.0831574946641922,0.920789361000061,1.0939334630966187,0.7300000190734863,-1.3799999952316284,0.0,12.34000015258789,0.7278847694396973,-1.198028802871704,18.197118759155273,-1.409999966621399,0.05999999865889549,0.009999999776482582,-11.789999961853027,0.07424519211053848,0.03712259605526924,-2.3027403354644775,0.07000000029802322,1.0700000524520874,-0.0,1.0,-0.2863273620605469,0.8284181356430054,-24.158191680908203,1.2400000095367432,-1.3700000047683716,-0.009999999776482582,13.9399995803833,0.4661785960197449,-1.2634553909301758,10.669461250305176,-2.009999990463257,-0.05000000074505806,-0.009999999776482582,8.539999961853027,-0.017780214548110962,-0.008890107274055481,4.1259894371032715,-0.2199999988079071,0.9300000071525574,0.0,-13.609999656677246,-0.0908195748925209,0.8772950768470764,-5.270493030548096,0.699999988079071,-1.3799999952316284,-0.009999999776482582,11.1899995803833,1.0731345415115356,-1.111716389656067,26.843360900878906,-1.8899999856948853,-0.029999999329447746,0.009999999776482582,9.510000228881836,0.023837357759475708,0.011918678879737854,4.176867961883545,-0.009999999776482582,1.0800000429153442,-0.019999999552965164,0.6499999761581421,0.11634402722120285,0.9290859699249268,-15.061408042907715,0.800000011920929,-1.3700000047683716,-0.0,13.270000457763672,0.16369111835956573,-1.3390772342681885,3.0922770500183105,-2.1500000953674316
585,223734,0.0,0.0,0.0,0.05999999865889549,-0.009999999776482582,-9.3100004196167,-0.1422652304172516,-0.0711326152086258,-13.098261833190918,0.28999999165534973,0.9100000262260437,0.009999999776482582,-12.4399995803833,0.08190198242664337,0.9204754829406738,1.0325456857681274,0.8299999833106995,-1.3799999952316284,-0.009999999776482582,12.039999961853027,0.728081226348877,-1.1979796886444092,18.217029571533203,-1.5199999809265137,0.05999999865889549,0.03999999910593033,-11.75,0.07257135212421417,0.036285676062107086,-2.4314322471618652,0.05000000074505806,1.0700000524520874,0.0,0.9399999976158142,-0.284753680229187,0.828811526298523,-24.118852615356445,1.1100000143051147,-1.3700000047683716,-0.009999999776482582,14.289999961853027,0.467940092086792,-1.2630150318145752,10.71349811553955,-2.0,-0.05000000074505806,-0.0,8.760000228881836,-0.018521234393119812,-0.009260617196559906,4.073938369750977,-0.18000000715255737,0.9300000071525574,-0.009999999776482582,-14.3100004196167,-0.09132824093103409,0.8771679401397705,-5.26820707321167,0.6899999976158142,-1.3799999952316284,0.0,11.880000114440918,1.0702409744262695,-1.112439751625061,26.756023406982422,-1.8200000524520874,-0.029999999329447746,0.009999999776482582,9.40999984741211,0.024405494332313538,0.012202747166156769,4.205275058746338,-0.12999999523162842,1.0800000429153442,0.0,0.9399999976158142,0.11482638120651245,0.9287065863609314,-15.129345893859863,0.800000011920929,-1.3700000047683716,-0.0,12.8100004196167,0.164838969707489,-1.3387902975082397,3.1209707260131836,-2.2100000381469727
605,224053,0.0,0.0,0.0,0.05999999865889549,-0.009999999776482582,-9.710000038146973,-0.1432226002216339,-0.07161130011081696,-13.146129608154297,0.2199999988079071,0.9100000262260437,0.009999999776482582,-12.420000076293945,0.08145757019519806,0.9203643798828125,1.0214353799819946,0.7900000214576721,-1.3799999952316284,0.0,12.630000114440918,0.7296462059020996,-1.1975884437561035,18.24115562438965,-1.4700000286102295,0.05999999865889549,0.009999999776482582,-11.760000228881836,0.07363063842058182,0.03681531921029091,-2.333467960357666,-0.05999999865889549,1.0700000524520874,0.009999999776482582,1.409999966621399,-0.285997211933136,0.8285006880760193,-24.164936065673828,1.1200000047683716,-1.3700000047683716,-0.0,14.149999618530273,0.4639286994934082,-1.2640178203582764,10.59821891784668,-1.940000057220459,-0.05000000074505806,0.0,8.630000114440918,-0.018606193363666534,-0.009303096681833267,4.069690227508545,-0.10000000149011612,0.9300000071525574,0.009999999776482582,-14.020000457763672,-0.09449633210897446,0.8763759136199951,-5.3774094581604,0.699999988079071,-1.3799999952316284,0.009999999776482582,11.640000343322754,1.0660988092422485,-1.1134753227233887,26.637468338012695,-1.8799999952316284,-0.029999999329447746,-0.009999999776482582,9.199999809265137,0.024826809763908386,0.012413404881954193,4.256340503692627,-0.05000000074505806,1.0800000429153442,0.009999999776482582,1.100000023841858,0.11381509900093079,0.9284537434577942,-15.16963005065918,0.7200000286102295,-1.3700000047683716,0.009999999776482582,12.829999923706055,0.16323041915893555,-1.3391923904418945,3.0657613277435303,-2.130000114440918
644,224661,0.0,0.0,0.0,0.05999999865889549,0.0,-9.5,-0.1438385397195816,-0.0719192698597908,-13.191926956176758,0.1599999964237213,0.9100000262260437,-0.009999999776482582,-12.199999809265137,0.08303502202033997,0.9207587242126465,1.0908697843551636,0.7400000095367432,-1.3799999952316284,0.0,13.289999961853027,0.7289987802505493,-1.1977503299713135,18.224966049194336,-1.350000023841858,0.05999999865889549,-0.009999999776482582,-11.680000305175781,0.07565923780202866,0.03782961890101433,-2.202037811279297,-0.11999999731779099,1.0700000524520874,0.009999999776482582,1.7799999713897705,-0.28727835416793823,0.8281803727149963,-24.19696807861328,1.090000033378601,-1.3700000047683716,-0.0,13.420000076293945,0.4662283658981323,-1.263442873954773,10.655713081359863,-1.8899999856948853,-0.05000000074505806,-0.0,8.859999656677246,-0.018407389521598816,-0.009203694760799408,4.079630374908447,-0.03999999910593033,0.9300000071525574,0.009999999776482582,-13.649999618530273,-0.09388010948896408,0.8765299320220947,-5.3620076179504395,0.5799999833106995,-1.3799999952316284,0.009999999776482582,11.890000343322754,1.0712101459503174,-1.1121973991394043,26.765260696411133,-1.7799999713897705,-0.029999999329447746,-0.0,9.529999732971191,0.023871377110481262,0.011935688555240631,4.193569183349609,0.009999999776482582,1.0800000429153442,-0.0,1.0,0.11518093943595886,0.9287952184677124,-15.120482444763184,0.7599999904632568,-1.3700000047683716,0.0,12.199999809265137,0.16098427772521973,-1.3397538661956787,3.024613857269287,-2.0199999809265137
664,224965,0.0,0.0,0.0,0.05999999865889549,-0.009999999776482582,-9.329999923706055,-0.14342555403709412,-0.07171277701854706,-13.156277656555176,0.25999999046325684,0.9100000262260437,-0.009999999776482582,-11.850000381469727,0.08204492926597595,0.9205111861228943,1.0661159753799438,0.7099999785423279,-1.3799999952316284,0.0,13.140000343322754,0.7276027202606201,-1.1980993747711182,18.190061569213867,-1.4299999475479126,0.05999999865889549,-0.009999999776482582,-11.649999618530273,0.07478783279657364,0.03739391639828682,-2.24560809135437,-0.07000000029802322,1.0700000524520874,-0.0,1.3200000524520874,-0.2863560616970062,0.8284109830856323,-24.158906936645508,1.090000033378601,-1.3700000047683716,0.009999999776482582,14.529999732971191,0.46487122774124146,-1.2637821435928345,10.606785774230957,-1.940000057220459,-0.05000000074505806,0.0,8.470000267028809,-0.01872365176677704,-0.00936182588338852,4.063817501068115,-0.12999999523162842,0.9300000071525574,-0.009999999776482582,-14.270000457763672,-0.09231532365083694,0.8769211173057556,-5.29288911819458,0.6299999952316284,-1.3799999952316284,0.009999999776482582,11.949999809265137,1.069361686706543,-1.1126595735549927,26.719043731689453,-1.8200000524520874,-0.029999999329447746,0.0,9.739999771118164,0.02431151270866394,0.01215575635433197,4.215575695037842,-0.07999999821186066,1.0800000429153442,-0.0,1.5,0.11484766751527786,0.9287118911743164,-15.128814697265625,0.7400000095367432,-1.3700000047683716,0.0,12.319999694824219,0.16235467791557312,-1.3394113779067993,3.0588626861572266,-2.0999999046325684
684,225269,0.0,0.0,0.0,0.05999999865889549,0.009999999776482582,-9.399999618530273,-0.14383335411548615,-0.07191667705774307,-13.20666790008545,0.20999999344348907,0.9100000262260437,-0.009999999776482582,-12.569999694824219,0.08284704387187958,0.9207117557525635,1.0861729383468628,0.6800000071525574,-1.3799999952316284,0.0,13.770000457763672,0.7284026145935059,-1.197899341583252,18.210065841674805,-1.4500000476837158,0.05999999865889549,0.019999999552965164,-11.789999961853027,0.0744110643863678,0.0372055321931839,-2.3094465732574463,-0.03999999910593033,1.0700000524520874,-0.0,1.659999966621399,-0.2874987721443176,0.8281252980232239,-24.187475204467773,1.1299999952316284,-1.3700000047683716,0.009999999776482582,14.329999923706055,0.46540170907974243,-1.263649582862854,10.620041847229004,-1.9600000381469727,-0.05000000074505806,0.009999999776482582,8.859999656677246,-0.018817052245140076,-0.009408526122570038,4.044147491455078,-0.11999999731779099,0.9300000071525574,0.009999999776482582,-14.0600004196167,-0.09328655153512955,0.8766783475875854,-5.347165584564209,0.6100000143051147,-1.3799999952316284,-0.009999999776482582,10.970000267028809,1.0682034492492676,-1.1129491329193115,26.72008514404297,-1.8200000524520874,-0.029999999329447746,-0.009999999776482582,9.5,0.024722903966903687,0.012361451983451843,4.251145362854004,-0.05000000074505806,1.0800000429153442,0.009999999776482582,1.4900000095367432,0.1129976212978363,0.9282493591308594,-15.190068244934082,0.7599999904632568,-1.3700000047683716,0.0,12.920000076293945,0.16369123756885529,-1.3390772342681885,3.0922770500183105,-2.0999999046325684
704,225573,0.0,0.0,0.0,0.05999999865889549,0.019999999552965164,-8.90999984741211,-0.14493876695632935,-0.07246938347816467,-13.276938438415527,0.3100000023841858,0.9100000262260437,0.009999999776482582,-12.489999771118164,0.08056049048900604,0.9201400876045227,0.9990061521530151,0.6299999952316284,-1.3799999952316284,0.0,11.579999923706055,0.727949857711792,-1.1980125904083252,18.198740005493164,-1.4199999570846558,0.05999999865889549,-0.0,-11.609999656677246,0.07558699697256088,0.03779349848628044,-2.2206499576568604,-0.03999999910593033,1.0700000524520874,0.0,1.2999999523162842,-0.28648895025253296,0.8283777236938477,-24.162233352661133,1.1799999475479126,-1.3700000047683716,0.009999999776482582,14.449999809265137,0.46477246284484863,-1.2638068199157715,10.604317665100098,-1.9800000190734863,-0.05000000074505806,0.009999999776482582,9.239999771118164,-0.019149035215377808,-0.009574517607688904,4.027548313140869,-0.14000000059604645,0.9300000071525574,-0.0,-14.270000457763672,-0.09263313561677933,0.87684166431427,-5.315834045410156,0.7200000286102295,-1.3799999952316284,-0.0,11.520000457763672,1.067895531654358,-1.1130261421203613,26.697385787963867,-1.899999976158142,-0.029999999329447746,-0.019999999552965164,9.489999771118164,0.02505301684141159,0.012526508420705795,4.282650947570801,-0.07000000029802322,1.0800000429153442,0.0,1.3300000429153442,0.11449418216943741,0.9286234974861145,-15.137654304504395,0.7400000095367432,-1.3700000047683716,-0.0,12.34000015258789,0.16297151148319244,-1.3392571210861206,3.0742883682250977,-2.1500000953674316
724,225877,0.0,0.0,0.0,0.05999999865889549,-0.019999999552965164,-9.5,-0.1428338885307312,-0.0714169442653656,-13.111695289611816,0.2199999988079071,0.9100000262260437,-0.009999999776482582,-12.109999656677246,0.08283849060535431,0.9207096099853516,1.0859583616256714,0.7200000286102295,-1.3799999952316284,-0.0,12.09000015258789,0.730420708656311,-1.197394847869873,18.260515213012695,-1.4500000476837158,0.05999999865889549,0.009999999776482582,-11.649999618530273,0.07342606782913208,0.03671303391456604,-2.3436965942382812,-0.019999999552965164,1.0700000524520874,-0.009999999776482582,1.7100000381469727,-0.2831854522228241,0.8292036056518555,-24.064645767211914,1.0499999523162842,-1.3700000047683716,-0.009999999776482582,13.6899995803833,0.466031014919281,-1.263492226600647,10.665778160095215,-1.8799999952316284,-0.05000000074505806,-0.009999999776482582,8.359999656677246,-0.017935171723365784,-0.008967585861682892,4.118241310119629,-0.11999999731779099,0.9300000071525574,0.009999999776482582,-13.989999771118164,-0.09325028210878372,0.8766874074935913,-5.346259593963623,0.7300000190734863,-1.3799999952316284,0.0,10.930000305175781,1.0690633058547974,-1.1127341985702515,26.726579666137695,-1.8899999856948853,-0.029999999329447746,0.009999999776482582,9.319999694824219,0.02405369281768799,0.012026846408843994,4.187685012817383,-0.03999999910593033,1.0800000429153442,0.019999999552965164,1.0499999523162842,0.11282159388065338,0.9282053709030151,-15.209466934204102,0.7400000095367432,-1.3700000047683716,-0.009999999776482582,12.569999694824219,0.16448280215263367,-1.3388793468475342,3.127065896987915,-2.059999942779541
744,226181,0.0,0.0,0.0,0.05999999865889549,0.0,-9.449999809265137,-0.14374186098575592,-0.07187093049287796,-13.187092781066895,0.23999999463558197,0.9100000262260437,0.0,-12.279999732971191,0.08159071207046509,0.9203976392745972,1.0397613048553467,0.7699999809265137,-1.3799999952316284,-0.0,13.390000343322754,0.7288970947265625,-1.1977757215499878,18.222427368164062,-1.4299999475479126,0.05999999865889549,0.019999999552965164,-11.4399995803833,0.07366156578063965,0.036830782890319824,-2.346921443939209,-0.10000000149011612,1.0700000524520874,-0.009999999776482582,1.8600000143051147,-0.28377774357795715,0.8290555477142334,-24.079450607299805,1.149999976158142,-1.3700000047683716,0.0,14.279999732971191,0.4662376642227173,-1.2634406089782715,10.655939102172852,-1.9299999475479126,-0.05000000074505806,0.009999999776482582,9.050000190734863,-0.018922388553619385,-0.009461194276809692,4.038880825042725,-0.12999999523162842,0.9300000071525574,-0.009999999776482582,-13.880000114440918,-0.0910528376698494,0.8772367835044861,-5.261322498321533,0.6800000071525574,-1.3799999952316284,-0.009999999776482582,11.479999542236328,1.067981243133545,-1.1130046844482422,26.71453094482422,-1.8600000143051147,-0.029999999329447746,-0.0,9.609999656677246,0.02484918385744095,0.012424591928720474,4.242458820343018,-0.009999999776482582,1.0800000429153442,0.009999999776482582,1.2300000190734863,0.11334943771362305,0.9283373355865479,-15.18127155303955,0.7099999785423279,-1.3700000047683716,-0.009999999776482582,13.140000343322754,0.1663663238286972,-1.3384084701538086,3.1741535663604736,-2.059999942779541
764,226485,0.0,0.0,0.0,0.05999999865889549,0.0,-10.0,-0.1433851420879364,-0.0716925710439682,-13.169257164001465,0.2199999988079071,0.9100000262260437,-0.009999999776482582,-12.069999694824219,0.0828113704919815,0.9207028150558472,1.085278868675232,0.7799999713897705,-1.3799999952316284,0.0,12.039999961853027,0.7277251482009888,-1.1980687379837036,18.193126678466797,-1.399999976158142,0.05999999865889549,0.009999999776482582,-11.359999656677246,0.07449452579021454,0.03724726289510727,-2.290273666381836,-0.09000000357627869,1.0700000524520874,-0.019999999552965164,1.4500000476837158,-0.2830885350704193,0.829227864742279,-24.047218322753906,1.090000033378601,-1.3700000047683716,-0.009999999776482582,14.140000343322754,0.46597230434417725,-1.2635068893432617,10.664311408996582,-1.8899999856948853,-0.05000000074505806,0.009999999776482582,8.729999542236328,-0.019355759024620056,-0.009677879512310028,4.017212390899658,-0.09000000357627869,0.9300000071525574,0.009999999776482582,-14.010000228881836,-0.09275306016206741,0.876811683177948,-5.333832263946533,0.6800000071525574,-1.3799999952316284,-0.009999999776482582,12.15999984741211,1.0696889162063599,-1.1125777959823608,26.757219314575195,-1.850000023841858,-0.029999999329447746,-0.019999999552965164,9.390000343322754,0.02504485845565796,0.01252242922782898,4.282243251800537,-0.019999999552965164,1.0800000429153442,-0.0,1.1200000047683716,0.11435255408287048,0.9285880923271179,-15.141195297241211,0.7099999785423279,-1.3700000047683716,-0.0,12.859999656677246,0.16285032033920288,-1.3392874002456665,3.071260452270508,-2.0299999713897705
784,226804,0.0,0.0,0.0,0.05999999865889549,0.0,-9.59000015258789,-0.14394590258598328,-0.07197295129299164,-13.197295188903809,0.18000000715255737,0.9100000262260437,-0.009999999776482582,-12.350000381469727,0.08322979509830475,0.920807421207428,1.095739483833313,0.7200000286102295,-1.3799999952316284,0.0,13.579999923706055,0.7291274070739746,-1.1977181434631348,18.228185653686523,-1.350000023841858,0.05999999865889549,-0.009999999776482582,-11.369999885559082,0.07523760944604874,0.03761880472302437,-2.2231192588806152,-0.07999999821186066,1.0700000524520874,0.009999999776482582,2.0799999237060547,-0.28609025478363037,0.8284773826599121,-24.167266845703125,1.100000023841858,-1.3700000047683716,0.009999999776482582,13.880000114440918,0.4652339816093445,-1.2636915445327759,10.615845680236816,-1.899999976158142,-0.05000000074505806,-0.0,9.010000228881836,-0.01808488368988037,-0.009042441844940186,4.0957560539245605,-0.07000000029802322,0.9300000071525574,-0.009999999776482582,-14.210000038146973,-0.09167469292879105,0.8770812749862671,-5.2768731117248535,0.6000000238418579,-1.3799999952316284,0.0,11.710000038146973,1.070193886756897,-1.1124515533447266,26.754844665527344,-1.7999999523162842,-0.029999999329447746,0.009999999776482582,9.25,0.02375832200050354,0.01187916100025177,4.172916412353516,-0.0,1.0800000429153442,0.009999999776482582,1.3200000524520874,0.11356016993522644,0.9283900260925293,-15.17600154876709,0.7699999809265137,-1.3700000047683716,0.0,12.720000267028809,0.16238565742969513,-1.3394036293029785,3.0596375465393066,-2.0399999618530273
804,227108,0.0,0.0,0.0,0.05999999865889549,-0.0,-9.550000190734863,-0.14393603801727295,-0.07196801900863647,-13.196802139282227,0.23000000417232513,0.9100000262260437,0.019999999552965164,-12.289999961853027,0.07871682941913605,0.9196791648864746,0.9379138946533203,0.6700000166893005,-1.3799999952316284,0.019999999552965164,13.069999694824219,0.7263771295547485,-1.1984057426452637,18.129425048828125,-1.3899999856948853,0.05999999865889549,-0.029999999329447746,-11.649999618530273,0.07718830555677414,0.03859415277838707,-2.0955843925476074,-0.03999999910593033,1.0700000524520874,-0.0,1.4700000286102295,-0.28477779030799866,0.8288055062294006,-24.119455337524414,1.0800000429153442,-1.3700000047683716,-0.0,14.65999984741211,0.46534162759780884,-1.2636646032333374,10.633540153503418,-1.9199999570846558,-0.05000000074505806,-0.0,8.800000190734863,-0.018385939300060272,-0.009192969650030136,4.080703258514404,-0.10000000149011612,0.9300000071525574,-0.009999999776482582,-14.020000457763672,-0.09100914746522903,0.87724769115448,-5.2602314949035645,0.6200000047683716,-1.3799999952316284,-0.009999999776482582,11.65999984741211,1.0710400342941284,-1.112239956855774,26.791004180908203,-1.8200000524520874,-0.029999999329447746,0.0,9.710000038146973,0.022921234369277954,0.011460617184638977,4.146061897277832,-0.05999999865889549,1.0800000429153442,0.009999999776482582,0.9800000190734863,0.11398102343082428,0.9284952282905579,-15.165481567382812,0.7699999809265137,-1.3700000047683716,0.009999999776482582,13.970000267028809,0.1581411063671112,-1.34046471118927,2.9385292530059814,-2.059999942779541
824,227412,0.0,0.0,0.0,0.05999999865889549,0.009999999776482582,-9.470000267028809,-0.14480887353420258,-0.07240443676710129,-13.255443572998047,0.20000000298023224,0.9100000262260437,0.009999999776482582,-12.40999984741211,0.07997402548789978,0.9199934601783752,0.984343409538269,0.6700000166893005,-1.3799999952316284,-0.0,13.609999656677246,0.730013370513916,-1.1974966526031494,18.250333786010742,-1.440000057220459,0.05999999865889549,-0.009999999776482582,-11.6899995803833,0.07528989017009735,0.037644945085048676,-2.2205052375793457,-0.019999999552965164,1.0700000524520874,-0.009999999776482582,2.049999952316284,-0.28428012132644653,0.8289299607276917,-24.092010498046875,1.059999942779541,-1.3700000047683716,0.0,15.010000228881836,0.46517831087112427,-1.2637053728103638,10.629463195800781,-1.909999966621399,-0.05000000074505806,-0.0,8.779999732971191,-0.019215762615203857,-0.009607881307601929,4.039211750030518,-0.09000000357627869,0.9300000071525574,0.009999999776482582,-14.140000343322754,-0.09298767894506454,0.876753032207489,-5.339697360992432,0.6399999856948853,-1.3799999952316284,-0.0,12.09000015258789,1.0684490203857422,-1.1128877401351929,26.711225509643555,-1.8300000429153442,-0.029999999329447746,-0.019999999552965164,9.329999923706055,0.025279909372329712,0.012639954686164856,4.2939958572387695,-0.07999999821186066,1.0800000429153442,-0.009999999776482582,1.5399999618530273,0.115102618932724,0.9287756085395813,-15.107442855834961,0.75,-1.3700000047683716,-0.009999999776482582,13.609999656677246,0.16518454253673553,-1.3387038707733154,3.14461350440979,-2.059999942779541
844,227716,0.0,0.0,0.0,0.05999999865889549,-0.009999999776482582,-9.65999984741211,-0.14380598068237305,-0.07190299034118652,-13.175298690795898,0.25,0.9100000262260437,0.009999999776482582,-12.34000015258789,0.0808885246515274,0.9202221035957336,1.0072077512741089,0.6100000143051147,-1.3799999952316284,-0.009999999776482582,13.210000038146973,0.7308804988861084,-1.197279930114746,18.287006378173828,-1.4500000476837158,0.05999999865889549,-0.009999999776482582,-11.710000038146973,0.07501339912414551,0.037506699562072754,-2.2343297004699707,-0.029999999329447746,1.0700000524520874,0.009999999776482582,1.350000023841858,-0.287190705537796,0.8282023072242737,-24.194774627685547,1.1299999952316284,-1.3700000047683716,0.009999999776482582,14.039999961853027,0.4646265506744385,-1.263843297958374,10.60067081451416,-1.9600000381469727,-0.05000000074505806,0.009999999776482582,8.710000038146973,-0.018755808472633362,-0.009377904236316681,4.047209739685059,-0.10999999940395355,0.9300000071525574,0.009999999776482582,-14.100000381469727,-0.09248008579015732,0.8768799304962158,-5.32700777053833,0.6399999856948853,-1.3799999952316284,-0.009999999776482582,11.859999656677246,1.0688284635543823,-1.1127928495407104,26.735713958740234,-1.8700000047683716,-0.029999999329447746,-0.0,9.350000381469727,0.02428196370601654,0.01214098185300827,4.2140984535217285,-0.10000000149011612,1.0800000429153442,0.0,1.1200000047683716,0.11455950140953064,0.928639829158783,-15.136021614074707,0.7400000095367432,-1.3700000047683716,-0.019999999552965164,12.619999885559082,0.16540980339050293,-1.3386476039886475,3.1652400493621826,-2.119999885559082
865,228035,0.0,0.0,0.0,0.05999999865889549,0.019999999552965164,-9.5600004196167,-0.1449899673461914,-0.0724949836730957,-13.279498100280762,0.20000000298023224,0.9100000262260437,-0.009999999776482582,-12.220000267028809,0.08271002769470215,0.9206774830818176,1.0827456712722778,0.6499999761581421,-1.3799999952316284,-0.0,14.09000015258789,0.7283427715301514,-1.1979143619537354,18.20856285095215,-1.399999976158142,0.05999999865889549,0.009999999776482582,-11.729999542236328,0.07442975044250488,0.03721487522125244,-2.2935123443603516,-0.05999999865889549,1.0700000524520874,-0.0,1.809999942779541,-0.28520822525024414,0.828697919845581,-24.130212783813477,1.090000033378601,-1.3700000047683716,-0.009999999776482582,14.15999984741211,0.46687811613082886,-1.2632805109024048,10.686949729919434,-1.9199999570846558,-0.05000000074505806,-0.0,9.609999656677246,-0.018487319350242615,-0.009243659675121307,4.075634002685547,-0.09000000357627869,0.9300000071525574,-0.009999999776482582,-14.020000457763672,-0.09088141471147537,0.8772796392440796,-5.2570366859436035,0.6800000071525574,-1.3799999952316284,-0.0,11.350000381469727,1.069947361946106,-1.1125131845474243,26.748680114746094,-1.8600000143051147,-0.029999999329447746,0.0,9.350000381469727,0.024888984858989716,0.012444492429494858,4.244449138641357,-0.019999999552965164,1.0800000429153442,0.009999999776482582,0.7599999904632568,0.11424537003040314,0.9285613298416138,-15.1588716506958,0.7300000190734863,-1.3700000047683716,-0.009999999776482582,13.020000457763672,0.16584080457687378,-1.3385398387908936,3.1610167026519775,-2.049999952316284
885,228339,0.0,0.0,0.0,0.05999999865889549,0.009999999776482582,-9.420000076293945,-0.14421053230762482,-0.07210526615381241,-13.225526809692383,0.2199999988079071,0.9100000262260437,-0.009999999776482582,-12.350000381469727,0.08206047117710114,0.9205151200294495,1.0665093660354614,0.6700000166893005,-1.3799999952316284,0.009999999776482582,13.579999923706055,0.7259188890457153,-1.198520302772522,18.13296890258789,-1.3700000047683716,0.05999999865889549,-0.009999999776482582,-11.640000343322754,0.07533683627843857,0.037668418139219284,-2.218158006668091,-0.07000000029802322,1.0700000524520874,-0.0,1.690000057220459,-0.28558292984962463,0.8286042213439941,-24.139583587646484,1.159999966621399,-1.3700000047683716,-0.0,13.510000228881836,0.4655073881149292,-1.2636231184005737,10.637688636779785,-1.940000057220459,-0.05000000074505806,0.019999999552965164,8.760000228881836,-0.018887467682361603,-0.009443733841180801,4.0256266593933105,-0.10999999940395355,0.9300000071525574,-0.0,-14.069999694824219,-0.09297842532396317,0.8767553567886353,-5.324464797973633,0.6600000262260437,-1.3799999952316284,0.009999999776482582,11.729999542236328,1.067872166633606,-1.1130319833755493,26.681800842285156,-1.8600000143051147,-0.029999999329447746,0.019999999552965164,8.979999542236328,0.02388601005077362,0.01194300502538681,4.164300441741943,-0.009999999776482582,1.0800000429153442,-0.019999999552965164,0.6600000262260437,0.11549092829227448,0.9288727045059204,-15.082734107971191,0.7300000190734863,-1.3700000047683716,-0.0,11.5600004196167,0.16507866978645325,-1.3387303352355957,3.126966953277588,-2.059999942779541
905,228643,0.0,0.0,0.0,0.05999999865889549,-0.0,-9.600000381469727,-0.1450948566198349,-0.07254742830991745,-13.254742622375488,0.20000000298023224,0.9100000262260437,-0.009999999776482582,-12.260000228881836,0.08309024572372437,0.9207725524902344,1.0922526121139526,0.6800000071525574,-1.3799999952316284,-0.0,14.720000267028809,0.7324808835983276,-1.1968797445297241,18.31202507019043,-1.350000023841858,0.05999999865889549,0.0,-11.5600004196167,0.07463933527469635,0.037319667637348175,-2.268033027648926,-0.05999999865889549,1.0700000524520874,0.0,1.2799999713897705,-0.28536564111709595,0.8286585807800293,-24.13414764404297,1.1299999952316284,-1.3700000047683716,0.009999999776482582,13.569999694824219,0.46345287561416626,-1.264136791229248,10.571320533752441,-1.9199999570846558,-0.05000000074505806,-0.019999999552965164,8.680000305175781,-0.018282011151313782,-0.009141005575656891,4.115899562835693,-0.10999999940395355,0.9300000071525574,-0.009999999776482582,-14.119999885559082,-0.0907423123717308,0.8773143887519836,-5.253561973571777,0.6700000166893005,-1.3799999952316284,0.009999999776482582,11.34000015258789,1.0714670419692993,-1.112133264541626,26.77167320251465,-1.850000023841858,-0.029999999329447746,-0.029999999329447746,9.5,0.02560785412788391,0.012803927063941956,4.325392723083496,0.009999999776482582,1.0800000429153442,0.009999999776482582,0.4099999964237213,0.11421672999858856,0.9285541772842407,-15.159586906433105,0.7400000095367432,-1.3700000047683716,-0.009999999776482582,12.40999984741211,0.16395309567451477,-1.3390116691589355,3.1138336658477783,-2.0399999618530273
925,228947,0.0,0.0,0.0,0.05999999865889549,-0.0,-9.350000381469727,-0.14432892203330994,-0.07216446101665497,-13.216445922851562,0.20000000298023224,0.9100000262260437,0.009999999776482582,-12.039999961853027,0.08020888268947601,0.920052170753479,0.990214467048645,0.6700000166893005,-1.3799999952316284,-0.009999999776482582,14.0600004196167,0.727771520614624,-1.1980571746826172,18.20928192138672,-1.350000023841858,0.05999999865889549,-0.029999999329447746,-11.229999542236328,0.07603215426206589,0.038016077131032944,-2.1533920764923096,-0.05000000074505806,1.0700000524520874,0.019999999552965164,1.4900000095367432,-0.2873237431049347,0.828169047832489,-24.21310043334961,1.100000023841858,-1.3700000047683716,-0.0,13.90999984741211,0.46844160556793213,-1.2628896236419678,10.711038589477539,-1.909999966621399,-0.05000000074505806,0.009999999776482582,8.539999961853027,-0.018015339970588684,-0.009007669985294342,4.084233283996582,-0.07999999821186066,0.9300000071525574,-0.019999999552965164,-14.029999732971191,-0.09106846898794174,0.8772328495979309,-5.246715545654297,0.6399999856948853,-1.3799999952316284,0.0,12.649999618530273,1.0708342790603638,-1.1122914552688599,26.770854949951172,-1.809999942779541,-0.029999999329447746,0.029999999329447746,8.869999885559082,0.022865980863571167,0.011432990431785583,4.098299026489258,-0.029999999329447746,1.0800000429153442,0.009999999776482582,0.8799999952316284,0.11414265632629395,0.9285356402397156,-15.1614408493042,0.75,-1.3700000047683716,-0.0,12.380000114440918,0.1625613272190094,-1.3393596410751343,3.0640363693237305,-2.0399999618530273
945,229251,0.0,0.0,0.0,0.05999999865889549,-0.009999999776482582,-9.670000076293945,-0.14303305745124817,-0.07151652872562408,-13.136652946472168,0.1899999976158142,0.9100000262260437,0.009999999776482582,-12.399999618530273,0.08108220994472504,0.9202705025672913,1.0120476484298706,0.6399999856948853,-1.3799999952316284,-0.009999999776482582,12.569999694824219,0.7297470569610596,-1.1975631713867188,18.258682250976562,-1.3799999952316284,0.05999999865889549,0.019999999552965164,-11.369999885559082,0.07288971543312073,0.036444857716560364,-2.3855140209198,-0.029999999329447746,1.0700000524520874,0.009999999776482582,1.5,-0.286540687084198,0.8283647894859314,-24.178525924682617,1.0700000524520874,-1.3700000047683716,0.0,14.510000228881836,0.46523594856262207,-1.2636909484863281,10.630905151367188,-1.909999966621399,-0.05000000074505806,-0.0,8.489999771118164,-0.018068231642246246,-0.009034115821123123,4.096588611602783,-0.07999999821186066,0.9300000071525574,-0.009999999776482582,-14.0,-0.09072764962911606,0.8773180842399597,-5.25319242477417,0.6100000143051147,-1.3799999952316284,-0.0,12.069999694824219,1.068333625793457,-1.1129165887832642,26.70833969116211,-1.809999942779541,-0.029999999329447746,0.019999999552965164,9.119999885559082,0.02415981888771057,0.012079909443855286,4.177990913391113,-0.05000000074505806,1.0800000429153442,-0.019999999552965164,1.6100000143051147,0.11581039428710938,0.9289525747299194,-15.074747085571289,0.7699999809265137,-1.3700000047683716,0.0,11.710000038146973,0.16829892992973328,-1.3379253149032593,3.2074689865112305,-2.049999952316284
965,229555,0.0,0.0,0.0,0.05999999865889549,-0.009999999776482582,-9.430000305175781,-0.1438198983669281,-0.07190994918346405,-13.175994873046875,0.20000000298023224,0.9100000262260437,0.0,-12.020000457763672,0.08147351443767548,0.9203683733940125,1.036834716796875,0.6499999761581421,-1.3799999952316284,-0.009999999776482582,13.890000343322754,0.7300875186920166,-1.1974780559539795,18.267192840576172,-1.409999966621399,0.05999999865889549,-0.019999999552965164,-11.779999732971191,0.07507815957069397,0.037539079785346985,-2.2160918712615967,-0.029999999329447746,1.0700000524520874,0.009999999776482582,0.8899999856948853,-0.2860061228275299,0.8284984230995178,-24.165163040161133,1.0499999523162842,-1.3700000047683716,-0.009999999776482582,14.3100004196167,0.46439075469970703,-1.2639023065567017,10.624770164489746,-1.8899999856948853,-0.05000000074505806,0.0,8.800000190734863,-0.018581777811050415,-0.009290888905525208,4.070911407470703,-0.07999999821186066,0.9300000071525574,-0.0,-14.100000381469727,-0.09174617379903793,0.8770634531974792,-5.2936553955078125,0.6299999952316284,-1.3799999952316284,-0.0,12.4399995803833,1.0702370405197144,-1.1124407052993774,26.75592803955078,-1.8200000524520874,-0.029999999329447746,0.0,9.800000190734863,0.02432495355606079,0.012162476778030396,4.21624755859375,-0.07000000029802322,1.0800000429153442,-0.019999999552965164,1.2100000381469727,0.11542670428752899,0.9288566708564758,-15.08433723449707,0.75,-1.3700000047683716,0.009999999776482582,12.729999542236328,0.16407108306884766,-1.3389822244644165,3.086777925491333,-2.0399999618530273
985,229859,0.0,0.0,0.0,0.05999999865889549,0.009999999776482582,-9.539999961853027,-0.14424572885036469,-0.07212286442518234,-13.227286338806152,0.2199999988079071,0.9100000262260437,0.009999999776482582,-12.25,0.07968713343143463,0.9199217557907104,0.9771729707717896,0.6100000143051147,-1.3799999952316284,0.0,11.760000228881836,0.7266569137573242,-1.1983357667922974,18.166423797607422,-1.4199999570846558,0.05999999865889549,-0.0,-11.229999542236328,0.07530023157596588,0.03765011578798294,-2.234988212585449,-0.029999999329447746,1.0700000524520874,-0.009999999776482582,1.9299999475479126,-0.28332075476646423,0.8291698098182678,-24.068025588989258,1.0700000524520874,-1.3700000047683716,-0.009999999776482582,13.300000190734863,0.4667261242866516,-1.263318419456482,10.683158874511719,-1.9199999570846558,-0.05000000074505806,0.009999999776482582,8.829999923706055,-0.018501371145248413,-0.009250685572624207,4.059931755065918,-0.09000000357627869,0.9300000071525574,-0.009999999776482582,-13.979999542236328,-0.09157422930002213,0.8771064281463623,-5.27435827255249,0.6299999952316284,-1.3799999952316284,-0.0,11.5,1.0678101778030396,-1.113047480583191,26.69525146484375,-1.850000023841858,-0.029999999329447746,0.019999999552965164,9.470000267028809,0.023750022053718567,0.011875011026859283,4.157501220703125,-0.09000000357627869,1.0800000429153442,-0.0,0.9599999785423279,0.11422254145145416,0.9285556077957153,-15.14444351196289,0.75,-1.3700000047683716,0.009999999776482582,12.899999618530273,0.16472220420837402,-1.3388195037841797,3.1030499935150146,-2.0799999237060547
1005,230163,0.0,0.0,0.0,0.05999999865889549,-0.009999999776482582,-9.6899995803833,-0.14330054819583893,-0.07165027409791946,-13.150026321411133,0.20999999344348907,0.9100000262260437,0.009999999776482582,-12.010000228881836,0.08030848205089569,0.9200770854949951,0.9927059412002563,0.5699999928474426,-1.3799999952316284,-0.009999999776482582,14.199999809265137,0.7275723218917847,-1.1981068849563599,18.20431137084961,-1.3899999856948853,0.05999999865889549,-0.009999999776482582,-11.300000190734863,0.07469956576824188,0.03734978288412094,-2.250021457672119,-0.029999999329447746,1.0700000524520874,-0.0,1.090000033378601,-0.2841565012931824,0.8289608359336853,-24.10392189025879,1.1100000143051147,-1.3700000047683716,-0.009999999776482582,13.460000038146973,0.46737295389175415,-1.263156771659851,10.699323654174805,-1.9299999475479126,-0.05000000074505806,0.019999999552965164,8.449999809265137,-0.01875986158847809,-0.009379930794239044,4.032006740570068,-0.09000000357627869,0.9300000071525574,0.0,-14.25,-0.09240112453699112,0.8768997192382812,-5.310029029846191,0.6399999856948853,-1.3799999952316284,0.0,10.899999618530273,1.0683170557022095,-1.1129207611083984,26.707923889160156,-1.850000023841858,-0.029999999329447746,0.029999999329447746,9.220000267028809,0.023482605814933777,0.011741302907466888,4.1291303634643555,-0.05000000074505806,1.0800000429153442,-0.009999999776482582,0.36000001430511475,0.11599473655223846,0.9289986491203308,-15.085139274597168,0.75,-1.3700000047683716,-0.009999999776482582,11.630000114440918,0.1666547656059265,-1.3383363485336304,3.181365728378296,-2.0799999237060547
1025,230482,0.0,0.0,1.5499999523162842,0.05999999865889549,-0.009999999776482582,-9.40999984741211,-0.6567746996879578,-0.3283873498439789,-38.823734283447266,0.23000000417232513,0.9100000262260437,0.009999999776482582,-12.229999542236328,-0.4793930649757385,0.7801517248153687,-12.99983024597168,0.5899999737739563,-1.3799999952316284,0.0,12.75,0.44798579812049866,-1.2680035829544067,11.199641227722168,-1.3600000143051147,0.05999999865889549,-0.009999999776482582,-11.380000114440918,-0.2083578258752823,-0.10417891293764114,-16.402891159057617,-0.05000000074505806,1.0700000524520874,0.009999999776482582,1.6100000143051147,0.37899306416511536,0.9947482347488403,-7.540181636810303,1.1299999952316284,-1.3700000047683716,-0.009999999776482582,13.449999809265137,0.5033214092254639,-1.2541697025299072,11.598031044006348,-1.940000057220459,-0.05000000074505806,-0.019999999552965164,8.680000305175781,0.4638357162475586,0.2319178581237793,28.22178840637207,-0.09000000357627869,0.9300000071525574,-0.009999999776482582,-13.819999694824219,-0.7473025321960449,0.7131743431091309,-21.667566299438477,0.6399999856948853,-1.3799999952316284,0.009999999776482582,11.319999694824219,0.3797883689403534,-1.2850528955459595,9.47970962524414,-1.840000033378601,-0.029999999329447746,-0.009999999776482582,9.270000457763672,0.3431963622570038,0.1715981811285019,20.17481803894043,-0.05000000074505806,1.0800000429153442,0.0,1.2000000476837158,0.4845339059829712,1.0211334228515625,-5.886662006378174,0.75,-1.3700000047683716,0.0,13.15999984741211,0.1691727638244629,-1.3377068042755127,3.2293200492858887,-2.0799999237060547
1045,230786,0.0,0.0,0.0,0.05999999865889549,-0.009999999776482582,-9.319999694824219,-1.0691936016082764,-0.5345968008041382,-59.444679260253906,0.20999999344348907,0.9100000262260437,0.009999999776482582,-12.600000381469727,-1.2713892459869385,0.5821526646614075,-32.79973602294922,0.5799999833106995,-1.3799999952316284,0.0,13.279999732971191,0.8795325756072998,-1.1601169109344482,21.98830795288086,-1.340000033378601,0.05999999865889549,-0.009999999776482582,-11.720000267028809,0.049065619707107544,0.024532809853553772,-3.5317187309265137,-0.03999999910593033,1.0700000524520874,0.0,1.1200000047683716,2.114899158477783,1.428724765777588,35.87247085571289,1.1200000047683716,-1.3700000047683716,-0.009999999776482582,14.239999771118164,-1.1874721050262451,-1.676867961883545,-30.671796798706055,-1.9299999475479126,-0.05000000074505806,0.009999999776482582,8.8100004196167,-0.14171220362186432,-0.07085610181093216,-2.1006102561950684,-0.10000000149011612,0.9300000071525574,-0.009999999776482582,-14.0600004196167,0.8024023771286011,1.1006006002426147,17.075057983398438,0.6399999856948853,-1.3799999952316284,0.0,11.630000114440918,-1.2727502584457397,-1.6981875896453857,-31.81875991821289,-1.840000033378601,-0.029999999329447746,0.019999999552965164,9.300000190734863,1.2140169143676758,0.6070084571838379,63.67084503173828,-0.019999999552965164,1.0800000429153442,0.009999999776482582,1.1399999856948853,0.7728400826454163,1.093209981918335,1.305993914604187,0.7599999904632568,-1.3700000047683716,0.0,12.680000305175781,2.007805109024048,-0.8780487179756165,49.19512939453125,-2.069999933242798
1065,231090,0.0,0.0,0.0,0.05999999865889549,-0.009999999776482582,-9.369999885559082,-0.5993859767913818,-0.2996929883956909,-35.95429992675781,0.20999999344348907,0.9100000262260437,-0.009999999776482582,-11.930000305175781,-0.6551879644393921,0.7362029552459717,-17.364707946777344,0.6100000143051147,-1.3799999952316284,-0.009999999776482582,13.40999984741211,0.9433796405792236,-1.1441550254821777,23.599496841430664,-1.340000033378601,0.05999999865889549,-0.0,-11.430000305175781,-0.003266364336013794,-0.001633182168006897,-6.163318157196045,-0.03999999910593033,1.0700000524520874,-0.009999999776482582,1.8600000143051147,0.8171902894973755,1.1042975187301636,3.444746732711792,1.1100000143051147,-1.3700000047683716,-0.0,14.239999771118164,-0.8080028295516968,-1.582000732421875,-21.2000732421875,-1.9199999570846558,-0.05000000074505806,-0.009999999776482582,8.720000267028809,-0.07217654585838318,-0.03608827292919159,1.406172752380371,-0.07999999821186066,0.9300000071525574,-0.009999999776482582,-14.079999923706055,0.25669869780540466,0.9641746282577515,3.432462215423584,0.6399999856948853,-1.3799999952316284,0.0,12.720000267028809,-0.09344049543142319,-1.40336012840271,-2.3360133171081543,-1.8200000524520874,-0.029999999329447746,-0.009999999776482582,9.430000305175781,0.84306800365448,0.42153400182724,45.168399810791016,-0.03999999910593033,1.0800000429153442,0.009999999776482582,0.7300000190734863,0.5414770245552063,1.0353692770004272,-4.478076457977295,0.75,-1.3700000047683716,-0.009999999776482582,12.869999885559082,1.651341199874878,-0.9671646952629089,40.29853057861328,-2.049999952316284
1085,231394,0.0,0.0,0.0,0.05999999865889549,0.009999999776482582,-9.449999809265137,-0.6087736487388611,-0.30438682436943054,-36.45368194580078,0.1899999976158142,0.9100000262260437,0.009999999776482582,-12.210000038146973,-0.581168532371521,0.7547078132629395,-15.544221878051758,0.6100000143051147,-1.3799999952316284,-0.0,13.399999618530273,0.9584115743637085,-1.140397071838379,23.96029281616211,-1.340000033378601,0.05999999865889549,-0.009999999776482582,-11.859999656677246,-0.01012352854013443,-0.005061764270067215,-6.491176605224609,-0.03999999910593033,1.0700000524520874,0.009999999776482582,1.409999966621399,0.8740965127944946,1.1185240745544434,4.83740234375,1.059999942779541,-1.3700000047683716,0.0,14.4399995803833,-0.8331972360610962,-1.58829927444458,-21.829927444458008,-1.899999976158142,-0.05000000074505806,0.009999999776482582,8.5600004196167,-0.06796342879533768,-0.03398171439766884,1.586828589439392,-0.07000000029802322,0.9300000071525574,-0.0,-14.100000381469727,0.23671215772628784,0.9591780304908752,2.917802333831787,0.6200000047683716,-1.3799999952316284,0.009999999776482582,11.680000305175781,-0.14110919833183289,-1.4152772426605225,-3.542724847793579,-1.809999942779541,-0.029999999329447746,-0.009999999776482582,9.329999923706055,0.8273773193359375,0.41368865966796875,44.38386535644531,-0.05000000074505806,1.0800000429153442,0.009999999776482582,1.1299999952316284,0.5711174607276917,1.0427793264389038,-3.7370717525482178,0.7599999904632568,-1.3700000047683716,-0.0,12.6899995803833,1.6670165061950684,-0.9632458686828613,40.6754150390625,-2.0399999618530273
1105,231698,0.0,0.0,0.0,0.05999999865889549,-0.009999999776482582,-9.579999923706055,-0.6137838959693909,-0.30689194798469543,-36.6741943359375,0.1899999976158142,0.9100000262260437,-0.009999999776482582,-11.699999809265137,-0.5686946511268616,0.7578263282775879,-15.202369689941406,0.5899999737739563,-1.3799999952316284,0.009999999776482582,13.170000076293945,0.9630187749862671,-1.1392452716827393,24.06047248840332,-1.3600000143051147,0.05999999865889549,0.009999999776482582,-11.890000343322754,-0.013282567262649536,-0.006641283631324768,-6.679128646850586,-0.029999999329447746,1.0700000524520874,0.0,2.180000066757202,0.879845380783081,1.1199612617492676,4.996120929718018,1.0700000524520874,-1.3700000047683716,0.019999999552965164,14.350000381469727,-0.831066906452179,-1.5877667665481567,-21.806676864624023,-1.899999976158142,-0.05000000074505806,-0.0,8.859999656677246,-0.06310779601335526,-0.03155389800667763,1.8446102142333984,-0.07000000029802322,0.9300000071525574,0.0,-13.84000015258789,0.23316285014152527,0.958290696144104,2.829068899154663,0.6000000238418579,-1.3799999952316284,0.0,11.010000228881836,-0.1457487791776657,-1.4164371490478516,-3.6437153816223145,-1.8200000524520874,-0.029999999329447746,0.009999999776482582,9.029999732971191,0.8204342126846313,0.4102171063423157,44.006710052490234,-0.05999999865889549,1.0800000429153442,0.0,1.2100000381469727,0.5751009583473206,1.043775200843811,-3.6224842071533203,0.75,-1.3700000047683716,-0.009999999776482582,12.979999542236328,1.659254550933838,-0.965186357498169,40.49636459350586,-2.0399999618530273
1125,232002,0.0,0.0,0.0,0.05999999865889549,-0.0,-9.960000038146973,-0.619345486164093,-0.3096727430820465,-36.9672737121582,0.20999999344348907,0.9100000262260437,-0.009999999776482582,-12.34000015258789,-0.5703595876693726,0.7574100494384766,-15.243997573852539,0.5899999737739563,-1.3799999952316284,-0.0,12.9399995803833,0.9598695039749146,-1.1400326490402222,23.996734619140625,-1.3799999952316284,0.05999999865889549,-0.009999999776482582,-11.670000076293945,-0.013234339654445648,-0.006617169827222824,-6.646717071533203,-0.029999999329447746,1.0700000524520874,0.009999999776482582,1.3700000047683716,0.876020610332489,1.1190050840377808,4.88550329208374,1.059999942779541,-1.3700000047683716,0.0,13.550000190734863,-0.8299233317375183,-1.5874807834625244,-21.748077392578125,-1.899999976158142,-0.05000000074505806,0.029999999329447746,8.550000190734863,-0.06359396874904633,-0.03179698437452316,1.7753016948699951,-0.07999999821186066,0.9300000071525574,-0.0,-13.890000343322754,0.2310313582420349,0.957757830619812,2.775782346725464,0.6200000047683716,-1.3799999952316284,0.0,12.670000076293945,-0.150494784116745,-1.4176236391067505,-3.762364387512207,-1.8300000429153442,-0.029999999329447746,0.0,9.029999732971191,0.8218331336975098,0.4109165668487549,44.09165573120117,-0.07000000029802322,1.0800000429153442,0.0,1.0199999809265137,0.5768054723739624,1.044201374053955,-3.579866886138916,0.75,-1.3700000047683716,0.0,13.420000076293945,1.6556732654571533,-0.9660816788673401,40.3918342590332,-2.049999952316284
1145,232306,0.0,0.0,0.0,0.05999999865889549,-0.019999999552965164,-9.359999656677246,-0.6208801865577698,-0.3104400932788849,-37.01401138305664,0.20999999344348907,0.9100000262260437,0.009999999776482582,-12.40999984741211,-0.5754399299621582,0.7561399936676025,-15.40100383758545,0.5299999713897705,-1.3799999952316284,0.0,12.100000381469727,0.9626806974411011,-1.1393297910690308,24.067020416259766,-1.3600000143051147,0.05999999865889549,-0.019999999552965164,-11.630000114440918,-0.013202615082263947,-0.006601307541131973,-6.630130290985107,-0.019999999552965164,1.0700000524520874,-0.0,1.6299999952316284,0.8785096406936646,1.1196273565292358,4.962730407714844,1.0700000524520874,-1.3700000047683716,-0.009999999776482582,13.399999618530273,-0.8279480934143066,-1.586987018585205,-21.68370246887207,-1.9199999570846558,-0.05000000074505806,0.0,8.75,-0.0635196641087532,-0.0317598320543766,1.824016809463501,-0.07000000029802322,0.9300000071525574,-0.0,-13.739999771118164,0.23000776767730713,0.9575018882751465,2.750188112258911,0.6000000238418579,-1.3799999952316284,-0.0,11.600000381469727,-0.15040141344070435,-1.417600393295288,-3.760039806365967,-1.840000033378601,-0.029999999329447746,-0.029999999329447746,9.720000267028809,0.8231122493743896,0.4115561246871948,44.20061111450195,-0.07999999821186066,1.0800000429153442,-0.019999999552965164,1.3799999952316284,0.5764809250831604,1.044120192527771,-3.5579850673675537,0.7599999904632568,-1.3700000047683716,-0.0,13.220000267028809,1.6512553691864014,-0.9671861529350281,40.2813835144043,-2.0799999237060547
1164,232595,0.0,0.0,0.0,0.05999999865889549,0.0,-9.600000381469727,-0.6241408586502075,-0.31207042932510376,-37.2070426940918,0.2199999988079071,0.9100000262260437,-0.009999999776482582,-12.319999694824219,-0.5749070644378662,0.7562732100486755,-15.357681274414062,0.5299999713897705,-1.3799999952316284,0.0,12.720000267028809,0.9599897861480713,-1.1400024890899658,23.9997501373291,-1.3600000143051147,0.05999999865889549,-0.009999999776482582,-11.670000076293945,-0.013390526175498962,-0.006695263087749481,-6.6545257568359375,-0.029999999329447746,1.0700000524520874,0.009999999776482582,1.1699999570846558,0.8830817937850952,1.1207704544067383,5.062040328979492,1.090000033378601,-1.3700000047683716,0.0,14.140000343322754,-0.8309124708175659,-1.5877281427383423,-21.77281379699707,-1.940000057220459,-0.05000000074505806,-0.009999999776482582,8.949999809265137,-0.0622372105717659,-0.03111860528588295,1.9031394720077515,-0.07999999821186066,0.9300000071525574,-0.009999999776482582,-14.069999694824219,0.2311769723892212,0.957794189453125,2.7944183349609375,0.6000000238418579,-1.3799999952316284,-0.009999999776482582,12.399999618530273,-0.15130048990249634,-1.4178251028060913,-3.7675106525421143,-1.840000033378601,-0.029999999329447746,-0.019999999552965164,9.220000267028809,0.8232823610305786,0.4116411805152893,44.19411849975586,-0.07999999821186066,1.0800000429153442,0.0,0.33000001311302185,0.5767634510993958,1.0441908836364746,-3.580915927886963,0.7599999904632568,-1.3700000047683716,-0.0,13.079999923706055,1.652937412261963,-0.9667656421661377,40.32343673706055,-2.0799999237060547
1184,232899,0.0,0.0,0.0,0.05999999865889549,0.0,-9.220000267028809,-0.6232190132141113,-0.31160950660705566,-37.16094970703125,0.20999999344348907,0.9100000262260437,0.019999999552965164,-12.529999732971191,-0.579357385635376,0.7551606297492981,-15.51393985748291,0.5199999809265137,-1.3799999952316284,0.009999999776482582,13.739999771118164,0.9562457799911499,-1.1409385204315186,23.89114761352539,-1.3200000524520874,0.05999999865889549,0.009999999776482582,-11.779999732971191,-0.01269230991601944,-0.00634615495800972,-6.649615287780762,-0.03999999910593033,1.0700000524520874,-0.009999999776482582,1.809999942779541,0.8738005757331848,1.1184501647949219,4.860011100769043,1.0800000429153442,-1.3700000047683716,-0.019999999552965164,14.800000190734863,-0.8247556090354919,-1.5861889123916626,-21.588890075683594,-1.9299999475479126,-0.05000000074505806,-0.019999999552965164,8.8100004196167,-0.062212854623794556,-0.031106427311897278,1.9193572998046875,-0.05999999865889549,0.9300000071525574,-0.009999999776482582,-14.0,0.2309434413909912,0.9577358365058899,2.7885830402374268,0.6000000238418579,-1.3799999952316284,0.0,11.510000228881836,-0.15077534317970276,-1.417693853378296,-3.769385814666748,-1.8300000429153442,-0.029999999329447746,-0.009999999776482582,9.59000015258789,0.8214187622070312,0.4107093811035156,44.0859375,-0.05999999865889549,1.0800000429153442,-0.009999999776482582,1.2100000381469727,0.5756701827049255,1.0439175367355347,-3.5932505130767822,0.75,-1.3700000047683716,-0.0,11.920000076293945,1.6490325927734375,-0.967741847038269,40.22581481933594,-2.059999942779541
1204,233218,0.0,0.0,0.0,0.05999999865889549,-0.009999999776482582,-9.4399995803833,-0.6227906942367554,-0.3113953471183777,-37.124534606933594,0.20999999344348907,0.9100000262260437,0.0,-12.09000015258789,-0.5796746611595154,0.755081295967102,-15.491872787475586,0.5199999809265137,-1.3799999952316284,0.0,14.180000305175781,0.9544345140457153,-1.141391396522522,23.860858917236328,-1.309999942779541,0.05999999865889549,0.009999999776482582,-11.609999656677246,-0.011929303407669067,-0.005964651703834534,-6.6114654541015625,-0.03999999910593033,1.0700000524520874,-0.019999999552965164,1.6299999952316284,0.8772978782653809,1.1193244457244873,4.96243953704834,1.090000033378601,-1.3700000047683716,-0.0,13.979999542236328,-0.8256148099899292,-1.586403727531433,-21.64037322998047,-1.940000057220459,-0.05000000074505806,-0.009999999776482582,8.619999885559082,-0.06196794658899307,-0.030983973294496536,1.9166027307510376,-0.07000000029802322,0.9300000071525574,-0.0,-13.760000228881836,0.23159608244895935,0.9578989744186401,2.7898967266082764,0.6000000238418579,-1.3799999952316284,0.0,12.180000305175781,-0.15152518451213837,-1.4178812503814697,-3.788125514984131,-1.8300000429153442,-0.029999999329447746,0.009999999776482582,9.229999542236328,0.8203598260879517,0.41017991304397583,44.00299072265625,-0.05999999865889549,1.0800000429153442,0.0,1.0299999713897705,0.5742365121841431,1.0435590744018555,-3.644096851348877,0.75,-1.3700000047683716,0.0,12.739999771118164,1.647400140762329,-0.9681499600410461,40.18500518798828,-2.059999942779541
1224,233522,0.0,0.0,0.0,0.05999999865889549,0.009999999776482582,-9.4399995803833,-0.6237553358078003,-0.31187766790390015,-37.20276641845703,0.20999999344348907,0.9100000262260437,-0.019999999552965164,-12.489999771118164,-0.5733919143676758,0.7566519975662231,-15.304802894592285,0.5400000214576721,-1.3799999952316284,-0.009999999776482582,13.050000190734863,0.9564551115036011,-1.1408861875534058,23.926380157470703,-1.2899999618530273,0.05999999865889549,0.019999999552965164,-11.649999618530273,-0.012138262391090393,-0.0060691311955451965,-6.636912822723389,-0.03999999910593033,1.0700000524520874,-0.009999999776482582,1.3899999856948853,0.8710253238677979,1.1177563667297363,4.790631294250488,1.0700000524520874,-1.3700000047683716,-0.009999999776482582,14.1899995803833,-0.8227824568748474,-1.5856956243515015,-21.554561614990234,-1.9199999570846558,-0.05000000074505806,-0.009999999776482582,8.34000015258789,-0.060844868421554565,-0.030422434210777283,1.9727566242218018,-0.05999999865889549,0.9300000071525574,0.029999999329447746,-13.920000076293945,0.22920233011245728,0.9573005437850952,2.685053586959839,0.6000000238418579,-1.3799999952316284,0.0,11.970000267028809,-0.1531948745250702,-1.4182987213134766,-3.8298726081848145,-1.8200000524520874,-0.029999999329447746,0.009999999776482582,9.149999618530273,0.8183597326278687,0.4091798663139343,43.90298843383789,-0.05000000074505806,1.0800000429153442,-0.009999999776482582,1.0800000429153442,0.5770596265792847,1.0442649126052856,-3.5585129261016846,0.75,-1.3700000047683716,-0.009999999776482582,12.109999656677246,1.6511683464050293,-0.9672079086303711,40.29420852661133,-2.0399999618530273
1244,233826,0.0,0.0,0.0,0.05999999865889549,0.0,-9.770000457763672,-0.6236348748207092,-0.3118174374103546,-37.18174362182617,0.20000000298023224,0.9100000262260437,0.0,-11.9399995803833,-0.5778576135635376,0.7555356025695801,-15.446442604064941,0.5099999904632568,-1.3799999952316284,-0.009999999776482582,13.0,0.9567955732345581,-1.1408010721206665,23.934890747070312,-1.2899999618530273,0.05999999865889549,0.009999999776482582,-11.520000457763672,-0.012556836009025574,-0.006278418004512787,-6.642841339111328,-0.019999999552965164,1.0700000524520874,0.0,1.5099999904632568,0.8738284111022949,1.1184570789337158,4.845702648162842,1.0700000524520874,-1.3700000047683716,-0.0,14.350000381469727,-0.8264074325561523,-1.5866018533706665,-21.660184860229492,-1.9199999570846558,-0.05000000074505806,-0.0,8.949999809265137,-0.06217852234840393,-0.031089261174201965,1.8910739421844482,-0.05000000074505806,0.9300000071525574,-0.0,-14.420000076293945,0.23021763563156128,0.9575543999671936,2.755439281463623,0.5799999833106995,-1.3799999952316284,-0.0,11.579999923706055,-0.15111161768436432,-1.4177778959274292,-3.777790069580078,-1.8200000524520874,-0.029999999329447746,-0.0,9.460000038146973,0.8215453624725342,0.4107726812362671,44.077266693115234,-0.07000000029802322,1.0800000429153442,0.009999999776482582,0.9599999785423279,0.574149489402771,1.0435373783111572,-3.661266565322876,0.7599999904632568,-1.3700000047683716,0.009999999776482582,12.989999771118164,1.6494534015655518,-0.9676366448402405,40.221336364746094,-2.049999952316284
1264,234130,0.0,0.0,0.0,0.05999999865889549,0.0,-9.489999771118164,-0.623952329158783,-0.3119761645793915,-37.19761657714844,0.20999999344348907,0.9100000262260437,0.009999999776482582,-12.149999618530273,-0.578953742980957,0.7552615404129028,-15.488848686218262,0.5099999904632568,-1.3799999952316284,0.009999999776482582,12.579999923706055,0.959053635597229,-1.1402366161346436,23.96133804321289,-1.3200000524520874,0.05999999865889549,-0.009999999776482582,-11.3100004196167,-0.012018270790576935,-0.006009135395288467,-6.58591365814209,-0.009999999776482582,1.0700000524520874,0.009999999776482582,1.3700000047683716,0.8840821981430054,1.1210205554962158,5.087050437927246,1.059999942779541,-1.3700000047683716,0.009999999776482582,14.300000190734863,-0.831365704536438,-1.5878413915634155,-21.799137115478516,-1.9199999570846558,-0.05000000074505806,0.009999999776482582,8.5600004196167,-0.06286239624023438,-0.03143119812011719,1.8418803215026855,-0.05999999865889549,0.9300000071525574,0.019999999552965164,-14.25,0.2301785945892334,0.9575446248054504,2.724461793899536,0.5899999737739563,-1.3799999952316284,0.0,11.770000457763672,-0.15390144288539886,-1.4184753894805908,-3.8475394248962402,-1.8300000429153442,-0.029999999329447746,-0.009999999776482582,9.65999984741211,0.8238818645477295,0.41194093227386475,44.20909118652344,-0.07999999821186066,1.0800000429153442,-0.029999999329447746,1.0499999523162842,0.578583300113678,1.0446457862854004,-3.4904255867004395,0.7599999904632568,-1.3700000047683716,-0.009999999776482582,13.449999809265137,1.6515183448791504,-0.9671204090118408,40.30295944213867,-2.049999952316284
1284,234434,0.0,0.0,0.0,0.05999999865889549,-0.009999999776482582,-9.930000305175781,-0.6236807703971863,-0.31184038519859314,-37.16904067993164,0.20999999344348907,0.9100000262260437,-0.0,-12.40999984741211,-0.5771593451499939,0.7557101249694824,-15.428990364074707,0.5,-1.3799999952316284,-0.0,13.920000076293945,0.9595462083816528,-1.1401134729385376,23.988651275634766,-1.309999942779541,0.05999999865889549,0.0,-11.880000114440918,-0.012606427073478699,-0.006303213536739349,-6.630321025848389,-0.009999999776482582,1.0700000524520874,-0.0,1.8300000429153442,0.8836130499839783,1.1209032535552979,5.090320110321045,1.0399999618530273,-1.3700000047683716,0.0,13.890000343322754,-0.8293558955192566,-1.587338924407959,-21.7338924407959,-1.909999966621399,-0.05000000074505806,-0.019999999552965164,8.899999618530273,-0.06130146235227585,-0.030650731176137924,1.9649269580841064,-0.03999999910593033,0.9300000071525574,0.019999999552965164,-14.119999885559082,0.2303515076637268,0.9575878381729126,2.728783130645752,0.5799999833106995,-1.3799999952316284,-0.0,11.760000228881836,-0.1540539711713791,-1.418513536453247,-3.8513541221618652,-1.8300000429153442,-0.029999999329447746,-0.009999999776482582,9.069999694824219,0.8220405578613281,0.41102027893066406,44.117027282714844,-0.09000000357627869,1.0800000429153442,-0.009999999776482582,1.149999976158142,0.5768434405326843,1.0442107915878296,-3.56392502784729,0.7599999904632568,-1.3700000047683716,-0.0,13.220000267028809,1.6503009796142578,-0.967424750328064,40.25752639770508,-2.059999942779541
1304,234738,0.0,0.0,0.0,0.05999999865889549,-0.0,-9.210000038146973,-0.6240322589874268,-0.3120161294937134,-37.20161437988281,0.2199999988079071,0.9100000262260437,-0.009999999776482582,-12.220000267028809,-0.5751258134841919,0.7562185525894165,-15.363146781921387,0.46000000834465027,-1.3799999952316284,-0.0,12.350000381469727,0.9608180522918701,-1.1397955417633057,24.020444869995117,-1.3200000524520874,0.05999999865889549,-0.009999999776482582,-11.710000038146973,-0.013229742646217346,-0.006614871323108673,-6.646486759185791,-0.009999999776482582,1.0700000524520874,0.019999999552965164,0.8500000238418579,0.8879262804985046,1.1219815015792847,5.168144702911377,1.0499999523162842,-1.3700000047683716,-0.0,14.670000076293945,-0.833053708076477,-1.5882633924484253,-21.826339721679688,-1.9299999475479126,-0.05000000074505806,-0.009999999776482582,8.600000381469727,-0.061597853899002075,-0.030798926949501038,1.9351073503494263,-0.05000000074505806,0.9300000071525574,-0.0,-13.979999542236328,0.23128637671470642,0.9578215479850769,2.782154083251953,0.5600000023841858,-1.3799999952316284,-0.0,11.8100004196167,-0.1555301398038864,-1.4188824892044067,-3.888249397277832,-1.8300000429153442,-0.029999999329447746,-0.009999999776482582,9.699999809265137,0.8239269256591797,0.41196346282958984,44.21134567260742,-0.10000000149011612,1.0800000429153442,-0.009999999776482582,0.75,0.5787590146064758,1.0446897745132446,-3.516026735305786,0.7699999809265137,-1.3700000047683716,-0.009999999776482582,13.260000228881836,1.6552481651306152,-0.9661879539489746,40.39620590209961,-2.0799999237060547
1324,235042,0.0,0.0,0.0,0.05999999865889549,-0.009999999776482582,-9.239999771118164,-0.6237342357635498,-0.3118671178817749,-37.17171096801758,0.20999999344348907,0.9100000262260437,0.0,-12.59000015258789,-0.5764433145523071,0.7558891773223877,-15.41108512878418,0.46000000834465027,-1.3799999952316284,0.0,13.149999618530273,0.9578063488006592,-1.1405484676361084,23.945152282714844,-1.2899999618530273,0.05999999865889549,0.009999999776482582,-11.59000015258789,-0.012729451060295105,-0.0063647255301475525,-6.651472091674805,-0.029999999329447746,1.0700000524520874,-0.0,1.590000033378601,0.8790423274040222,1.119760513305664,4.976046085357666,1.0499999523162842,-1.3700000047683716,-0.0,13.4399995803833,-0.827630877494812,-1.5869077444076538,-21.690773010253906,-1.940000057220459,-0.05000000074505806,-0.0,8.979999542236328,-0.06203527748584747,-0.031017638742923737,1.8982361555099487,-0.03999999910593033,0.9300000071525574,0.0,-13.989999771118164,0.23074093461036682,0.9576852321624756,2.7685225009918213,0.5400000214576721,-1.3799999952316284,0.0,11.359999656677246,-0.15217404067516327,-1.4180434942245483,-3.804349899291992,-1.8200000524520874,-0.029999999329447746,0.0,9.420000076293945,0.8218425512313843,0.41092127561569214,44.09212875366211,-0.10000000149011612,1.0800000429153442,-0.019999999552965164,0.9800000190734863,0.5778717994689941,1.0444679260253906,-3.523211717605591,0.7599999904632568,-1.3700000047683716,-0.0,13.210000038146973,1.6521353721618652,-0.9669661521911621,40.30338668823242,-2.059999942779541
1344,235346,0.0,0.0,0.0,0.05999999865889549,0.009999999776482582,-9.579999923706055,-0.6252251267433167,-0.3126125633716583,-37.2762565612793,0.2199999988079071,0.9100000262260437,0.009999999776482582,-12.369999885559082,-0.577305018901825,0.7556737065315247,-15.447632789611816,0.4300000071525574,-1.3799999952316284,-0.009999999776482582,13.369999885559082,0.9600061178207397,-1.139998435974121,24.015155792236328,-1.2599999904632568,0.05999999865889549,-0.009999999776482582,-11.8100004196167,-0.012703202664852142,-0.006351601332426071,-6.620160102844238,-0.029999999329447746,1.0700000524520874,0.0,1.5399999618530273,0.8777502179145813,1.119437575340271,4.943752288818359,1.059999942779541,-1.3700000047683716,0.009999999776482582,14.050000190734863,-0.8272099494934082,-1.5868024826049805,-21.695247650146484,-1.9500000476837158,-0.05000000074505806,-0.009999999776482582,8.779999732971191,-0.061458684504032135,-0.030729342252016068,1.9420658349990845,-0.03999999910593033,0.9300000071525574,0.0,-13.739999771118164,0.2305563986301422,0.9576390981674194,2.763909101486206,0.5299999713897705,-1.3799999952316284,0.019999999552965164,12.359999656677246,-0.15289707481861115,-1.4182242155075073,-3.852421998977661,-1.8200000524520874,-0.029999999329447746,-0.009999999776482582,9.630000114440918,0.8217840194702148,0.4108920097351074,44.10420227050781,-0.09000000357627869,1.0800000429153442,-0.009999999776482582,1.0299999713897705,0.5762701630592346,1.0440675020217896,-3.578253984451294,0.7699999809265137,-1.3700000047683716,0.0,12.470000267028809,1.6518595218658447,-0.9670351147651672,40.29648971557617,-2.069999933242798
1384,235969,0.0,0.0,0.0,0.05999999865889549,0.009999999776482582,-9.710000038146973,-0.6232597231864929,-0.31162986159324646,-37.17798614501953,0.20999999344348907,0.9100000262260437,-0.019999999552965164,-12.510000228881836,-0.5758071541786194,0.7560482025146484,-15.365182876586914,0.4300000071525574,-1.3799999952316284,-0.009999999776482582,12.5600004196167,0.9580444097518921,-1.140488862991333,23.96611213684082,-1.2400000095367432,0.05999999865889549,0.019999999552965164,-11.680000305175781,-0.01289166510105133,-0.006445832550525665,-6.6745829582214355,-0.019999999552965164,1.0700000524520874,-0.0,1.399999976158142,0.8830780386924744,1.1207695007324219,5.076944828033447,1.0499999523162842,-1.3700000047683716,0.009999999776482582,14.859999656677246,-0.8297001123428345,-1.5874249935150146,-21.757497787475586,-1.940000057220459,-0.05000000074505806,0.009999999776482582,8.960000038146973,-0.06270457059144974,-0.03135228529572487,1.8497716188430786,-0.019999999552965164,0.9300000071525574,-0.0,-14.029999732971191,0.23168647289276123,0.9579216241836548,2.792161703109741,0.5299999713897705,-1.3799999952316284,0.0,11.199999809265137,-0.1508621722459793,-1.4177155494689941,-3.7715554237365723,-1.809999942779541,-0.029999999329447746,-0.019999999552965164,9.34000015258789,0.8243470191955566,0.4121735095977783,44.24734878540039,-0.10000000149011612,1.0800000429153442,-0.009999999776482582,1.5,0.5762654542922974,1.044066309928894,-3.5783731937408447,0.7599999904632568,-1.3700000047683716,0.009999999776482582,13.270000457763672,1.6518676280975342,-0.9670330882072449,40.28169250488281,-2.059999942779541
1404,236273,0.0,0.0,0.0,0.05999999865889549,0.0,-9.640000343322754,-0.6244146227836609,-0.31220731139183044,-37.22072982788086,0.20999999344348907,0.9100000262260437,0.0,-12.529999732971191,-0.5772409439086914,0.7556897401809692,-15.431028366088867,0.4099999964237213,-1.3799999952316284,-0.009999999776482582,12.600000381469727,0.95673668384552,-1.1408158540725708,23.933414459228516,-1.25,0.05999999865889549,-0.019999999552965164,-11.989999771118164,-0.011512085795402527,-0.005756042897701263,-6.5456037521362305,-0.009999999776482582,1.0700000524520874,0.0,1.4800000190734863,0.8819410800933838,1.1204853057861328,5.048525333404541,1.0399999618530273,-1.3700000047683716,-0.0,14.15999984741211,-0.8295830488204956,-1.5873957872390747,-21.739578247070312,-1.940000057220459,-0.05000000074505806,-0.009999999776482582,8.479999542236328,-0.06209678202867508,-0.03104839101433754,1.9101608991622925,-0.029999999329447746,0.9300000071525574,-0.0,-13.84000015258789,0.23156875371932983,0.9578921794891357,2.789217233657837,0.5299999713897705,-1.3799999952316284,0.009999999776482582,11.359999656677246,-0.1520807445049286,-1.4180201292037964,-3.8170135021209717,-1.8200000524520874,-0.029999999329447746,0.009999999776482582,9.630000114440918,0.8212076425552368,0.4106038212776184,44.04538345336914,-0.10000000149011612,1.0800000429153442,-0.0,0.8999999761581421,0.5759901404380798,1.0439975261688232,-3.6002516746520996,0.7599999904632568,-1.3700000047683716,0.009999999776482582,12.420000076293945,1.6516730785369873,-0.9670817255973816,40.27682876586914,-2.059999942779541
1424,236577,0.0,0.0,0.0,0.05999999865889549,-0.019999999552965164,-9.369999885559082,-0.6234535574913025,-0.31172677874565125,-37.14268112182617,0.20999999344348907,0.9100000262260437,0.0,-12.399999618530273,-0.580604612827301,0.754848837852478,-15.515118598937988,0.41999998688697815,-1.3799999952316284,0.0,12.670000076293945,0.9544074535369873,-1.1413981914520264,23.860179901123047,-1.2599999904632568,0.05999999865889549,-0.009999999776482582,-11.4399995803833,-0.011738508939743042,-0.005869254469871521,-6.571925640106201,-0.009999999776482582,1.0700000524520874,-0.0,1.7899999618530273,0.8753893971443176,1.118847370147705,4.884731769561768,1.0299999713897705,-1.3700000047683716,-0.009999999776482582,14.329999923706055,-0.8255196213722229,-1.586379885673523,-21.622989654541016,-1.9299999475479126,-0.05000000074505806,-0.009999999776482582,8.680000305175781,-0.06228029727935791,-0.031140148639678955,1.9009852409362793,-0.019999999552965164,0.9300000071525574,-0.009999999776482582,-14.130000114440918,0.23148080706596375,0.9578701853752136,2.8020179271698,0.5199999809265137,-1.3799999952316284,0.009999999776482582,11.630000114440918,-0.1512106955051422,-1.4178026914596558,-3.795269727706909,-1.809999942779541,-0.029999999329447746,0.009999999776482582,9.90999984741211,0.8204739093780518,0.4102369546890259,44.008697509765625,-0.10999999940395355,1.0800000429153442,0.019999999552965164,1.3700000047683716,0.573352038860321,1.0433379411697388,-3.6962101459503174,0.7599999904632568,-1.3700000047683716,-0.0,12.729999542236328,1.6473615169525146,-0.9681596159934998,40.18404006958008,-2.059999942779541
1444,236882,0.0,0.0,0.0,0.05999999865889549,0.009999999776482582,-9.380000114440918,-0.6245962381362915,-0.31229811906814575,-37.24481201171875,0.20999999344348907,0.9100000262260437,0.019999999552965164,-12.569999694824219,-0.5822662711143494,0.7544333934783936,-15.586663246154785,0.38999998569488525,-1.3799999952316284,0.009999999776482582,13.130000114440918,0.9561655521392822,-1.140958547592163,23.889144897460938,-1.2400000095367432,0.05999999865889549,0.009999999776482582,-11.569999694824219,-0.011978693306446075,-0.005989346653223038,-6.613934516906738,-0.009999999776482582,1.0700000524520874,-0.0,1.7400000095367432,0.8834784030914307,1.1208696365356445,5.086958408355713,1.0099999904632568,-1.3700000047683716,0.009999999776482582,13.529999732971191,-0.8304439783096313,-1.5876109600067139,-21.776094436645508,-1.9299999475479126,-0.05000000074505806,0.009999999776482582,8.720000267028809,-0.06293056160211563,-0.031465280801057816,1.8384720087051392,-0.009999999776482582,0.9300000071525574,-0.009999999776482582,-14.170000076293945,0.23248818516731262,0.9581220149993896,2.8272008895874023,0.5,-1.3799999952316284,0.009999999776482582,11.510000228881836,-0.15134398639202118,-1.4178359508514404,-3.798595666885376,-1.8200000524520874,-0.029999999329447746,-0.009999999776482582,9.40999984741211,0.82389235496521,0.411946177482605,44.209617614746094,-0.11999999731779099,1.0800000429153442,0.0,1.0399999618530273,0.5742034316062927,1.0435508489608765,-3.6449193954467773,0.7599999904632568,-1.3700000047683716,0.009999999776482582,13.399999618530273,1.650235891342163,-0.9674410223960876,40.24089813232422,-2.069999933242798
1464,237186,0.0,0.0,0.0,0.05999999865889549,0.009999999776482582,-9.449999809265137,-0.6257988214492798,-0.3128994107246399,-37.30493927001953,0.20999999344348907,0.9100000262260437,0.009999999776482582,-11.989999771118164,-0.5814961194992065,0.7546259164810181,-15.552411079406738,0.36000001430511475,-1.3799999952316284,0.0,11.720000267028809,0.954149603843689,-1.1414625644683838,23.853742599487305,-1.25,0.05999999865889549,0.0,-11.220000267028809,-0.011538326740264893,-0.005769163370132446,-6.576916694641113,-0.009999999776482582,1.0700000524520874,0.019999999552965164,1.3899999856948853,0.8789033889770508,1.1197258234024048,4.942576885223389,1.0199999809265137,-1.3700000047683716,-0.009999999776482582,13.789999961853027,-0.8297687768936157,-1.58744215965271,-21.729215621948242,-1.9500000476837158,-0.05000000074505806,0.009999999776482582,8.640000343322754,-0.06304854899644852,-0.03152427449822426,1.83257257938385,-0.009999999776482582,0.9300000071525574,-0.019999999552965164,-14.119999885559082,0.23180481791496277,0.9579511880874634,2.825118064880371,0.46000000834465027,-1.3799999952316284,0.0,11.670000076293945,-0.15096867084503174,-1.417742133140564,-3.7742137908935547,-1.7999999523162842,-0.029999999329447746,-0.0,9.069999694824219,0.8229224681854248,0.4114612340927124,44.146121978759766,-0.12999999523162842,1.0800000429153442,0.019999999552965164,1.0199999809265137,0.5739139914512634,1.0434784889221191,-3.6821553707122803,0.7699999809265137,-1.3700000047683716,0.009999999776482582,13.380000114440918,1.6494903564453125,-0.9676274061203003,40.222259521484375,-2.0799999237060547
1484,237490,0.0,0.0,0.0,0.05999999865889549,-0.009999999776482582,-9.59000015258789,-0.6244137287139893,-0.31220686435699463,-37.2056884765625,0.20999999344348907,0.9100000262260437,0.019999999552965164,-12.319999694824219,-0.5827571153640747,0.7543107271194458,-15.598929405212402,0.3400000035762787,-1.3799999952316284,0.009999999776482582,12.789999961853027,0.9539531469345093,-1.1415116786956787,23.833831787109375,-1.2200000286102295,0.05999999865889549,-0.009999999776482582,-11.390000343322754,-0.011253856122493744,-0.005626928061246872,-6.547692775726318,-0.019999999552965164,1.0700000524520874,0.0,1.309999942779541,0.8753955960273743,1.1188489198684692,4.884886741638184,1.0199999809265137,-1.3700000047683716,-0.009999999776482582,14.020000457763672,-0.8261700868606567,-1.5865424871444702,-21.63924789428711,-1.9500000476837158,-0.05000000074505806,0.009999999776482582,9.149999618530273,-0.0631859228014946,-0.0315929614007473,1.8257039785385132,0.0,0.9300000071525574,-0.0,-14.029999732971191,0.23084211349487305,0.9577105045318604,2.771049737930298,0.44999998807907104,-1.3799999952316284,0.0,12.260000228881836,-0.15110309422016144,-1.4177757501602173,-3.7775754928588867,-1.7899999618530273,-0.029999999329447746,0.009999999776482582,9.430000305175781,0.821302056312561,0.4106510281562805,44.05010223388672,-0.14000000059604645,1.0800000429153442,-0.009999999776482582,0.8999999761581421,0.5741835236549377,1.0435458421707153,-3.630419969558716,0.7699999809265137,-1.3700000047683716,0.009999999776482582,13.880000114440918,1.6471657752990723,-0.9682085514068604,40.164146423339844,-2.0799999237060547
1504,237794,0.0,0.0,0.0,0.05999999865889549,0.0,-9.850000381469727,-0.6248452067375183,-0.31242260336875916,-37.24225997924805,0.2199999988079071,0.9100000262260437,-0.009999999776482582,-12.279999732971191,-0.5770344138145447,0.7557413578033447,-15.410866737365723,0.3199999928474426,-1.3799999952316284,0.009999999776482582,13.130000114440918,0.9547721147537231,-1.14130699634552,23.85430145263672,-1.2100000381469727,0.05999999865889549,0.0,-11.539999961853027,-0.01245337724685669,-0.006226688623428345,-6.622669219970703,-0.009999999776482582,1.0700000524520874,-0.0,1.7300000190734863,0.8682745099067688,1.1170686483383179,4.706859588623047,1.0199999809265137,-1.3700000047683716,-0.009999999776482582,13.829999923706055,-0.8234270811080933,-1.5858567953109741,-21.5706787109375,-1.9600000381469727,-0.05000000074505806,-0.019999999552965164,8.710000038146973,-0.06162656098604202,-0.03081328049302101,1.9486720561981201,0.0,0.9300000071525574,-0.009999999776482582,-13.979999542236328,0.22889810800552368,0.9572244882583618,2.737448215484619,0.4399999976158142,-1.3799999952316284,-0.009999999776482582,12.289999961853027,-0.1494876593351364,-1.4173718690872192,-3.7221872806549072,-1.7899999618530273,-0.029999999329447746,0.009999999776482582,9.359999656677246,0.8198156356811523,0.40990781784057617,43.97578430175781,-0.14000000059604645,1.0800000429153442,0.019999999552965164,0.9800000190734863,0.5746755599975586,1.0436688661575317,-3.6631176471710205,0.7699999809265137,-1.3700000047683716,0.0,12.880000114440918,1.6474721431732178,-0.968131959438324,40.186805725097656,-2.0799999237060547
1524,238098,0.0,0.0,0.0,0.05999999865889549,0.009999999776482582,-9.0600004196167,-0.6242276430130005,-0.31211382150650024,-37.226383209228516,0.2199999988079071,0.9100000262260437,0.0,-12.119999885559082,-0.5752148628234863,0.7561962604522705,-15.380376815795898,0.3199999928474426,-1.3799999952316284,0.0,12.770000457763672,0.9571605920791626,-1.1407098770141602,23.929012298583984,-1.2000000476837158,0.05999999865889549,0.019999999552965164,-11.039999961853027,-0.012727245688438416,-0.006363622844219208,-6.6663618087768555,-0.019999999552965164,1.0700000524520874,0.0,1.3899999856948853,0.8807141780853271,1.120178461074829,5.01784086227417,1.0299999713897705,-1.3700000047683716,-0.009999999776482582,13.989999771118164,-0.8283405303955078,-1.5870851278305054,-21.693511962890625,-1.9600000381469727,-0.05000000074505806,-0.009999999776482582,9.0,-0.0613686665892601,-0.03068433329463005,1.9465667009353638,0.009999999776482582,0.9300000071525574,-0.0,-14.210000038146973,0.23146402835845947,0.9578659534454346,2.7865946292877197,0.4399999976158142,-1.3799999952316284,-0.0,12.25,-0.15284302830696106,-1.418210744857788,-3.821074962615967,-1.7899999618530273,-0.029999999329447746,-0.0,9.229999542236328,0.8209688663482666,0.4104844331741333,44.04844284057617,-0.14000000059604645,1.0800000429153442,-0.019999999552965164,1.4600000381469727,0.5783528089523315,1.0445882081985474,-3.511183500289917,0.7599999904632568,-1.3700000047683716,-0.0,13.220000267028809,1.6515865325927734,-0.9671033620834351,40.28966522216797,-2.0799999237060547
1544,238402,0.0,0.0,0.0,0.05999999865889549,0.009999999776482582,-9.75,-0.6253095269203186,-0.3126547634601593,-37.28047561645508,0.20999999344348907,0.9100000262260437,-0.0,-12.369999885559082,-0.5780249834060669,0.7554937601089478,-15.450626373291016,0.3199999928474426,-1.3799999952316284,-0.0,13.260000228881836,0.9549211263656616,-1.1412696838378906,23.873031616210938,-1.1799999475479126,0.05999999865889549,-0.009999999776482582,-11.640000343322754,-0.01158730685710907,-0.005793653428554535,-6.564364910125732,-0.019999999552965164,1.0700000524520874,-0.0,1.5299999713897705,0.8778228759765625,1.1194556951522827,4.945564270019531,1.0099999904632568,-1.3700000047683716,-0.0,14.59000015258789,-0.8282254934310913,-1.5870563983917236,-21.705638885498047,-1.9600000381469727,-0.05000000074505806,0.009999999776482582,8.65999984741211,-0.062421515583992004,-0.031210757791996002,1.863924264907837,0.019999999552965164,0.9300000071525574,-0.009999999776482582,-14.149999618530273,0.23180454969406128,0.9579511284828186,2.810112237930298,0.4300000071525574,-1.3799999952316284,0.0,11.520000457763672,-0.15328960120677948,-1.4183224439620972,-3.832244873046875,-1.7899999618530273,-0.029999999329447746,0.009999999776482582,9.6899995803833,0.8216263055801392,0.4108131527900696,44.066314697265625,-0.14000000059604645,1.0800000429153442,-0.0,1.100000023841858,0.5769481062889099,1.0442370176315308,-3.5763025283813477,0.7599999904632568,-1.3700000047683716,-0.0,12.489999771118164,1.6514558792114258,-0.967136025428772,40.286399841308594,-2.069999933242798
1564,238706,0.0,0.0,0.0,0.05999999865889549,0.0,-9.59000015258789,-0.6248912811279297,-0.31244564056396484,-37.244564056396484,0.20000000298023224,0.9100000262260437,-0.0,-12.109999656677246,-0.5781616568565369,0.7554595470428467,-15.454048156738281,0.3100000023841858,-1.3799999952316284,-0.009999999776482582,13.15999984741211,0.9552609920501709,-1.1411848068237305,23.89651870727539,-1.190000057220459,0.05999999865889549,-0.029999999329447746,-11.729999542236328,-0.011829547584056854,-0.005914773792028427,-6.546477317810059,-0.009999999776482582,1.0700000524520874,-0.0,1.2200000286102295,0.8779118061065674,1.1194779872894287,4.947793483734131,1.0199999809265137,-1.3700000047683716,-0.009999999776482582,14.380000114440918,-0.8276281952857971,-1.5869070291519165,-21.675703048706055,-1.9600000381469727,-0.05000000074505806,-0.009999999776482582,8.670000076293945,-0.06252838671207428,-0.03126419335603714,1.8885806798934937,0.019999999552965164,0.9300000071525574,-0.009999999776482582,-14.079999923706055,0.23119065165519714,0.957797646522522,2.7947640419006348,0.41999998688697815,-1.3799999952316284,-0.0,10.989999771118164,-0.15292254090309143,-1.418230652809143,-3.823065757751465,-1.7899999618530273,-0.029999999329447746,-0.009999999776482582,9.319999694824219,0.822068452835083,0.4110342264175415,44.11842346191406,-0.15000000596046448,1.0800000429153442,-0.019999999552965164,1.3799999952316284,0.5783399343490601,1.0445849895477295,-3.511505365371704,0.7599999904632568,-1.3700000047683716,-0.009999999776482582,12.710000038146973,1.6492974758148193,-0.9676756262779236,40.2474365234375,-2.069999933242798
1584,239025,0.0,0.0,0.0,0.05999999865889549,-0.0,-9.510000228881836,-0.6247885823249817,-0.31239429116249084,-37.23942947387695,0.20999999344348907,0.9100000262260437,-0.009999999776482582,-11.710000038146973,-0.5746631622314453,0.7563341856002808,-15.351583480834961,0.30000001192092896,-1.3799999952316284,0.0,11.569999694824219,0.9592318534851074,-1.1401920318603516,23.980796813964844,-1.1699999570846558,0.05999999865889549,-0.019999999552965164,-11.4399995803833,-0.012632355093955994,-0.006316177546977997,-6.601616859436035,-0.019999999552965164,1.0700000524520874,0.009999999776482582,1.25,0.8832528591156006,1.1208131313323975,5.06630802154541,1.0,-1.3700000047683716,-0.0,13.949999809265137,-0.8310676217079163,-1.5877668857574463,-21.776687622070312,-1.9500000476837158,-0.05000000074505806,0.0,8.770000457763672,-0.061668068170547485,-0.030834034085273743,1.9165966510772705,0.029999999329447746,0.9300000071525574,0.0,-14.220000267028809,0.23040297627449036,0.9576007127761841,2.760070562362671,0.4000000059604645,-1.3799999952316284,0.009999999776482582,10.739999771118164,-0.15480338037014008,-1.4187008142471313,-3.8850820064544678,-1.7799999713897705,-0.029999999329447746,-0.0,9.25,0.8223358392715454,0.4111679196357727,44.116790771484375,-0.1599999964237213,1.0800000429153442,0.0,1.3200000524520874,0.5776072144508362,1.04440176486969,-3.5598278045654297,0.7599999904632568,-1.3700000047683716,-0.0,13.4399995803833,1.6541895866394043,-0.9664525985717773,40.354740142822266,-2.069999933242798
1604,239329,0.0,0.0,0.0,0.05999999865889549,0.009999999776482582,-9.550000190734863,-0.6244849562644958,-0.3122424781322479,-37.2392463684082,0.20000000298023224,0.9100000262260437,0.0,-12.430000305175781,-0.5776113271713257,0.7555971145629883,-15.440291404724121,0.27000001072883606,-1.3799999952316284,0.009999999776482582,12.399999618530273,0.9557061195373535,-1.14107346534729,23.877653121948242,-1.1799999475479126,0.05999999865889549,-0.0,-11.630000114440918,-0.012118548154830933,-0.006059274077415466,-6.605927467346191,-0.009999999776482582,1.0700000524520874,0.009999999776482582,1.25,0.8744931817054749,1.1186232566833496,4.847320556640625,0.9800000190734863,-1.3700000047683716,-0.009999999776482582,13.8100004196167,-0.8264323472976685,-1.5866080522537231,-21.64580535888672,-1.9600000381469727,-0.05000000074505806,0.0,8.90999984741211,-0.06201790273189545,-0.031008951365947723,1.8991049528121948,0.03999999910593033,0.9300000071525574,0.019999999552965164,-13.9399995803833,0.22935527563095093,0.957338809967041,2.7038803100585938,0.3499999940395355,-1.3799999952316284,0.0,11.65999984741211,-0.15536125004291534,-1.4188402891159058,-3.8840293884277344,-1.7599999904632568,-0.029999999329447746,-0.009999999776482582,9.119999885559082,0.8210030794143677,0.41050153970718384,44.065155029296875,-0.18000000715255737,1.0800000429153442,-0.009999999776482582,1.0299999713897705,0.57610684633255,1.0440267324447632,-3.5823309421539307,0.7599999904632568,-1.3700000047683716,0.009999999776482582,12.75,1.6491191387176514,-0.9677202105522156,40.21297836303711,-2.0799999237060547
1624,239633,0.0,0.0,0.0,0.05999999865889549,0.009999999776482582,-9.25,-0.6245829463005066,-0.3122914731502533,-37.24414825439453,0.20000000298023224,0.9100000262260437,-0.009999999776482582,-11.930000305175781,-0.576209306716919,0.7559476494789124,-15.390236854553223,0.25,-1.3799999952316284,0.009999999776482582,12.960000038146973,0.9562035799026489,-1.1409491300582886,23.890087127685547,-1.1799999475479126,0.05999999865889549,0.0,-11.880000114440918,-0.011981591582298279,-0.005990795791149139,-6.599079132080078,-0.019999999552965164,1.0700000524520874,-0.0,1.1799999475479126,0.8799249529838562,1.1199811697006226,4.998111724853516,0.9800000190734863,-1.3700000047683716,0.0,14.569999694824219,-0.8295215368270874,-1.5873804092407227,-21.738040924072266,-1.9700000286102295,-0.05000000074505806,0.019999999552965164,8.6899995803833,-0.06269776076078415,-0.031348880380392075,1.8351120948791504,0.03999999910593033,0.9300000071525574,0.009999999776482582,-14.1899995803833,0.23051127791404724,0.9576277732849121,2.747776508331299,0.3100000023841858,-1.3799999952316284,-0.009999999776482582,12.5600004196167,-0.15347030758857727,-1.418367624282837,-3.821762800216675,-1.7300000190734863,-0.029999999329447746,-0.0,9.069999694824219,0.8224409818649292,0.4112204909324646,44.122047424316406,-0.1899999976158142,1.0800000429153442,-0.009999999776482582,1.0,0.5780183672904968,1.0445045232772827,-3.5345518589019775,0.7599999904632568,-1.3700000047683716,-0.0,12.100000381469727,1.6525382995605469,-0.9668654203414917,40.31345748901367,-2.0799999237060547
1644,239937,0.0,0.0,0.0,0.05999999865889549,0.009999999776482582,-9.079999923706055,-0.623736560344696,-0.311868280172348,-37.20182800292969,0.20000000298023224,0.9100000262260437,-0.0,-12.40999984741211,-0.577966034412384,0.7555084824562073,-15.449153900146484,0.23999999463558197,-1.3799999952316284,-0.009999999776482582,13.4399995803833,0.9577649831771851,-1.1405587196350098,23.95912742614746,-1.159999966621399,0.05999999865889549,0.009999999776482582,-11.600000381469727,-0.012833066284656525,-0.006416533142328262,-6.656652927398682,-0.029999999329447746,1.0700000524520874,0.0,1.25,0.8825551867485046,1.1206387281417847,5.063867568969727,0.9700000286102295,-1.3700000047683716,-0.0,14.960000038146973,-0.8296400904655457,-1.5874099731445312,-21.740997314453125,-1.9700000286102295,-0.05000000074505806,0.009999999776482582,8.75,-0.06309381127357483,-0.031546905636787415,1.830309510231018,0.05000000074505806,0.9300000071525574,-0.009999999776482582,-14.319999694824219,0.23261183500289917,0.9581529498100281,2.830294370651245,0.28999999165534973,-1.3799999952316284,0.0,11.050000190734863,-0.15032035112380981,-1.4175801277160645,-3.7580132484436035,-1.7200000286102295,-0.029999999329447746,-0.019999999552965164,9.039999961853027,0.8244885206222534,0.4122442603111267,44.254425048828125,-0.20000000298023224,1.0800000429153442,0.0,0.8899999856948853,0.5758957862854004,1.0439739227294922,-3.602612018585205,0.75,-1.3700000047683716,0.009999999776482582,12.15999984741211,1.6527140140533447,-0.9668214917182922,40.302852630615234,-2.0799999237060547
1664,240241,0.0,0.0,0.0,0.05999999865889549,-0.0,-9.1899995803833,-0.6238858103752136,-0.3119429051876068,-37.19429016113281,0.20000000298023224,0.9100000262260437,-0.0,-11.850000381469727,-0.5765925645828247,0.7558518648147583,-15.414815902709961,0.2199999988079071,-1.3799999952316284,-0.009999999776482582,13.369999885559082,0.9577778577804565,-1.140555500984192,23.959449768066406,-1.159999966621399,0.05999999865889549,0.0,-12.050000190734863,-0.012368232011795044,-0.006184116005897522,-6.618412017822266,-0.029999999329447746,1.0700000524520874,0.0,1.3700000047683716,0.8746724128723145,1.1186680793762207,4.86680269241333,0.9800000190734863,-1.3700000047683716,-0.0,13.710000038146973,-0.8254050016403198,-1.5863512754440308,-21.635128021240234,-1.9800000190734863,-0.05000000074505806,0.009999999776482582,9.109999656677246,-0.06263602524995804,-0.03131801262497902,1.8531988859176636,0.05000000074505806,0.9300000071525574,0.009999999776482582,-14.140000343322754,0.22997251152992249,0.9574931263923645,2.734311819076538,0.25999999046325684,-1.3799999952316284,-0.009999999776482582,12.069999694824219,-0.15107132494449615,-1.417767882347107,-3.7617886066436768,-1.7200000286102295,-0.029999999329447746,0.0,9.539999961853027,0.8217768669128418,0.4108884334564209,44.088844299316406,-0.20000000298023224,1.0800000429153442,-0.009999999776482582,0.8500000238418579,0.5766072869300842,1.044151782989502,-3.5698258876800537,0.75,-1.3700000047683716,-0.009999999776482582,12.84000015258789,1.6511492729187012,-0.9672126770019531,40.293731689453125,-2.0899999141693115
1684,240545,0.0,0.0,0.0,0.05999999865889549,-0.009999999776482582,-9.470000267028809,-0.6246153116226196,-0.3123076558113098,-37.21576690673828,0.20000000298023224,0.9100000262260437,0.019999999552965164,-12.649999618530273,-0.5815276503562927,0.7546180486679077,-15.568197250366211,0.2199999988079071,-1.3799999952316284,-0.0,13.649999618530273,0.9590408802032471,-1.1402397155761719,23.976028442382812,-1.1399999856948853,0.05999999865889549,-0.019999999552965164,-12.020000457763672,-0.011993065476417542,-0.005996532738208771,-6.569652557373047,-0.03999999910593033,1.0700000524520874,0.0,1.0099999904632568,0.8782367706298828,1.1195591688156128,4.955911636352539,0.9800000190734863,-1.3700000047683716,0.0,14.649999618530273,-0.8268884420394897,-1.5867221355438232,-21.672212600708008,-1.9800000190734863,-0.05000000074505806,0.0,9.0600004196167,-0.06240043789148331,-0.031200218945741653,1.8799781799316406,0.05999999865889549,0.9300000071525574,0.029999999329447746,-13.890000343322754,0.2288023829460144,0.9572005867958069,2.675057888031006,0.25999999046325684,-1.3799999952316284,-0.0,12.25,-0.15511757135391235,-1.4187793731689453,-3.8779377937316895,-1.7100000381469727,-0.029999999329447746,-0.019999999552965164,9.180000305175781,0.8224153518676758,0.4112076759338379,44.1507682800293,-0.20000000298023224,1.0800000429153442,0.0,0.7699999809265137,0.5747693181037903,1.0436923503875732,-3.6307692527770996,0.7400000095367432,-1.3700000047683716,-0.0,13.789999961853027,1.6482517719268799,-0.9679370522499084,40.206295013427734,-2.0899999141693115
1704,240849,0.0,0.0,0.0,0.05999999865889549,-0.009999999776482582,-9.640000343322754,-0.6253221035003662,-0.3126610517501831,-37.25110626220703,0.1899999976158142,0.9100000262260437,-0.0,-12.210000038146973,-0.5794695615768433,0.7551325559616089,-15.486746788024902,0.20999999344348907,-1.3799999952316284,-0.0,13.130000114440918,0.9559316635131836,-1.1410170793533325,23.898292541503906,-1.1299999952316284,0.05999999865889549,-0.029999999329447746,-11.3100004196167,-0.011215634644031525,-0.005607817322015762,-6.515781402587891,-0.03999999910593033,1.0700000524520874,-0.0,1.090000033378601,0.8782572150230408,1.1195642948150635,4.956424236297607,0.9700000286102295,-1.3700000047683716,-0.009999999776482582,14.260000228881836,-0.828747570514679,-1.5871869325637817,-21.703693389892578,-1.9800000190734863,-0.05000000074505806,0.029999999329447746,8.640000343322754,-0.06360243260860443,-0.031801216304302216,1.7748785018920898,0.05999999865889549,0.9300000071525574,0.009999999776482582,-14.100000381469727,0.22949081659317017,0.9573726654052734,2.7222657203674316,0.23999999463558197,-1.3799999952316284,0.0,11.220000267028809,-0.15376485884189606,-1.4184411764144897,-3.844118118286133,-1.7000000476837158,-0.029999999329447746,0.0,9.329999923706055,0.82265305519104,0.41132652759552,44.132652282714844,-0.20999999344348907,1.0800000429153442,0.009999999776482582,0.8600000143051147,0.575356662273407,1.0438390970230103,-3.6310946941375732,0.7300000190734863,-1.3700000047683716,0.009999999776482582,13.390000343322754,1.6503582000732422,-0.9674104452133179,40.24395751953125,-2.0899999141693115
1724,241153,0.0,0.0,0.0,0.05999999865889549,0.0,-9.380000114440918,-0.6242425441741943,-0.31212127208709717,-37.212127685546875,0.18000000715255737,0.9100000262260437,-0.009999999776482582,-11.949999809265137,-0.5741556882858276,0.7564610242843628,-15.338899612426758,0.20000000298023224,-1.3799999952316284,-0.0,13.850000381469727,0.9561012983322144,-1.1409746408462524,23.90253448486328,-1.1299999952316284,0.05999999865889549,-0.009999999776482582,-11.630000114440918,-0.012032419443130493,-0.006016209721565247,-6.586621284484863,-0.03999999910593033,1.0700000524520874,-0.0,1.3600000143051147,0.8768105506896973,1.1192026138305664,4.9202561378479,0.9700000286102295,-1.3700000047683716,0.0,15.369999885559082,-0.8274526000022888,-1.5868631601333618,-21.686315536499023,-1.9800000190734863,-0.05000000074505806,0.009999999776482582,8.829999923706055,-0.062060385942459106,-0.031030192971229553,1.8819807767868042,0.07000000029802322,0.9300000071525574,0.009999999776482582,-14.430000305175781,0.23018047213554382,0.9575451016426086,2.739509344100952,0.20000000298023224,-1.3799999952316284,-0.009999999776482582,11.220000267028809,-0.1530977338552475,-1.4182744026184082,-3.8124406337738037,-1.690000057220459,-0.029999999329447746,0.019999999552965164,9.15999984741211,0.8203572034835815,0.41017860174179077,43.98786163330078,-0.2199999988079071,1.0800000429153442,-0.019999999552965164,1.3700000047683716,0.579353928565979,1.0448384284973145,-3.486161470413208,0.7300000190734863,-1.3700000047683716,-0.009999999776482582,13.020000457763672,1.6528427600860596,-0.9667893052101135,40.3360710144043,-2.0899999141693115
1744,241472,0.0,0.0,0.0,0.05999999865889549,0.0,-9.470000267028809,-0.6236541271209717,-0.31182706356048584,-37.18270492553711,0.18000000715255737,0.9100000262260437,0.019999999552965164,-12.520000457763672,-0.5805895328521729,0.7548525929450989,-15.544743537902832,0.1899999976158142,-1.3799999952316284,0.009999999776482582,14.1899995803833,0.9591790437698364,-1.1402052640914917,23.964473724365234,-1.1299999952316284,0.05999999865889549,0.009999999776482582,-11.229999542236328,-0.01296013593673706,-0.00648006796836853,-6.663006782531738,-0.05999999865889549,1.0700000524520874,-0.0,1.25,0.880118727684021,1.1200296878814697,5.002963542938232,0.9399999976158142,-1.3700000047683716,0.009999999776482582,14.729999542236328,-0.8281781673431396,-1.5870444774627686,-21.719446182250977,-1.9700000286102295,-0.05000000074505806,0.019999999552965164,8.050000190734863,-0.0638139471411705,-0.03190697357058525,1.779302716255188,0.07999999821186066,0.9300000071525574,-0.0,-14.359999656677246,0.2310272455215454,0.957756757736206,2.775675058364868,0.1599999964237213,-1.3799999952316284,-0.009999999776482582,12.010000228881836,-0.1508389413356781,-1.4177097082138062,-3.7559711933135986,-1.659999966621399,-0.029999999329447746,-0.03999999910593033,9.119999885559082,0.8251008987426758,0.4125504493713379,44.31504821777344,-0.23999999463558197,1.0800000429153442,0.0,1.090000033378601,0.5753384828567505,1.0438345670700073,-3.6165475845336914,0.7200000286102295,-1.3700000047683716,0.0,12.84000015258789,1.6511478424072266,-0.9672130346298218,40.2786979675293,-2.0899999141693115
1764,241776,0.0,0.0,0.0,0.05999999865889549,0.009999999776482582,-9.8100004196167,-0.6250283122062683,-0.31251415610313416,-37.266414642333984,0.17000000178813934,0.9100000262260437,0.009999999776482582,-12.390000343322754,-0.5757650136947632,0.7560586929321289,-15.409133911132812,0.1599999964237213,-1.3799999952316284,0.009999999776482582,13.640000343322754,0.9555381536483765,-1.141115427017212,23.873456954956055,-1.1299999952316284,0.05999999865889549,-0.029999999329447746,-11.229999542236328,-0.01178470253944397,-0.005892351269721985,-6.5442352294921875,-0.05999999865889549,1.0700000524520874,0.0,2.0999999046325684,0.8707813024520874,1.1176953315734863,4.769527912139893,0.9300000071525574,-1.3700000047683716,0.0,13.640000343322754,-0.8250501155853271,-1.5862624645233154,-21.626245498657227,-1.9700000286102295,-0.05000000074505806,0.0,8.619999885559082,-0.062363386154174805,-0.031181693077087402,1.8818308115005493,0.07999999821186066,0.9300000071525574,-0.0,-13.979999542236328,0.22974812984466553,0.9574370384216309,2.7437031269073486,0.09000000357627869,-1.3799999952316284,-0.009999999776482582,12.069999694824219,-0.15076091885566711,-1.4176902770996094,-3.754028081893921,-1.649999976158142,-0.029999999329447746,0.019999999552965164,9.729999542236328,0.8197264671325684,0.4098632335662842,43.95632553100586,-0.25,1.0800000429153442,-0.009999999776482582,1.0099999904632568,0.578136146068573,1.0445339679718018,-3.5316073894500732,0.7099999785423279,-1.3700000047683716,0.0,13.369999885559082,1.6510541439056396,-0.9672364592552185,40.2763557434082,-2.0999999046325684
1784,242080,0.0,0.0,0.0,0.05999999865889549,0.0,-9.369999885559082,-0.6241795420646667,-0.3120897710323334,-37.20897674560547,0.17000000178813934,0.9100000262260437,-0.009999999776482582,-11.880000114440918,-0.5721912384033203,0.756952166557312,-15.289785385131836,0.14000000059604645,-1.3799999952316284,0.009999999776482582,13.0600004196167,0.9601987600326538,-1.1399502754211426,23.989973068237305,-1.1200000047683716,0.05999999865889549,-0.009999999776482582,-11.170000076293945,-0.013362348079681396,-0.006681174039840698,-6.653117656707764,-0.07000000029802322,1.0700000524520874,0.009999999776482582,1.649999976158142,0.8720084428787231,1.1180020570755005,4.785200595855713,0.9300000071525574,-1.3700000047683716,-0.0,14.40999984741211,-0.8261861801147461,-1.586546540260315,-21.654653549194336,-1.9700000286102295,-0.05000000074505806,0.0,8.800000190734863,-0.06094106286764145,-0.030470531433820724,1.9529469013214111,0.07999999821186066,0.9300000071525574,0.009999999776482582,-14.020000457763672,0.22864913940429688,0.9571622610092163,2.7012252807617188,0.05000000074505806,-1.3799999952316284,0.009999999776482582,11.680000305175781,-0.15436042845249176,-1.4185900688171387,-3.8740074634552,-1.6399999856948853,-0.029999999329447746,0.019999999552965164,9.449999809265137,0.8201508522033691,0.41007542610168457,43.977542877197266,-0.25999999046325684,1.0800000429153442,0.009999999776482582,1.1200000047683716,0.5788136720657349,1.0447033643722534,-3.544667959213257,0.699999988079071,-1.3700000047683716,-0.009999999776482582,12.989999771118164,1.6553339958190918,-0.9661664962768555,40.39834976196289,-2.0999999046325684
1804,242384,0.0,0.0,0.0,0.05999999865889549,-0.0,-8.989999771118164,-0.6239160299301147,-0.3119580149650574,-37.19580078125,0.17000000178813934,0.9100000262260437,-0.0,-12.229999542236328,-0.577778697013855,0.755555272102356,-15.444475173950195,0.11999999731779099,-1.3799999952316284,-0.009999999776482582,13.609999656677246,0.9552658796310425,-1.1411834955215454,23.896648406982422,-1.1200000047683716,0.05999999865889549,0.009999999776482582,-11.369999885559082,-0.012047380208969116,-0.006023690104484558,-6.617369174957275,-0.07000000029802322,1.0700000524520874,-0.0,1.0700000524520874,0.8784570693969727,1.1196142435073853,4.961419105529785,0.9200000166893005,-1.3700000047683716,0.0,14.369999885559082,-0.8281171321868896,-1.587029218673706,-21.70292091369629,-1.9700000286102295,-0.05000000074505806,-0.009999999776482582,8.960000038146973,-0.06225226819515228,-0.03112613409757614,1.9023866653442383,0.09000000357627869,0.9300000071525574,-0.009999999776482582,-14.069999694824219,0.23146602511405945,0.9578664898872375,2.8016483783721924,0.019999999552965164,-1.3799999952316284,-0.009999999776482582,12.020000457763672,-0.15104718506336212,-1.4177618026733398,-3.7611806392669678,-1.6399999856948853,-0.029999999329447746,0.0,9.0,0.8215826749801636,0.4107913374900818,44.079132080078125,-0.2800000011920929,1.0800000429153442,-0.009999999776482582,1.0800000429153442,0.5769851207733154,1.0442461967468262,-3.560384511947632,0.699999988079071,-1.3700000047683716,-0.0,13.710000038146973,1.6491172313690186,-0.9677206873893738,40.22793197631836,-2.0999999046325684
1824,242688,0.0,0.0,0.0,0.05999999865889549,0.009999999776482582,-9.619999885559082,-0.6235758066177368,-0.3117879033088684,-37.193790435791016,0.17000000178813934,0.9100000262260437,-0.009999999776482582,-11.770000457763672,-0.5744006633758545,0.7563998103141785,-15.34502124786377,0.10000000149011612,-1.3799999952316284,-0.0,14.109999656677246,0.9578520059585571,-1.1405370235443115,23.94629669189453,-1.100000023841858,0.05999999865889549,0.009999999776482582,-11.789999961853027,-0.012271791696548462,-0.006135895848274231,-6.628589630126953,-0.07000000029802322,1.0700000524520874,0.0,1.25,0.881331205368042,1.1203327178955078,5.033266544342041,0.9300000071525574,-1.3700000047683716,0.009999999776482582,13.170000076293945,-0.8305332660675049,-1.5876333713531494,-21.778335571289062,-1.9700000286102295,-0.05000000074505806,0.029999999329447746,8.9399995803833,-0.062467120587825775,-0.031233560293912888,1.831644058227539,0.07999999821186066,0.9300000071525574,0.019999999552965164,-13.880000114440918,0.23007625341415405,0.9575190544128418,2.721904754638672,0.0,-1.3799999952316284,-0.0,11.880000114440918,-0.15475745499134064,-1.4186893701553345,-3.8689374923706055,-1.6399999856948853,-0.029999999329447746,0.0,9.710000038146973,0.8224833011627197,0.41124165058135986,44.12416458129883,-0.2800000011920929,1.0800000429153442,-0.019999999552965164,0.9900000095367432,0.5785441994667053,1.0446360111236572,-3.5064032077789307,0.6899999976158142,-1.3700000047683716,0.0,13.0,1.6530914306640625,-0.9667271375656128,40.32728576660156,-2.119999885559082
1844,242992,0.0,0.0,0.0,0.05999999865889549,0.009999999776482582,-9.579999923706055,-0.6249498724937439,-0.31247493624687195,-37.26249313354492,0.17000000178813934,0.9100000262260437,0.009999999776482582,-12.260000228881836,-0.5752681493759155,0.7561829090118408,-15.396712303161621,0.10999999940395355,-1.3799999952316284,-0.009999999776482582,13.09000015258789,0.9567605257034302,-1.1408098936080933,23.934009552001953,-1.090000033378601,0.05999999865889549,-0.019999999552965164,-11.670000076293945,-0.012355431914329529,-0.006177715957164764,-6.587770938873291,-0.09000000357627869,1.0700000524520874,0.0,2.0799999237060547,0.87425696849823,1.118564248085022,4.856419563293457,0.9200000166893005,-1.3700000047683716,0.0,13.390000343322754,-0.8267353773117065,-1.5866838693618774,-21.668386459350586,-1.9700000286102295,-0.05000000074505806,-0.009999999776482582,9.050000190734863,-0.061181455850601196,-0.030590727925300598,1.9559272527694702,0.09000000357627869,0.9300000071525574,-0.0,-13.949999809265137,0.23001229763031006,0.957503080368042,2.750307321548462,-0.019999999552965164,-1.3799999952316284,-0.0,11.930000305175781,-0.15300707519054413,-1.4182517528533936,-3.8251757621765137,-1.6299999952316284,-0.029999999329447746,0.019999999552965164,9.329999923706055,0.819448709487915,0.4097243547439575,43.94243621826172,-0.28999999165534973,1.0800000429153442,-0.0,0.75,0.5780104398727417,1.04450261592865,-3.5497426986694336,0.6800000071525574,-1.3700000047683716,-0.009999999776482582,13.079999923706055,1.6520016193389893,-0.9669995903968811,40.315040588378906,-2.109999895095825
1864,243296,0.0,0.0,0.0,0.05999999865889549,0.009999999776482582,-9.510000228881836,-0.6245490312576294,-0.3122745156288147,-37.24245071411133,0.1599999964237213,0.9100000262260437,0.009999999776482582,-12.289999961853027,-0.5805034637451172,0.7548741102218628,-15.527591705322266,0.07999999821186066,-1.3799999952316284,0.0,12.5600004196167,0.9556177854537964,-1.141095519065857,23.89044761657715,-1.0800000429153442,0.05999999865889549,0.009999999776482582,-11.40999984741211,-0.012008965015411377,-0.0060044825077056885,-6.615448474884033,-0.09000000357627869,1.0700000524520874,-0.009999999776482582,1.1699999570846558,0.8661844730377197,1.1165461540222168,4.669610023498535,0.9100000262260437,-1.3700000047683716,-0.019999999552965164,14.399999618530273,-0.8207314014434814,-1.5851829051971436,-21.48828887939453,-1.9600000381469727,-0.05000000074505806,0.009999999776482582,8.65999984741211,-0.06272605061531067,-0.031363025307655334,1.848697543144226,0.10000000149011612,0.9300000071525574,0.029999999329447746,-14.300000190734863,0.22831261157989502,0.9570780992507935,2.662809133529663,-0.07000000029802322,-1.3799999952316284,0.009999999776482582,11.520000457763672,-0.15183746814727783,-1.4179593324661255,-3.810933828353882,-1.6100000143051147,-0.029999999329447746,-0.029999999329447746,9.279999732971191,0.8208228349685669,0.41041141748428345,44.08613967895508,-0.3100000023841858,1.0800000429153442,-0.0,0.9900000095367432,0.5728974938392639,1.0432243347167969,-3.6775708198547363,0.6700000166893005,-1.3700000047683716,-0.0,12.020000457763672,1.6446661949157715,-0.9688334465026855,40.11665725708008,-2.119999885559082
1885,243615,0.0,0.0,0.0,0.05999999865889549,0.009999999776482582,-9.25,-0.6250393390655518,-0.3125196695327759,-37.2669677734375,0.1599999964237213,0.9100000262260437,0.0,-12.09000015258789,-0.5765102505683899,0.7558724284172058,-15.412759780883789,0.07000000029802322,-1.3799999952316284,-0.0,13.5600004196167,0.9552896022796631,-1.1411776542663574,23.882234573364258,-1.0800000429153442,0.05999999865889549,-0.019999999552965164,-11.279999732971191,-0.01196017861366272,-0.00598008930683136,-6.568008899688721,-0.10000000149011612,1.0700000524520874,0.009999999776482582,1.3300000429153442,0.8683359622955322,1.11708402633667,4.693397521972656,0.8999999761581421,-1.3700000047683716,-0.009999999776482582,14.239999771118164,-0.8242031335830688,-1.5860507488250732,-21.59007453918457,-1.9500000476837158,-0.05000000074505806,0.009999999776482582,9.359999656677246,-0.06278945505619049,-0.031394727528095245,1.8455272912979126,0.10000000149011612,0.9300000071525574,-0.0,-13.84000015258789,0.2294759452342987,0.9573689699172974,2.736896276473999,-0.12999999523162842,-1.3799999952316284,0.009999999776482582,11.359999656677246,-0.1515582948923111,-1.4178895950317383,-3.803960084915161,-1.590000033378601,-0.029999999329447746,0.0,9.619999885559082,0.8206769227981567,0.41033846139907837,44.03384780883789,-0.3199999928474426,1.0800000429153442,-0.009999999776482582,0.7599999904632568,0.5766971111297607,1.0441741943359375,-3.567584753036499,0.6700000166893005,-1.3700000047683716,-0.0,13.050000190734863,1.648500919342041,-0.9678747653961182,40.2125244140625,-2.119999885559082
1905,243919,0.0,0.0,0.0,0.05999999865889549,0.0,-9.430000305175781,-0.6233001947402954,-0.3116500973701477,-37.165008544921875,0.1599999964237213,0.9100000262260437,0.0,-12.430000305175781,-0.5756409764289856,0.7560897469520569,-15.391027450561523,0.05000000074505806,-1.3799999952316284,-0.009999999776482582,13.109999656677246,0.9587228298187256,-1.1403193473815918,23.983064651489258,-1.0800000429153442,0.05999999865889549,-0.0,-11.789999961853027,-0.012677803635597229,-0.0063389018177986145,-6.633889675140381,-0.10999999940395355,1.0700000524520874,-0.0,1.2000000476837158,0.8784013390541077,1.1196002960205078,4.960024356842041,0.8799999952316284,-1.3700000047683716,-0.0,14.529999732971191,-0.8268080353736877,-1.5867019891738892,-21.670198440551758,-1.940000057220459,-0.05000000074505806,0.009999999776482582,8.770000457763672,-0.06170697510242462,-0.03085348755121231,1.899651288986206,0.10999999940395355,0.9300000071525574,0.0,-13.529999732971191,0.23148801922798157,0.9578719735145569,2.787196636199951,-0.1899999976158142,-1.3799999952316284,0.009999999776482582,11.609999656677246,-0.15479005873203278,-1.418697476387024,-3.8847482204437256,-1.559999942779541,-0.029999999329447746,0.019999999552965164,9.1899995803833,0.8209631443023682,0.4104815721511841,44.018157958984375,-0.3400000035762787,1.0800000429153442,-0.009999999776482582,1.090000033378601,0.5772789120674133,1.044319748878479,-3.5530292987823486,0.6600000262260437,-1.3700000047683716,-0.009999999776482582,12.229999542236328,1.6537065505981445,-0.9665733575820923,40.357666015625,-2.130000114440918
1925,244223,0.0,0.0,0.0,0.05999999865889549,0.0,-9.5600004196167,-0.6245677471160889,-0.31228387355804443,-37.22838592529297,0.1599999964237213,0.9100000262260437,0.009999999776482582,-12.100000381469727,-0.5787427425384521,0.755314290523529,-15.483573913574219,0.009999999776482582,-1.3799999952316284,-0.009999999776482582,11.75,0.9585995674133301,-1.140350103378296,23.97998809814453,-1.0800000429153442,0.05999999865889549,0.009999999776482582,-11.739999771118164,-0.012578949332237244,-0.006289474666118622,-6.643946647644043,-0.10999999940395355,1.0700000524520874,0.009999999776482582,1.2599999904632568,0.882165253162384,1.1205413341522217,5.039128303527832,0.8799999952316284,-1.3700000047683716,0.0,14.569999694824219,-0.8306444883346558,-1.5876611471176147,-21.76611328125,-1.940000057220459,-0.05000000074505806,0.019999999552965164,9.119999885559082,-0.06232838332653046,-0.03116419166326523,1.8535809516906738,0.10000000149011612,0.9300000071525574,0.0,-13.949999809265137,0.2308158278465271,0.9577039480209351,2.7703940868377686,-0.23000000417232513,-1.3799999952316284,0.009999999776482582,11.609999656677246,-0.15507778525352478,-1.4187694787979126,-3.8919484615325928,-1.559999942779541,-0.029999999329447746,0.0,9.050000190734863,0.8234832286834717,0.41174161434173584,44.17416000366211,-0.3499999940395355,1.0800000429153442,0.019999999552965164,1.0099999904632568,0.5754945874214172,1.04387366771698,-3.6426374912261963,0.6600000262260437,-1.3700000047683716,-0.0,12.680000305175781,1.6540443897247314,-0.9664888978004456,40.351112365722656,-2.140000104904175
1945,244527,0.0,0.0,0.0,0.05999999865889549,0.0,-9.489999771118164,-0.6247299313545227,-0.31236496567726135,-37.23649597167969,0.18000000715255737,0.9100000262260437,-0.009999999776482582,-12.359999656677246,-0.5747865438461304,0.7563033103942871,-15.354671478271484,-0.009999999776482582,-1.3799999952316284,0.0,14.390000343322754,0.9577153921127319,-1.140571117401123,23.942888259887695,-1.090000033378601,0.05999999865889549,0.0,-11.630000114440918,-0.012488991022109985,-0.006244495511054993,-6.624449729919434,-0.10999999940395355,1.0700000524520874,0.009999999776482582,1.149999976158142,0.8808835744857788,1.1202208995819092,5.007084846496582,0.8700000047683716,-1.3700000047683716,-0.009999999776482582,14.25,-0.8300062417984009,-1.5875015258789062,-21.735153198242188,-1.940000057220459,-0.05000000074505806,-0.009999999776482582,8.399999618530273,-0.06119925528764725,-0.030599627643823624,1.955037236213684,0.10000000149011612,0.9300000071525574,0.009999999776482582,-13.420000076293945,0.22973087430000305,0.9574326872825623,2.7282679080963135,-0.27000001072883606,-1.3799999952316284,-0.009999999776482582,11.569999694824219,-0.15380170941352844,-1.4184504747390747,-3.830047845840454,-1.559999942779541,-0.029999999329447746,0.009999999776482582,9.279999732971191,0.8211996555328369,0.41059982776641846,44.04498291015625,-0.3700000047683716,1.0800000429153442,-0.009999999776482582,0.8199999928474426,0.578387439250946,1.044596791267395,-3.525325059890747,0.6700000166893005,-1.3700000047683716,-0.009999999776482582,13.069999694824219,1.6526901721954346,-0.9668274521827698,40.33225631713867,-2.1500000953674316
1965,244831,0.0,0.0,0.0,0.05999999865889549,-0.0,-9.180000305175781,-0.6253397464752197,-0.31266987323760986,-37.26698684692383,0.1899999976158142,0.9100000262260437,-0.019999999552965164,-12.520000457763672,-0.5768996477127075,0.7557750940322876,-15.39249324798584,-0.03999999910593033,-1.3799999952316284,-0.0,13.020000457763672,0.9563218355178833,-1.14091956615448,23.908042907714844,-1.0700000524520874,0.05999999865889549,-0.0,-11.930000305175781,-0.012030370533466339,-0.0060151852667331696,-6.601518630981445,-0.10999999940395355,1.0700000524520874,0.009999999776482582,1.7000000476837158,0.8841180801391602,1.1210294961929321,5.087944507598877,0.8600000143051147,-1.3700000047683716,0.009999999776482582,13.4399995803833,-0.830854594707489,-1.587713599205017,-21.786357879638672,-1.9299999475479126,-0.05000000074505806,0.009999999776482582,8.960000038146973,-0.06263968348503113,-0.031319841742515564,1.8530158996582031,0.09000000357627869,0.9300000071525574,-0.009999999776482582,-14.279999732971191,0.23136016726493835,0.9578400254249573,2.799001932144165,-0.30000001192092896,-1.3799999952316284,0.0,10.970000267028809,-0.15183009207248688,-1.4179575443267822,-3.795754909515381,-1.559999942779541,-0.029999999329447746,-0.0,9.319999694824219,0.8233520984649658,0.4116760492324829,44.167606353759766,-0.38999998569488525,1.0800000429153442,0.009999999776482582,1.149999976158142,0.5764105319976807,1.044102668762207,-3.6047375202178955,0.6700000166893005,-1.3700000047683716,0.0,12.899999618530273,1.651871681213379,-0.9670320749282837,40.296791076660156,-2.1600000858306885
1985,245135,0.0,0.0,0.0,0.05999999865889549,0.0,-9.489999771118164,-0.6249756813049316,-0.3124878406524658,-37.248783111572266,0.20000000298023224,0.9100000262260437,-0.0,-12.670000076293945,-0.5787484645843506,0.7553128600120544,-15.468716621398926,-0.05000000074505806,-1.3799999952316284,-0.0,11.470000267028809,0.9592932462692261,-1.1401766538619995,23.98233413696289,-1.0499999523162842,0.05999999865889549,0.009999999776482582,-11.59000015258789,-0.012793980538845062,-0.006396990269422531,-6.654698848724365,-0.10999999940395355,1.0700000524520874,0.0,1.590000033378601,0.8876076340675354,1.1219018697738647,5.190181732177734,0.8399999737739563,-1.3700000047683716,0.009999999776482582,14.319999694824219,-0.8318083882331848,-1.5879521369934082,-21.810213088989258,-1.9199999570846558,-0.05000000074505806,0.0,9.029999732971191,-0.062019459903240204,-0.031009729951620102,1.8990271091461182,0.09000000357627869,0.9300000071525574,-0.009999999776482582,-14.130000114440918,0.23262575268745422,0.958156406879425,2.8306400775909424,-0.33000001311302185,-1.3799999952316284,0.009999999776482582,11.210000038146973,-0.1536017805337906,-1.4184004068374634,-3.855041265487671,-1.5700000524520874,-0.029999999329447746,-0.019999999552965164,9.5600004196167,0.8243448734283447,0.41217243671417236,44.24724197387695,-0.4000000059604645,1.0800000429153442,-0.0,1.159999966621399,0.5762878060340881,1.044071912765503,-3.592813014984131,0.6700000166893005,-1.3700000047683716,0.0,12.5,1.6521220207214355,-0.9669694900512695,40.30305099487305,-2.1700000762939453
2025,245758,0.0,0.0,0.0,0.05999999865889549,-0.0,-9.359999656677246,-0.6238109469413757,-0.31190547347068787,-37.190547943115234,0.20999999344348907,0.9100000262260437,0.009999999776482582,-12.289999961853027,-0.579298198223114,0.7551754117012024,-15.497462272644043,-0.09000000357627869,-1.3799999952316284,0.019999999552965164,11.329999923706055,0.9533251523971558,-1.141668677330017,23.803131103515625,-1.0099999904632568,0.05999999865889549,0.0,-11.670000076293945,-0.011225812137126923,-0.005612906068563461,-6.561290264129639,-0.11999999731779099,1.0700000524520874,-0.009999999776482582,1.5399999618530273,0.8796794414520264,1.119919776916504,5.006972312927246,0.8199999928474426,-1.3700000047683716,-0.009999999776482582,13.869999885559082,-0.8292660713195801,-1.5873165130615234,-21.716651916503906,-1.8799999952316284,-0.05000000074505806,0.009999999776482582,8.649999618530273,-0.06293193250894547,-0.03146596625447273,1.8384034633636475,0.07999999821186066,0.9300000071525574,0.009999999776482582,-13.90999984741211,0.23058196902275085,0.9576454758644104,2.749546766281128,-0.38999998569488525,-1.3799999952316284,-0.019999999552965164,12.260000228881836,-0.15238462388515472,-1.4180961847305298,-3.779618978500366,-1.5299999713897705,-0.029999999329447746,0.009999999776482582,9.130000114440918,0.8213691711425781,0.41068458557128906,44.05345916748047,-0.41999998688697815,1.0800000429153442,-0.019999999552965164,1.1100000143051147,0.5777869820594788,1.0444467067718506,-3.5253336429595947,0.6600000262260437,-1.3700000047683716,0.0,13.460000038146973,1.649857997894287,-0.9675354957580566,40.24645233154297,-2.1600000858306885
2045,246062,0.0,0.0,0.0,0.05999999865889549,-0.009999999776482582,-8.989999771118164,-0.6245154738426208,-0.3122577369213104,-37.21077346801758,0.2199999988079071,0.9100000262260437,0.009999999776482582,-12.569999694824219,-0.5795153379440308,0.755121111869812,-15.502891540527344,-0.10000000149011612,-1.3799999952316284,0.0,14.329999923706055,0.9582895040512085,-1.140427589416504,23.95724105834961,-1.0099999904632568,0.05999999865889549,-0.009999999776482582,-11.539999961853027,-0.012213468551635742,-0.006106734275817871,-6.59567403793335,-0.11999999731779099,1.0700000524520874,0.0,0.7599999904632568,0.8854674100875854,1.1213668584823608,5.136680603027344,0.8199999928474426,-1.3700000047683716,0.009999999776482582,14.770000457763672,-0.8303614854812622,-1.5875903367996216,-21.774032592773438,-1.8600000143051147,-0.05000000074505806,-0.009999999776482582,8.609999656677246,-0.06148971617221832,-0.03074485808610916,1.9405142068862915,0.07000000029802322,0.9300000071525574,-0.0,-14.279999732971191,0.2313864529132843,0.9578465819358826,2.7846574783325195,-0.41999998688697815,-1.3799999952316284,0.0,11.4399995803833,-0.15500740706920624,-1.418751835823059,-3.8751840591430664,-1.5199999809265137,-0.029999999329447746,0.009999999776482582,9.260000228881836,0.8220365047454834,0.4110182523727417,44.08682632446289,-0.4300000071525574,1.0800000429153442,0.009999999776482582,1.2999999523162842,0.5757907032966614,1.043947696685791,-3.620234727859497,0.6600000262260437,-1.3700000047683716,0.0,12.579999923706055,1.651892900466919,-0.9670267701148987,40.297325134277344,-2.1500000953674316
2065,246366,0.0,0.0,0.0,0.05999999865889549,0.019999999552965164,-9.380000114440918,-0.625305712223053,-0.3126528561115265,-37.295284271240234,0.23999999463558197,0.9100000262260437,-0.009999999776482582,-12.140000343322754,-0.5729461908340454,0.7567634582519531,-15.308656692504883,-0.11999999731779099,-1.3799999952316284,0.0,12.430000305175781,0.9587651491165161,-1.1403087377548218,23.969125747680664,-1.0199999809265137,0.05999999865889549,0.009999999776482582,-11.510000228881836,-0.01308491826057434,-0.00654245913028717,-6.669246196746826,-0.10999999940395355,1.0700000524520874,0.0,1.6399999856948853,0.8796688318252563,1.1199171543121338,4.991710186004639,0.8199999928474426,-1.3700000047683716,0.0,14.140000343322754,-0.8273444771766663,-1.5868360996246338,-21.683609008789062,-1.850000023841858,-0.05000000074505806,-0.0,8.890000343322754,-0.06103547662496567,-0.030517738312482834,1.9482262134552002,0.05000000074505806,0.9300000071525574,0.009999999776482582,-14.140000343322754,0.23031753301620483,0.9575793743133545,2.742936611175537,-0.4300000071525574,-1.3799999952316284,0.009999999776482582,11.210000038146973,-0.15492241084575653,-1.418730616569519,-3.8880622386932373,-1.5199999809265137,-0.029999999329447746,0.0,9.520000457763672,0.8217360973358154,0.4108680486679077,44.0868034362793,-0.4399999976158142,1.0800000429153442,-0.019999999552965164,1.159999966621399,0.5808610320091248,1.0452152490615845,-3.448479413986206,0.6499999761581421,-1.3700000047683716,-0.019999999552965164,12.90999984741211,1.656865119934082,-0.9657837152481079,40.451629638671875,-2.140000104904175
2085,246670,0.0,0.0,0.0,0.05999999865889549,-0.009999999776482582,-9.829999923706055,-0.6228280067443848,-0.3114140033721924,-37.126399993896484,0.25,0.9100000262260437,0.0,-12.1899995803833,-0.5770320892333984,0.7557419538497925,-15.425806999206543,-0.12999999523162842,-1.3799999952316284,-0.009999999776482582,11.869999885559082,0.9600293636322021,-1.1399927139282227,24.015727996826172,-1.0399999618530273,0.05999999865889549,0.009999999776482582,-11.84000015258789,-0.013087153434753418,-0.006543576717376709,-6.669357776641846,-0.10000000149011612,1.0700000524520874,-0.0,2.0899999141693115,0.8820840716362,1.1205209493637085,5.052089691162109,0.8100000023841858,-1.3700000047683716,-0.0,13.569999694824219,-0.8303797841072083,-1.587594985961914,-21.759498596191406,-1.8300000429153442,-0.05000000074505806,0.019999999552965164,8.8100004196167,-0.06323812156915665,-0.03161906078457832,1.8080940246582031,0.029999999329447746,0.9300000071525574,-0.0,-14.210000038146973,0.2306387722492218,0.9576596617698669,2.765965461730957,-0.46000000834465027,-1.3799999952316284,0.0,11.479999542236328,-0.15333838760852814,-1.4183346033096313,-3.833460807800293,-1.5199999809265137,-0.029999999329447746,-0.019999999552965164,9.380000114440918,0.8251198530197144,0.4125599265098572,44.28599166870117,-0.44999998807907104,1.0800000429153442,-0.019999999552965164,0.6000000238418579,0.5775213241577148,1.0443803071975708,-3.5319736003875732,0.6499999761581421,-1.3700000047683716,-0.0,12.739999771118164,1.6529490947723389,-0.9667627215385437,40.323726654052734,-2.130000114440918
2105,246974,0.0,0.0,0.0,0.05999999865889549,0.009999999776482582,-9.680000305175781,-0.6250054240226746,-0.3125027120113373,-37.2652702331543,0.25999999046325684,0.9100000262260437,0.009999999776482582,-11.979999542236328,-0.5793426632881165,0.7551643252372742,-15.498570442199707,-0.15000000596046448,-1.3799999952316284,0.0,13.5,0.9552685022354126,-1.1411828994750977,23.881710052490234,-1.0299999713897705,0.05999999865889549,-0.029999999329447746,-11.40999984741211,-0.011513188481330872,-0.005756594240665436,-6.530658721923828,-0.10999999940395355,1.0700000524520874,0.009999999776482582,1.190000057220459,0.8769687414169312,1.1192421913146973,4.909214019775391,0.8100000023841858,-1.3700000047683716,-0.0,14.510000228881836,-0.8278080224990845,-1.5869519710540771,-21.6951961517334,-1.8200000524520874,-0.05000000074505806,0.009999999776482582,8.920000076293945,-0.0628286674618721,-0.03141433373093605,1.8435667753219604,0.019999999552965164,0.9300000071525574,-0.0,-14.069999694824219,0.2315904200077057,0.9578976035118103,2.789759635925293,-0.4699999988079071,-1.3799999952316284,0.0,11.279999732971191,-0.1527024507522583,-1.4181755781173706,-3.8175582885742188,-1.5199999809265137,-0.029999999329447746,0.009999999776482582,9.300000190734863,0.8217703104019165,0.41088515520095825,44.073516845703125,-0.46000000834465027,1.0800000429153442,0.0,1.0,0.5763093829154968,1.0440772771835327,-3.5922765731811523,0.6499999761581421,-1.3700000047683716,-0.009999999776482582,12.979999542236328,1.650571346282959,-0.9673571586608887,40.2792854309082,-2.119999885559082
2125,247278,0.0,0.0,0.0,0.05999999865889549,-0.019999999552965164,-9.670000076293945,-0.6228243708610535,-0.31141218543052673,-37.11122131347656,0.2800000011920929,0.9100000262260437,-0.0,-12.239999771118164,-0.5784215927124023,0.7553945779800415,-15.46054458618164,-0.18000000715255737,-1.3799999952316284,0.0,14.010000228881836,0.9564563035964966,-1.1408859491348267,23.91140365600586,-1.0,0.05999999865889549,-0.009999999776482582,-11.640000343322754,-0.01239827275276184,-0.00619913637638092,-6.60491418838501,-0.10000000149011612,1.0700000524520874,0.0,1.100000023841858,0.876811146736145,1.119202733039856,4.9202680587768555,0.7900000214576721,-1.3700000047683716,0.009999999776482582,14.0,-0.8268183469772339,-1.5867046117782593,-21.68545913696289,-1.809999942779541,-0.05000000074505806,0.009999999776482582,9.069999694824219,-0.06263086944818497,-0.031315434724092484,1.8534566164016724,0.009999999776482582,0.9300000071525574,-0.009999999776482582,-14.039999961853027,0.23161309957504272,0.957903265953064,2.805325984954834,-0.49000000953674316,-1.3799999952316284,0.009999999776482582,12.130000114440918,-0.15166135132312775,-1.4179153442382812,-3.806535005569458,-1.5299999713897705,-0.029999999329447746,0.019999999552965164,9.279999732971191,0.8213239908218384,0.4106619954109192,44.03620147705078,-0.4699999988079071,1.0800000429153442,0.009999999776482582,0.6700000166893005,0.574299156665802,1.0435748100280762,-3.6575233936309814,0.6399999856948853,-1.3700000047683716,-0.0,13.470000267028809,1.650604486465454,-0.9673488736152649,40.265113830566406,-2.119999885559082
2145,247582,0.0,0.0,0.0,0.05999999865889549,0.019999999552965164,-9.569999694824219,-0.6257462501525879,-0.31287312507629395,-37.31731033325195,0.2800000011920929,0.9100000262260437,0.009999999776482582,-12.010000228881836,-0.5774587392807007,0.7556352615356445,-15.45147705078125,-0.20999999344348907,-1.3799999952316284,0.0,13.180000305175781,0.955784797668457,-1.1410537958145142,23.89461898803711,-0.949999988079071,0.05999999865889549,-0.019999999552965164,-11.539999961853027,-0.011279813945293427,-0.005639906972646713,-6.533990383148193,-0.10000000149011612,1.0700000524520874,0.009999999776482582,1.4600000381469727,0.884978711605072,1.1212446689605713,5.109461784362793,0.7799999713897705,-1.3700000047683716,-0.009999999776482582,13.920000076293945,-0.8324028253555298,-1.5881006717681885,-21.795066833496094,-1.7899999618530273,-0.05000000074505806,0.019999999552965164,8.670000076293945,-0.06248103082180023,-0.031240515410900116,1.845948576927185,-0.009999999776482582,0.9300000071525574,0.009999999776482582,-13.90999984741211,0.23118695616722107,0.9577966928482056,2.7646684646606445,-0.5299999713897705,-1.3799999952316284,0.0,11.029999732971191,-0.15609100461006165,-1.419022798538208,-3.902280330657959,-1.5099999904632568,-0.029999999329447746,0.009999999776482582,9.579999923706055,0.822638988494873,0.4113194942474365,44.11695098876953,-0.47999998927116394,1.0800000429153442,-0.009999999776482582,1.1200000047683716,0.5795819759368896,1.0448954105377197,-3.4954631328582764,0.6200000047683716,-1.3700000047683716,0.0,12.520000457763672,1.6546921730041504,-0.9663269519805908,40.367305755615234,-2.0999999046325684
2185,248205,0.0,0.0,0.0,0.05999999865889549,0.0,-9.489999771118164,-0.6248077154159546,-0.3124038577079773,-37.240386962890625,0.2800000011920929,0.9100000262260437,-0.0,-12.420000076293945,-0.5805061459541321,0.7548734545707703,-15.512657165527344,-0.2199999988079071,-1.3799999952316284,-0.0,12.619999885559082,0.9532722234725952,-1.1416819095611572,23.83180809020996,-0.8899999856948853,0.05999999865889549,0.0,-11.75,-0.011333450675010681,-0.005666725337505341,-6.566671848297119,-0.10000000149011612,1.0700000524520874,-0.019999999552965164,1.7799999713897705,0.878472626209259,1.1196181774139404,4.991812705993652,0.75,-1.3700000047683716,0.0,14.619999885559082,-0.8256649971008301,-1.586416244506836,-21.641624450683594,-1.7400000095367432,-0.05000000074505806,-0.019999999552965164,8.979999542236328,-0.06122569739818573,-0.030612848699092865,1.9687151908874512,-0.03999999910593033,0.9300000071525574,0.0,-14.109999656677246,0.23187223076820374,0.9579680562019348,2.796804904937744,-0.5799999833106995,-1.3799999952316284,0.009999999776482582,12.010000228881836,-0.1532490849494934,-1.4183123111724854,-3.846231698989868,-1.4800000190734863,-0.029999999329447746,0.009999999776482582,9.180000305175781,0.8194090127944946,0.4097045063972473,43.95545196533203,-0.47999998927116394,1.0800000429153442,0.009999999776482582,1.059999942779541,0.5734573006629944,1.0433642864227295,-3.6785757541656494,0.6100000143051147,-1.3700000047683716,-0.0,13.3100004196167,1.6476576328277588,-0.9680855870246887,40.19144058227539,-2.0199999809265137
2205,248509,0.0,0.0,0.0,0.05999999865889549,0.0,-9.649999618530273,-0.6247754693031311,-0.31238773465156555,-37.238773345947266,0.2800000011920929,0.9100000262260437,-0.009999999776482582,-12.100000381469727,-0.579696536064148,0.7550758123397827,-15.477420806884766,-0.2199999988079071,-1.3799999952316284,0.0,13.670000076293945,0.9548474550247192,-1.141288161277771,23.871183395385742,-0.8799999952316284,0.05999999865889549,-0.009999999776482582,-11.34000015258789,-0.012084707617759705,-0.006042353808879852,-6.589234828948975,-0.10999999940395355,1.0700000524520874,-0.009999999776482582,1.7300000190734863,0.8775187134742737,1.1193796396255493,4.952958583831787,0.7400000095367432,-1.3700000047683716,-0.009999999776482582,13.8100004196167,-0.8283270597457886,-1.587081789970398,-21.693180084228516,-1.7200000286102295,-0.05000000074505806,0.019999999552965164,8.699999809265137,-0.06393993645906448,-0.03196996822953224,1.773003339767456,-0.05999999865889549,0.9300000071525574,-0.019999999552965164,-14.050000190734863,0.2312774360179901,0.9578193426132202,2.8119335174560547,-0.6000000238418579,-1.3799999952316284,0.0,12.359999656677246,-0.1508093923330307,-1.417702317237854,-3.7702322006225586,-1.4800000190734863,-0.029999999329447746,-0.019999999552965164,9.399999618530273,0.8244273662567139,0.41221368312835693,44.251365661621094,-0.4699999988079071,1.0800000429153442,0.029999999329447746,0.6899999976158142,0.5732435584068298,1.0433108806610107,-3.713916301727295,0.6100000143051147,-1.3700000047683716,0.009999999776482582,13.100000381469727,1.6492903232574463,-0.9676774144172668,40.21725845336914,-1.9900000095367432
2225,248813,0.0,0.0,0.0,0.05999999865889549,0.009999999776482582,-9.460000038146973,-0.6259704232215881,-0.31298521161079407,-37.31352233886719,0.27000001072883606,0.9100000262260437,0.0,-13.050000190734863,-0.5790448784828186,0.7552387714385986,-15.476125717163086,-0.20999999344348907,-1.3799999952316284,0.009999999776482582,13.319999694824219,0.953937292098999,-1.1415157318115234,23.83342742919922,-0.8899999856948853,0.05999999865889549,-0.009999999776482582,-11.40999984741211,-0.011295735836029053,-0.005647867918014526,-6.5497870445251465,-0.10999999940395355,1.0700000524520874,-0.009999999776482582,1.940000057220459,0.8745713233947754,1.118642807006836,4.879275321960449,0.7200000286102295,-1.3700000047683716,-0.009999999776482582,14.460000038146973,-0.826129674911499,-1.5865323543548584,-21.638235092163086,-1.7200000286102295,-0.05000000074505806,0.009999999776482582,8.90999984741211,-0.06308511644601822,-0.03154255822300911,1.8307442665100098,-0.07000000029802322,0.9300000071525574,-0.009999999776482582,-14.069999694824219,0.23091009259223938,0.9577274918556213,2.7877485752105713,-0.6299999952316284,-1.3799999952316284,0.0,11.239999771118164,-0.14980803430080414,-1.4174519777297974,-3.7451982498168945,-1.4700000286102295,-0.029999999329447746,-0.0,9.390000343322754,0.8210891485214233,0.41054457426071167,44.05445861816406,-0.47999998927116394,1.0800000429153442,-0.009999999776482582,1.2400000095367432,0.5755168795585632,1.0438791513442993,-3.5970890522003174,0.6100000143051147,-1.3700000047683716,0.0,12.84000015258789,1.6499390602111816,-0.967515230178833,40.248477935791016,-1.9600000381469727
2244,249102,0.0,0.0,0.0,0.05999999865889549,-0.009999999776482582,-9.489999771118164,-0.6239931583404541,-0.31199657917022705,-37.18465805053711,0.25999999046325684,0.9100000262260437,-0.009999999776482582,-12.420000076293945,-0.5757064819335938,0.7560733556747437,-15.377666473388672,-0.2199999988079071,-1.3799999952316284,-0.0,13.329999923706055,0.9617494344711304,-1.1395626068115234,24.043739318847656,-0.8700000047683716,0.05999999865889549,0.009999999776482582,-11.239999771118164,-0.01321331411600113,-0.006606657058000565,-6.675665378570557,-0.10999999940395355,1.0700000524520874,0.019999999552965164,1.690000057220459,0.8846511244773865,1.12116277217865,5.0862717628479,0.699999988079071,-1.3700000047683716,-0.0,14.390000343322754,-0.8303381204605103,-1.5875844955444336,-21.75844955444336,-1.7000000476837158,-0.05000000074505806,-0.0,9.010000228881836,-0.06190972775220871,-0.030954863876104355,1.9045137166976929,-0.07999999821186066,0.9300000071525574,0.009999999776482582,-14.050000190734863,0.23120000958442688,0.9577999711036682,2.764996290206909,-0.6499999761581421,-1.3799999952316284,0.0,12.369999885559082,-0.15340639650821686,-1.418351650238037,-3.835165500640869,-1.4500000476837158,-0.029999999329447746,-0.009999999776482582,9.130000114440918,0.8229845762252808,0.4114922881126404,44.16422653198242,-0.47999998927116394,1.0800000429153442,0.0,0.7400000095367432,0.5765346884727478,1.0441336631774902,-3.5866379737854004,0.6100000143051147,-1.3700000047683716,-0.009999999776482582,12.279999732971191,1.6543238162994385,-0.9664190411567688,40.37309646606445,-1.940000057220459
2264,249406,0.0,0.0,0.0,0.05999999865889549,-0.0,-9.59000015258789,-0.6233765482902527,-0.31168827414512634,-37.168827056884766,0.27000001072883606,0.9100000262260437,-0.0,-12.180000305175781,-0.5757949352264404,0.756051242351532,-15.394878387451172,-0.23999999463558197,-1.3799999952316284,-0.0,12.960000038146973,0.9566942453384399,-1.1408264636993408,23.9173526763916,-0.8100000023841858,0.05999999865889549,0.019999999552965164,-11.569999694824219,-0.012712359428405762,-0.006356179714202881,-6.665618419647217,-0.10999999940395355,1.0700000524520874,-0.0,1.7200000286102295,0.8782370090484619,1.1195592880249023,4.955923557281494,0.6700000166893005,-1.3700000047683716,-0.0,14.380000114440918,-0.8266282677650452,-1.5866570472717285,-21.66570472717285,-1.690000057220459,-0.05000000074505806,0.009999999776482582,8.739999771118164,-0.06219494342803955,-0.031097471714019775,1.8752529621124268,-0.09000000357627869,0.9300000071525574,-0.009999999776482582,-13.649999618530273,0.23174160718917847,0.9579353928565979,2.8085386753082275,-0.6700000166893005,-1.3799999952316284,-0.0,11.300000190734863,-0.15065762400627136,-1.4176644086837769,-3.7664413452148438,-1.4299999475479126,-0.029999999329447746,0.019999999552965164,9.579999923706055,0.8212690353393555,0.41063451766967773,44.03345489501953,-0.49000000953674316,1.0800000429153442,-0.019999999552965164,1.0099999904632568,0.5779604911804199,1.044490098953247,-3.5209944248199463,0.6200000047683716,-1.3700000047683716,-0.009999999776482582,10.149999618530273,1.6527230739593506,-0.9668192267417908,40.33307647705078,-1.9299999475479126
2284,249710,0.0,0.0,0.0,0.05999999865889549,-0.0,-9.430000305175781,-0.6248118281364441,-0.31240591406822205,-37.24059295654297,0.25999999046325684,0.9100000262260437,-0.009999999776482582,-12.479999542236328,-0.5788403153419495,0.7552899122238159,-15.456010818481445,-0.27000001072883606,-1.3799999952316284,0.009999999776482582,12.520000457763672,0.9539452791213989,-1.141513705253601,23.833629608154297,-0.7099999785423279,0.05999999865889549,0.009999999776482582,-11.979999542236328,-0.011830255389213562,-0.005915127694606781,-6.606512069702148,-0.10000000149011612,1.0700000524520874,-0.009999999776482582,1.2699999809265137,0.87666916847229,1.1191673278808594,4.931727409362793,0.6399999856948853,-1.3700000047683716,-0.0,13.84000015258789,-0.8268600702285767,-1.5867149829864502,-21.671497344970703,-1.649999976158142,-0.05000000074505806,-0.009999999776482582,8.720000267028809,-0.06270530074834824,-0.03135265037417412,1.879734992980957,-0.09000000357627869,0.9300000071525574,-0.019999999552965164,-14.149999618530273,0.23183560371398926,0.9579588770866394,2.8258869647979736,-0.7200000286102295,-1.3799999952316284,-0.0,11.489999771118164,-0.14769020676612854,-1.4169225692749023,-3.6922574043273926,-1.3700000047683716,-0.029999999329447746,-0.009999999776482582,9.239999771118164,0.821887731552124,0.410943865776062,44.1093864440918,-0.49000000953674316,1.0800000429153442,-0.009999999776482582,1.090000033378601,0.5752738118171692,1.043818473815918,-3.603156805038452,0.6100000143051147,-1.3700000047683716,0.0,13.380000114440918,1.647637128829956,-0.9680907130241394,40.1909294128418,-1.8899999856948853
2304,250029,0.0,0.0,1.0,0.05999999865889549,0.0,-9.630000114440918,-1.1538482904434204,-0.5769241452217102,-63.692413330078125,0.25,0.9100000262260437,0.0,-12.239999771118164,-1.035404086112976,0.6411489248275757,-26.88511085510254,-0.25999999046325684,-1.3799999952316284,-0.0,13.789999961853027,0.8642605543136597,-1.1639348268508911,21.606517791748047,-0.6200000047683716,0.05999999865889549,0.019999999552965164,-11.609999656677246,-0.17987988889217377,-0.08993994444608688,-15.023993492126465,-0.10000000149011612,1.0700000524520874,-0.009999999776482582,1.1100000143051147,0.997692346572876,1.1494231224060059,7.957306861877441,0.6100000143051147,-1.3700000047683716,0.0,14.859999656677246,-0.8369649648666382,-1.5892412662506104,-21.92412567138672,-1.6100000143051147,-0.05000000074505806,-0.0,8.75,0.15504692494869232,0.07752346247434616,12.752346992492676,-0.10000000149011612,0.9300000071525574,-0.019999999552965164,-14.0,0.01701769232749939,0.9042543768882751,-2.544563055038452,-0.75,-1.3799999952316284,0.0,11.449999809265137,-0.5933576226234436,-1.5283393859863281,-14.833938598632812,-1.309999942779541,-0.029999999329447746,-0.019999999552965164,8.949999809265137,1.1570268869400024,0.5785134434700012,60.88134002685547,-0.49000000953674316,1.0800000429153442,-0.0,0.8199999928474426,0.6827481389045715,1.0706870555877686,-0.9312987327575684,0.6000000238418579,-1.3700000047683716,-0.019999999552965164,11.680000305175781,1.9169347286224365,-0.9007663130760193,46.953369140625,-1.850000023841858
2324,250333,0.0,0.0,0.0,0.05999999865889549,-0.009999999776482582,-9.369999885559082,-0.9408169984817505,-0.47040849924087524,-53.02585220336914,0.2199999988079071,0.9100000262260437,0.009999999776482582,-12.569999694824219,-1.1619459390640259,0.609513521194458,-30.063650131225586,-0.23000000417232513,-1.3799999952316284,0.009999999776482582,10.850000381469727,0.7557127475738525,-1.1910717487335205,18.877824783325195,-0.5600000023841858,0.05999999865889549,0.009999999776482582,-11.609999656677246,0.06338347494602203,0.03169173747301102,-2.8458261489868164,-0.10999999940395355,1.0700000524520874,0.0,1.840000033378601,1.8412127494812012,1.3603031635284424,29.030311584472656,0.5799999833106995,-1.3700000047683716,-0.009999999776482582,14.65999984741211,-1.082561731338501,-1.6506404876708984,-28.049049377441406,-1.559999942779541,-0.05000000074505806,0.0,8.869999885559082,-0.11342319846153259,-0.056711599230766296,-0.6711598634719849,-0.10000000149011612,0.9300000071525574,0.0,-13.8100004196167,0.6693919897079468,1.0673480033874512,13.7347993850708,-0.7799999713897705,-1.3799999952316284,0.0,11.220000267028809,-1.0493484735488892,-1.6423370838165283,-26.23370933532715,-1.2400000095367432,-0.029999999329447746,0.0,9.220000267028809,1.07857346534729,0.539286732673645,56.92866897583008,-0.47999998927116394,1.0800000429153442,0.0,0.9900000095367432,0.6890664100646973,1.0722665786743164,-0.7733464241027832,0.6000000238418579,-1.3700000047683716,0.009999999776482582,12.640000343322754,1.7568836212158203,-0.9407790899276733,42.9070930480957,-1.7899999618530273
2344,250637,0.0,0.0,0.0,0.05999999865889549,0.0,-9.609999656677246,-0.5814805626869202,-0.2907402813434601,-35.07402801513672,0.20000000298023224,0.9100000262260437,-0.009999999776482582,-13.010000228881836,-0.5890929698944092,0.7527267336845398,-15.712328910827637,-0.18000000715255737,-1.3799999952316284,-0.0,13.90999984741211,0.9530887603759766,-1.1417278051376343,23.827219009399414,-0.5400000214576721,0.05999999865889549,0.009999999776482582,-11.449999809265137,-0.012731984257698059,-0.0063659921288490295,-6.6515984535217285,-0.10999999940395355,1.0700000524520874,-0.0,1.350000023841858,0.7657954692840576,1.0914487838745117,2.1448731422424316,0.550000011920929,-1.3700000047683716,-0.0,14.210000038146973,-0.7776092886924744,-1.5744023323059082,-20.44023323059082,-1.5299999713897705,-0.05000000074505806,0.0,8.789999961853027,-0.0666901022195816,-0.0333450511097908,1.6654949188232422,-0.10999999940395355,0.9300000071525574,-0.009999999776482582,-14.180000305175781,0.24295839667320251,0.9607395529747009,3.0889546871185303,-0.800000011920929,-1.3799999952316284,-0.009999999776482582,11.0600004196167,-0.08747182041406631,-1.4018679857254028,-2.1717989444732666,-1.190000057220459,-0.029999999329447746,0.009999999776482582,8.869999885559082,0.8010894060134888,0.4005447030067444,43.03947067260742,-0.47999998927116394,1.0800000429153442,0.0,1.149999976158142,0.5332435965538025,1.033310890197754,-4.668915271759033,0.6000000238418579,-1.3700000047683716,-0.0,12.460000038146973,1.610102891921997,-0.9774742722511292,39.2525749206543,-1.7400000095367432
2364,250941,0.0,0.0,0.0,0.05999999865889549,-0.0,-9.460000038146973,-0.6054443120956421,-0.30272215604782104,-36.272216796875,0.15000000596046448,0.9100000262260437,0.029999999329447746,-12.25,-0.567614734172821,0.7580962777137756,-15.235374450683594,-0.10999999940395355,-1.3799999952316284,-0.0,12.65999984741211,0.9660992622375488,-1.1384751796722412,24.152481079101562,-0.5600000023841858,0.05999999865889549,-0.019999999552965164,-11.510000228881836,-0.011983752250671387,-0.005991876125335693,-6.569187641143799,-0.10000000149011612,1.0700000524520874,-0.009999999776482582,0.7200000286102295,0.8594295978546143,1.1148574352264404,4.500738143920898,0.5099999904632568,-1.3700000047683716,0.009999999776482582,14.300000190734863,-0.8238281011581421,-1.5859570503234863,-21.61070442199707,-1.5099999904632568,-0.05000000074505806,-0.019999999552965164,8.609999656677246,-0.0645265206694603,-0.03226326033473015,1.8036739826202393,-0.11999999731779099,0.9300000071525574,0.019999999552965164,-14.09000015258789,0.23251855373382568,0.9581296443939209,2.782963752746582,-0.8199999928474426,-1.3799999952316284,-0.009999999776482582,11.569999694824219,-0.1317543387413025,-1.4129385948181152,-3.278859853744507,-1.1200000047683716,-0.029999999329447746,0.009999999776482582,9.390000343322754,0.8145010471343994,0.4072505235671997,43.710052490234375,-0.4699999988079071,1.0800000429153442,0.0,1.159999966621399,0.566983699798584,1.041745901107788,-3.8254141807556152,0.6299999952316284,-1.3700000047683716,-0.0,12.479999542236328,1.6551856994628906,-0.9662035703659058,40.379642486572266,-1.7000000476837158
2384,251245,0.0,0.0,0.0,0.05999999865889549,-0.009999999776482582,-9.489999771118164,-0.6135974526405334,-0.3067987263202667,-36.66487503051758,0.14000000059604645,0.9100000262260437,0.0,-12.390000343322754,-0.5676460266113281,0.7580884695053101,-15.191155433654785,-0.07999999821186066,-1.3799999952316284,0.009999999776482582,13.270000457763672,0.9656615257263184,-1.1385846138000488,24.12653923034668,-0.5400000214576721,0.05999999865889549,0.019999999552965164,-11.479999542236328,-0.014248579740524292,-0.007124289870262146,-6.742429256439209,-0.07999999821186066,1.0700000524520874,0.0,1.8799999952316284,0.873242974281311,1.1183106899261475,4.831063747406006,0.49000000953674316,-1.3700000047683716,0.009999999776482582,14.140000343322754,-0.826604962348938,-1.5866512060165405,-21.680118560791016,-1.4800000190734863,-0.05000000074505806,0.0,8.6899995803833,-0.06283329427242279,-0.031416647136211395,1.8583353757858276,-0.12999999523162842,0.9300000071525574,-0.0,-14.029999732971191,0.23185592889785767,0.9579639434814453,2.796393632888794,-0.8299999833106995,-1.3799999952316284,0.009999999776482582,11.680000305175781,-0.14342068135738373,-1.4158551692962646,-3.600517511367798,-1.0700000524520874,-0.029999999329447746,0.0,9.430000305175781,0.819144606590271,0.4095723032951355,43.95722961425781,-0.47999998927116394,1.0800000429153442,0.0,1.2400000095367432,0.5720760226249695,1.0430189371109009,-3.698110580444336,0.6399999856948853,-1.3700000047683716,0.0,12.1899995803833,1.6543009281158447,-0.9664247632026672,40.35752487182617,-1.6699999570846558
2404,251549,0.0,0.0,0.0,0.05999999865889549,-0.009999999776482582,-9.119999885559082,-0.6202903985977173,-0.31014519929885864,-36.99951934814453,0.11999999731779099,0.9100000262260437,-0.0,-12.260000228881836,-0.5717111229896545,0.7570722103118896,-15.292781829833984,-0.05999999865889549,-1.3799999952316284,-0.0,12.149999618530273,0.9615248441696167,-1.1396187543869019,24.038124084472656,-0.4699999988079071,0.05999999865889549,0.009999999776482582,-11.84000015258789,-0.013713657855987549,-0.006856828927993774,-6.700683116912842,-0.05000000074505806,1.0700000524520874,0.009999999776482582,1.350000023841858,0.8743590116500854,1.1185897588729858,4.843970775604248,0.47999998927116394,-1.3700000047683716,0.0,14.34000015258789,-0.8271420001983643,-1.5867855548858643,-21.67855453491211,-1.4199999570846558,-0.05000000074505806,0.0,8.550000190734863,-0.062041111290454865,-0.031020555645227432,1.897944450378418,-0.15000000596046448,0.9300000071525574,-0.009999999776482582,-13.970000267028809,0.2310568392276764,0.957764208316803,2.7914202213287354,-0.8299999833106995,-1.3799999952316284,0.009999999776482582,11.65999984741211,-0.148789644241333,-1.4171974658966064,-3.7347471714019775,-1.0,-0.029999999329447746,0.0,9.0,0.8201162815093994,0.4100581407546997,44.00581359863281,-0.49000000953674316,1.0800000429153442,0.0,0.8199999928474426,0.5758575797080994,1.0439643859863281,-3.6035656929016113,0.6499999761581421,-1.3700000047683716,-0.009999999776482582,12.430000305175781,1.6545462608337402,-0.9663634300231934,40.378658294677734,-1.6399999856948853
2424,251853,0.0,0.0,0.0,0.05999999865889549,0.0,-9.329999923706055,-0.6225858926773071,-0.31129294633865356,-37.129295349121094,0.11999999731779099,0.9100000262260437,0.029999999329447746,-12.460000038146973,-0.5806772708892822,0.7548306584358215,-15.56193733215332,-0.05999999865889549,-1.3799999952316284,-0.009999999776482582,12.210000038146973,0.9572532176971436,-1.1406867504119873,23.94632339477539,-0.2800000011920929,0.05999999865889549,0.009999999776482582,-11.779999732971191,-0.012092575430870056,-0.006046287715435028,-6.619627952575684,0.0,1.0700000524520874,-0.009999999776482582,2.130000114440918,0.8759793639183044,1.1189948320388794,4.914477825164795,0.47999998927116394,-1.3700000047683716,0.0,14.260000228881836,-0.8256682753562927,-1.5864170789718628,-21.641708374023438,-1.2699999809265137,-0.05000000074505806,0.0,8.550000190734863,-0.06285589188337326,-0.03142794594168663,1.8572055101394653,-0.17000000178813934,0.9300000071525574,0.0,-13.90999984741211,0.23173436522483826,0.9579335451126099,2.793353796005249,-0.8399999737739563,-1.3799999952316284,-0.019999999552965164,11.260000228881836,-0.14942559599876404,-1.4173563718795776,-3.7056376934051514,-0.8700000047683716,-0.029999999329447746,-0.009999999776482582,9.359999656677246,0.8216021060943604,0.4108010530471802,44.0951042175293,-0.5,1.0800000429153442,-0.009999999776482582,1.2200000286102295,0.5739638209342957,1.0434908866882324,-3.635915517807007,0.6100000143051147,-1.3700000047683716,-0.0,12.9399995803833,1.6485869884490967,-0.9678532481193542,40.21467590332031,-1.600000023841858
2464,252476,0.0,0.0,0.0,0.05999999865889549,0.0,-9.460000038146973,-0.6239233613014221,-0.31196168065071106,-37.1961669921875,-0.029999999329447746,0.9100000262260437,-0.0,-12.029999732971191,-0.5763070583343506,0.7559232115745544,-15.407681465148926,0.17000000178813934,-1.3799999952316284,0.0,14.34000015258789,0.9572080373764038,-1.140697956085205,23.930204391479492,0.25,0.05999999865889549,0.0,-11.520000457763672,-0.012553706765174866,-0.006276853382587433,-6.627684593200684,0.20999999344348907,1.0700000524520874,0.0,0.8299999833106995,0.8730940818786621,1.1182734966278076,4.8273444175720215,0.5099999904632568,-1.3700000047683716,0.0,13.890000343322754,-0.8254919052124023,-1.586372971534729,-21.637296676635742,-0.47999998927116394,-0.05000000074505806,0.009999999776482582,8.489999771118164,-0.0628555417060852,-0.0314277708530426,1.842223048210144,-0.14000000059604645,0.9300000071525574,-0.0,-14.25,0.23022019863128662,0.9575550556182861,2.755504846572876,-0.7699999809265137,-1.3799999952316284,-0.0,11.329999923706055,-0.15042568743228912,-1.4176064729690552,-3.760647773742676,-0.25,-0.029999999329447746,-0.009999999776482582,9.3100004196167,0.8218164443969727,0.41090822219848633,44.1058235168457,-0.4699999988079071,1.0800000429153442,0.0,0.8600000143051147,0.5761910080909729,1.0440477132797241,-3.5952329635620117,0.5400000214576721,-1.3700000047683716,0.009999999776482582,13.5,1.650357723236084,-0.9674105644226074,40.24394607543945,-1.4199999570846558
2484,252780,0.0,0.0,0.0,0.05999999865889549,0.0,-9.359999656677246,-0.6241490840911865,-0.31207454204559326,-37.207454681396484,-0.12999999523162842,0.9100000262260437,0.0,-12.079999923706055,-0.5792959928512573,0.7551759481430054,-15.482407569885254,0.33000001311302185,-1.3799999952316284,0.009999999776482582,12.850000381469727,0.954350471496582,-1.141412377357483,23.843761444091797,0.33000001311302185,0.05999999865889549,0.009999999776482582,-11.960000038146973,-0.01188570261001587,-0.005942851305007935,-6.609285354614258,0.3199999928474426,1.0700000524520874,-0.009999999776482582,1.9199999570846558,0.8733223080635071,1.1183305978775024,4.8480544090271,0.5400000214576721,-1.3700000047683716,0.0,13.90999984741211,-0.8247890472412109,-1.5861972570419312,-21.61972427368164,-0.09000000357627869,-0.05000000074505806,-0.009999999776482582,8.5,-0.06180649995803833,-0.030903249979019165,1.9246751070022583,-0.07000000029802322,0.9300000071525574,-0.009999999776482582,-13.829999923706055,0.23113396763801575,0.9577834606170654,2.7933454513549805,-0.6499999761581421,-1.3799999952316284,0.0,12.970000267028809,-0.14946450293064117,-1.4173661470413208,-3.7366151809692383,0.0,-0.029999999329447746,0.019999999552965164,9.510000228881836,0.8196097612380981,0.4098048806190491,43.95048904418945,-0.46000000834465027,1.0800000429153442,0.019999999552965164,1.0299999713897705,0.5723558068275452,1.0430889129638672,-3.7211129665374756,0.550000011920929,-1.3700000047683716,-0.0,12.970000267028809,1.6484558582305908,-0.9678860306739807,40.21139907836914,-1.3799999952316284
2504,253084,0.0,0.0,0.0,0.05999999865889549,-0.0,-9.699999809265137,-0.6230661869049072,-0.3115330934524536,-37.1533088684082,-0.23999999463558197,0.9100000262260437,-0.009999999776482582,-12.289999961853027,-0.5774346590042114,0.7556413412094116,-15.420867919921875,0.4699999988079071,-1.3799999952316284,0.009999999776482582,13.09000015258789,0.9553526639938354,-1.1411617994308472,23.868820190429688,0.27000001072883606,0.05999999865889549,0.009999999776482582,-11.739999771118164,-0.011731594800949097,-0.005865797400474548,-6.601579666137695,0.38999998569488525,1.0700000524520874,-0.0,0.9599999785423279,0.8727872371673584,1.118196725845337,4.819667339324951,0.5600000023841858,-1.3700000047683716,0.0,14.260000228881836,-0.8247524499893188,-1.5861880779266357,-21.618806838989258,0.17000000178813934,-0.05000000074505806,0.009999999776482582,8.989999771118164,-0.062001146376132965,-0.031000573188066483,1.8849427700042725,0.019999999552965164,0.9300000071525574,0.029999999329447746,-14.319999694824219,0.22932365536689758,0.9573308825492859,2.6880874633789062,-0.5699999928474426,-1.3799999952316284,-0.0,11.609999656677246,-0.15252603590488434,-1.4181314706802368,-3.81314754486084,0.20000000298023224,-0.029999999329447746,0.019999999552965164,9.050000190734863,0.819463849067688,0.409731924533844,43.94319534301758,-0.47999998927116394,1.0800000429153442,0.0,0.9900000095367432,0.5746491551399231,1.0436623096466064,-3.6337733268737793,0.5899999737739563,-1.3700000047683716,0.0,12.260000228881836,1.6484878063201904,-0.9678780436515808,40.212196350097656,-1.3700000047683716
2524,253388,0.0,0.0,0.0,0.05999999865889549,0.0,-9.930000305175781,-0.6240585446357727,-0.31202927231788635,-37.20292663574219,-0.36000001430511475,0.9100000262260437,-0.0,-12.079999923706055,-0.5746256113052368,0.7563436031341553,-15.365642547607422,0.5899999737739563,-1.3799999952316284,-0.0,12.789999961853027,0.9606620073318481,-1.1398345232009888,24.01654815673828,0.20000000298023224,0.05999999865889549,-0.0,-11.4399995803833,-0.013428300619125366,-0.006714150309562683,-6.671415328979492,0.47999998927116394,1.0700000524520874,0.009999999776482582,0.8600000143051147,0.8778485655784607,1.1194621324539185,4.93120813369751,0.5899999737739563,-1.3700000047683716,-0.009999999776482582,13.569999694824219,-0.8283845782279968,-1.587096095085144,-21.694610595703125,0.44999998807907104,-0.05000000074505806,-0.009999999776482582,8.760000228881836,-0.06112648546695709,-0.030563242733478546,1.958675742149353,0.05000000074505806,0.9300000071525574,-0.0,-14.149999618530273,0.23027586936950684,0.9575689435005188,2.7568936347961426,-0.550000011920929,-1.3799999952316284,0.0,11.460000038146973,-0.15269272029399872,-1.4181731939315796,-3.817319869995117,0.4399999976158142,-0.029999999329447746,-0.0,9.40999984741211,0.8212741613388062,0.4106370806694031,44.0637092590332,-0.5400000214576721,1.0800000429153442,0.009999999776482582,1.159999966621399,0.5770852565765381,1.0442712306976318,-3.587881326675415,0.6299999952316284,-1.3700000047683716,-0.009999999776482582,14.039999961853027,1.654005527496338,-0.966498613357544,40.36513900756836,-1.350000023841858
2544,253692,0.0,0.0,0.0,0.05999999865889549,0.009999999776482582,-9.270000457763672,-0.6248661279678345,-0.31243306398391724,-37.258304595947266,-0.4399999976158142,0.9100000262260437,0.019999999552965164,-12.5,-0.5809506177902222,0.7547622919082642,-15.553772926330566,0.6899999976158142,-1.3799999952316284,-0.0,13.149999618530273,0.9559129476547241,-1.141021728515625,23.8978271484375,0.23000000417232513,0.05999999865889549,0.009999999776482582,-11.609999656677246,-0.011577382683753967,-0.005788691341876984,-6.593868732452393,0.5899999737739563,1.0700000524520874,-0.009999999776482582,1.2100000381469727,0.8779001235961914,1.11947500705719,4.96249532699585,0.6800000071525574,-1.3700000047683716,0.009999999776482582,13.829999923706055,-0.827043354511261,-1.5867608785629272,-21.691085815429688,0.9399999976158142,-0.05000000074505806,0.019999999552965164,8.770000457763672,-0.06263939291238785,-0.031319696456193924,1.838030457496643,0.05999999865889549,0.9300000071525574,-0.0,-13.930000305175781,0.232225239276886,0.9580562710762024,2.805626392364502,-0.4699999988079071,-1.3799999952316284,0.009999999776482582,11.649999618530273,-0.15220887959003448,-1.4180521965026855,-3.8202202320098877,0.7400000095367432,-0.029999999329447746,-0.0,9.050000190734863,0.8220425844192505,0.41102129220962524,44.10213088989258,-0.6200000047683716,1.0800000429153442,0.0,1.25,0.5751743912696838,1.0437935590744019,-3.6206483840942383,0.6100000143051147,-1.3700000047683716,-0.0,12.680000305175781,1.651418685913086,-0.9671453237533569,40.28546905517578,-1.2699999809265137
2564,253996,0.0,0.0,0.0,0.05999999865889549,0.009999999776482582,-9.489999771118164,-0.6244142055511475,-0.31220710277557373,-37.23571014404297,-0.5199999809265137,0.9100000262260437,0.0,-12.239999771118164,-0.5780884027481079,0.7554779052734375,-15.4522123336792,0.699999988079071,-1.3799999952316284,0.0,12.869999885559082,0.9577488899230957,-1.1405627727508545,23.943721771240234,0.4099999964237213,0.05999999865889549,0.019999999552965164,-11.850000381469727,-0.012490391731262207,-0.0062451958656311035,-6.654520034790039,0.699999988079071,1.0700000524520874,-0.0,1.5099999904632568,0.8859376907348633,1.121484398841858,5.148434638977051,0.800000011920929,-1.3700000047683716,-0.009999999776482582,14.680000305175781,-0.8308175802230835,-1.5877044200897217,-21.755441665649414,1.0,-0.05000000074505806,0.0,8.680000305175781,-0.06188344210386276,-0.03094172105193138,1.9058279991149902,0.07999999821186066,0.9300000071525574,0.0,-13.970000267028809,0.23224690556526184,0.958061695098877,2.806168794631958,-0.3700000047683716,-1.3799999952316284,0.009999999776482582,11.600000381469727,-0.15393681824207306,-1.4184842109680176,-3.863421678543091,1.0,-0.029999999329447746,-0.009999999776482582,9.550000190734863,0.82331383228302,0.41165691614151,44.18069076538086,-0.75,1.0800000429153442,0.009999999776482582,0.9100000262260437,0.575592577457428,1.043898105621338,-3.6251938343048096,0.5099999904632568,-1.3700000047683716,-0.0,12.989999771118164,1.6524970531463623,-0.9668757319450378,40.31242752075195,-1.1699999570846558
2584,254300,0.0,0.0,0.0,0.05999999865889549,-0.009999999776482582,-9.710000038146973,-0.6236363649368286,-0.3118181824684143,-37.16682052612305,-0.6600000262260437,0.9100000262260437,-0.009999999776482582,-12.34000015258789,-0.5737759470939636,0.75655597448349,-15.329404830932617,0.6499999761581421,-1.3799999952316284,0.009999999776482582,13.1899995803833,0.9601919651031494,-1.1399519443511963,23.989805221557617,0.6700000166893005,0.05999999865889549,0.0,-11.829999923706055,-0.013372376561164856,-0.006686188280582428,-6.668618202209473,0.8299999833106995,1.0700000524520874,0.009999999776482582,1.6699999570846558,0.8801202774047852,1.1200300455093384,4.987999439239502,0.8199999928474426,-1.3700000047683716,0.019999999552965164,14.529999732971191,-0.8287593126296997,-1.587189793586731,-21.748979568481445,1.0,-0.05000000074505806,-0.009999999776482582,9.479999542236328,-0.06134063005447388,-0.03067031502723694,1.947968602180481,0.03999999910593033,0.9300000071525574,-0.0,-14.100000381469727,0.23050040006637573,0.9576250910758972,2.7625083923339844,-0.4399999976158142,-1.3799999952316284,-0.0,11.489999771118164,-0.15327489376068115,-1.418318748474121,-3.8318753242492676,1.0,-0.029999999329447746,0.009999999776482582,9.180000305175781,0.8215423822402954,0.4107711911201477,44.06211853027344,-0.8700000047683716,1.0800000429153442,-0.0,0.5699999928474426,0.5778472423553467,1.044461727142334,-3.5538315773010254,0.46000000834465027,-1.3700000047683716,-0.0,13.239999771118164,1.6539661884307861,-0.9665084481239319,40.34915542602539,-0.9700000286102295
2605,254619,0.0,0.0,0.0,0.05999999865889549,-0.0,-9.649999618530273,-0.625399649143219,-0.3126998245716095,-37.269981384277344,-0.8299999833106995,0.9100000262260437,0.0,-12.15999984741211,-0.5768271684646606,0.7557932138442993,-15.42068099975586,0.6499999761581421,-1.3799999952316284,-0.009999999776482582,13.40999984741211,0.9603880643844604,-1.139902949333191,24.024703979492188,0.8100000023841858,0.05999999865889549,-0.019999999552965164,-12.109999656677246,-0.012795843183994293,-0.006397921591997147,-6.6097917556762695,1.0099999904632568,1.0700000524520874,0.0,1.1299999952316284,0.8795626163482666,1.1198906898498535,4.989063739776611,0.8500000238418579,-1.3700000047683716,-0.009999999776482582,14.460000038146973,-0.8276188373565674,-1.586904764175415,-21.67547607421875,1.0,-0.05000000074505806,-0.009999999776482582,8.489999771118164,-0.06146831065416336,-0.03073415532708168,1.9415844678878784,-0.019999999552965164,0.9300000071525574,0.009999999776482582,-13.84000015258789,0.23003780841827393,0.9575093984603882,2.7359390258789062,-0.5799999833106995,-1.3799999952316284,0.009999999776482582,11.609999656677246,-0.15374049544334412,-1.4184350967407227,-3.8585102558135986,1.0,-0.029999999329447746,-0.009999999776482582,9.130000114440918,0.8222392797470093,0.41111963987350464,44.1269645690918,-1.0199999809265137,1.0800000429153442,0.009999999776482582,0.8899999856948853,0.5758022665977478,1.0439505577087402,-3.619948625564575,0.47999998927116394,-1.3700000047683716,-0.009999999776482582,13.029999732971191,1.6518332958221436,-0.9670416712760925,40.31083297729492,-0.699999988079071
2625,254923,0.0,0.0,0.0,0.05999999865889549,-0.009999999776482582,-9.720000267028809,-0.6245597004890442,-0.3122798502445221,-37.21298599243164,-1.0099999904632568,0.9100000262260437,-0.009999999776482582,-12.15999984741211,-0.5802770853042603,0.7549307346343994,-15.491929054260254,0.7799999713897705,-1.3799999952316284,-0.0,14.119999885559082,0.9544388055801392,-1.141390323638916,23.8609676361084,0.5699999928474426,0.05999999865889549,-0.019999999552965164,-11.399999618530273,-0.011485777795314789,-0.005742888897657394,-6.544288635253906,1.1399999856948853,1.0700000524520874,-0.009999999776482582,2.0399999618530273,0.8806894421577454,1.120172381401062,5.032232761383057,0.9100000262260437,-1.3700000047683716,-0.0,15.180000305175781,-0.8284660577774048,-1.5871164798736572,-21.711647033691406,1.0,-0.05000000074505806,0.019999999552965164,8.609999656677246,-0.06329967826604843,-0.031649839133024216,1.8050161600112915,-0.05999999865889549,0.9300000071525574,-0.009999999776482582,-13.960000038146973,0.23206081986427307,0.9580152034759521,2.8165197372436523,-0.6100000143051147,-1.3799999952316284,0.009999999776482582,12.050000190734863,-0.15478302538394928,-1.4186958074569702,-3.8845813274383545,1.0,-0.029999999329447746,-0.0,9.369999885559082,0.8226368427276611,0.41131842136383057,44.13184356689453,-1.1699999570846558,1.0800000429153442,0.0,1.3200000524520874,0.5752142071723938,1.0438035726547241,-3.6196470260620117,0.550000011920929,-1.3700000047683716,-0.0,13.949999809265137,1.6499831676483154,-0.9675042033195496,40.24958038330078,-0.5299999713897705
2645,255227,0.0,0.0,0.0,0.05999999865889549,0.0,-9.369999885559082,-0.6253228187561035,-0.31266140937805176,-37.26613998413086,-1.0800000429153442,0.9100000262260437,0.0,-12.510000228881836,-0.577585756778717,0.755603551864624,-15.439647674560547,0.9900000095367432,-1.3799999952316284,-0.009999999776482582,12.859999656677246,0.954304575920105,-1.1414238214492798,23.872615814208984,0.07000000029802322,0.05999999865889549,-0.029999999329447746,-12.020000457763672,-0.010938599705696106,-0.005469299852848053,-6.50192928314209,1.0800000429153442,1.0700000524520874,-0.009999999776482582,1.8899999856948853,0.8763816356658936,1.1190953254699707,4.924527168273926,1.0,-1.3700000047683716,0.009999999776482582,14.489999771118164,-0.827423095703125,-1.5868557691574097,-21.700576782226562,1.0,-0.05000000074505806,-0.009999999776482582,8.760000228881836,-0.06180797517299652,-0.03090398758649826,1.9246013164520264,0.019999999552965164,0.9300000071525574,-0.009999999776482582,-14.239999771118164,0.23116862773895264,0.9577921628952026,2.794215679168701,-0.47999998927116394,-1.3799999952316284,0.009999999776482582,10.6899995803833,-0.15254248678684235,-1.418135643005371,-3.8285648822784424,1.0,-0.029999999329447746,0.019999999552965164,9.220000267028809,0.8198666572570801,0.40993332862854004,43.96333312988281,-1.2400000095367432,1.0800000429153442,-0.009999999776482582,1.5099999904632568,0.5770004391670227,1.0442501306533813,-3.5599911212921143,0.6100000143051147,-1.3700000047683716,0.009999999776482582,11.710000038146973,1.6499049663543701,-0.9675237536430359,40.23262405395508,-0.5600000023841858
2665,255531,0.0,0.0,0.0,0.05999999865889549,0.0,-9.600000381469727,-0.6236756443977356,-0.3118378221988678,-37.183780670166016,-1.0700000524520874,0.9100000262260437,-0.019999999552965164,-12.369999885559082,-0.573231041431427,0.7566922307014465,-15.300780296325684,1.440000057220459,-1.3799999952316284,0.0,12.4399995803833,0.9603588581085205,-1.1399102210998535,24.00897789001465,-0.550000011920929,0.05999999865889549,-0.0,-11.710000038146973,-0.01311105489730835,-0.006555527448654175,-6.655552864074707,0.9599999785423279,1.0700000524520874,0.009999999776482582,1.3799999952316284,0.8780778050422668,1.1195194721221924,4.936942100524902,1.0499999523162842,-1.3700000047683716,-0.0,14.520000457763672,-0.8279662132263184,-1.586991548538208,-21.699153900146484,1.0,-0.05000000074505806,0.0,8.829999923706055,-0.06140708923339844,-0.03070354461669922,1.9296456575393677,0.11999999731779099,0.9300000071525574,0.009999999776482582,-14.390000343322754,0.229983389377594,0.9574958086013794,2.7345800399780273,-0.4300000071525574,-1.3799999952316284,0.009999999776482582,12.3100004196167,-0.1523774117231369,-1.4180943965911865,-3.8244402408599854,1.0,-0.029999999329447746,-0.0,9.569999694824219,0.8214805126190186,0.4107402563095093,44.07402420043945,-1.4600000381469727,1.0800000429153442,0.0,0.9100000262260437,0.5768978595733643,1.044224500656128,-3.577554225921631,0.6800000071525574,-1.3700000047683716,-0.009999999776482582,11.720000267028809,1.653752326965332,-0.9665619134902954,40.35881042480469,-0.7400000095367432
2685,255835,0.0,0.0,0.0,0.05999999865889549,0.009999999776482582,-9.40999984741211,-0.6247730851173401,-0.31238654255867004,-37.25365447998047,-1.0,0.9100000262260437,-0.009999999776482582,-12.300000190734863,-0.5765568017959595,0.7558608055114746,-15.398921966552734,2.190000057220459,-1.3799999952316284,0.0,12.779999732971191,0.9568400382995605,-1.1407899856567383,23.921001434326172,-1.2699999809265137,0.05999999865889549,0.0,-11.65999984741211,-0.012531854212284088,-0.006265927106142044,-6.626592636108398,0.8299999833106995,1.0700000524520874,-0.0,1.6399999856948853,0.8806923627853394,1.1201730966567993,5.017304420471191,1.1100000143051147,-1.3700000047683716,0.009999999776482582,13.880000114440918,-0.8294057250022888,-1.5873514413833618,-21.75014305114746,1.0,-0.05000000074505806,0.019999999552965164,8.619999885559082,-0.06308843195438385,-0.031544215977191925,1.8155784606933594,0.07999999821186066,0.9300000071525574,-0.019999999552965164,-14.100000381469727,0.23220068216323853,0.9580501317977905,2.835012435913086,-0.6299999952316284,-1.3799999952316284,-0.0,11.649999618530273,-0.15093503892421722,-1.4177337884902954,-3.773379325866699,1.0,-0.029999999329447746,-0.009999999776482582,9.350000381469727,0.8236894607543945,0.41184473037719727,44.1994743347168,-1.8200000524520874,1.0800000429153442,0.019999999552965164,0.8899999856948853,0.5746215581893921,1.0436553955078125,-3.6644647121429443,0.8399999737739563,-1.3700000047683716,0.009999999776482582,13.1899995803833,1.6524145603179932,-0.9668963551521301,40.29536437988281,-0.8999999761581421
2705,256139,0.0,0.0,0.0,0.05999999865889549,0.0,-9.710000038146973,-0.6241658926010132,-0.3120829463005066,-37.20829391479492,-0.9700000286102295,0.9100000262260437,-0.0,-12.619999885559082,-0.5805636644363403,0.7548590898513794,-15.514093399047852,2.559999942779541,-1.3799999952316284,-0.009999999776482582,14.600000381469727,0.9558963775634766,-1.1410259008407593,23.91240882873535,-1.2899999618530273,0.05999999865889549,0.009999999776482582,-11.529999732971191,-0.011539146304130554,-0.005769573152065277,-6.591956615447998,0.7699999809265137,1.0700000524520874,-0.009999999776482582,1.6299999952316284,0.8853549957275391,1.1213387250900269,5.148867130279541,1.190000057220459,-1.3700000047683716,-0.0,14.479999542236328,-0.8302499055862427,-1.5875624418258667,-21.756244659423828,1.0,-0.05000000074505806,0.019999999552965164,8.729999542236328,-0.06308554112911224,-0.03154277056455612,1.8157230615615845,0.07999999821186066,0.9300000071525574,0.0,-14.210000038146973,0.23262876272201538,0.9581571817398071,2.8157174587249756,-0.5899999737739563,-1.3799999952316284,0.0,11.390000343322754,-0.15373989939689636,-1.418434977531433,-3.8434982299804688,1.0,-0.029999999329447746,-0.0,9.34000015258789,0.8238245248794556,0.4119122624397278,44.191226959228516,-2.009999990463257,1.0800000429153442,0.0,0.949999988079071,0.5745866298675537,1.0436465740203857,-3.6353468894958496,0.9100000262260437,-1.3700000047683716,0.009999999776482582,12.760000228881836,1.6514801979064941,-0.9671299457550049,40.27200698852539,-0.8999999761581421
2725,256458,0.0,0.0,0.0,0.05999999865889549,0.009999999776482582,-9.539999961853027,-0.6256945133209229,-0.3128472566604614,-37.29972457885742,-1.2599999904632568,0.9100000262260437,0.019999999552965164,-12.5600004196167,-0.5813307166099548,0.7546672821044922,-15.563274383544922,2.1700000762939453,-1.3799999952316284,-0.0,14.930000305175781,0.9519524574279785,-1.1420118808746338,23.798810958862305,-0.75,0.05999999865889549,-0.009999999776482582,-11.420000076293945,-0.011011667549610138,-0.005505833774805069,-6.53558349609375,0.9599999785423279,1.0700000524520874,-0.019999999552965164,1.2999999523162842,0.8774333000183105,1.1193583011627197,4.965825080871582,1.2000000476837158,-1.3700000047683716,-0.009999999776482582,14.720000267028809,-0.8265448808670044,-1.5866361856460571,-21.648618698120117,1.0,-0.05000000074505806,-0.009999999776482582,9.029999732971191,-0.06232185661792755,-0.031160928308963776,1.89890718460083,0.07000000029802322,0.9300000071525574,-0.009999999776482582,-14.09000015258789,0.2323424518108368,0.9580855965614319,2.823559045791626,-0.5,-1.3799999952316284,-0.009999999776482582,11.369999885559082,-0.15126709640026093,-1.4178167581558228,-3.766676187515259,1.0,-0.029999999329447746,0.0,9.350000381469727,0.8204755783081055,0.41023778915405273,44.023780822753906,-1.9600000381469727,1.0800000429153442,0.0,1.100000023841858,0.5749800801277161,1.0437450408935547,-3.625500202178955,0.7599999904632568,-1.3700000047683716,-0.0,13.510000228881836,1.6475660800933838,-0.9681084752082825,40.189151763916016,-0.6499999761581421
2745,256762,0.0,0.0,0.0,0.05999999865889549,-0.009999999776482582,-9.34000015258789,-0.6241260766983032,-0.3120630383491516,-37.19130325317383,-1.5399999618530273,0.9100000262260437,0.0,-12.489999771118164,-0.57864910364151,0.7553377151489258,-15.466231346130371,1.4199999570846558,-1.3799999952316284,-0.0,11.539999961853027,0.9555816650390625,-1.1411045789718628,23.889541625976562,0.1899999976158142,0.05999999865889549,0.009999999776482582,-11.699999809265137,-0.01192416250705719,-0.005962081253528595,-6.611207485198975,1.2799999713897705,1.0700000524520874,-0.009999999776482582,1.4800000190734863,0.8775506019592285,1.1193876266479492,4.953757286071777,1.0099999904632568,-1.3700000047683716,0.009999999776482582,14.029999732971191,-0.8259561657905579,-1.5864890813827515,-21.66390609741211,1.0,-0.05000000074505806,0.0,8.859999656677246,-0.0616321936249733,-0.03081609681248665,1.9183903932571411,-0.07000000029802322,0.9300000071525574,0.0,-14.15999984741211,0.23131567239761353,0.9578288793563843,2.7828872203826904,-0.5799999833106995,-1.3799999952316284,0.009999999776482582,11.680000305175781,-0.15272679924964905,-1.4181816577911377,-3.8331663608551025,1.0,-0.029999999329447746,0.019999999552965164,9.3100004196167,0.819981575012207,0.4099907875061035,43.96908187866211,-1.7799999713897705,1.0800000429153442,-0.0,0.5299999713897705,0.5755022168159485,1.0438755750656128,-3.6124467849731445,0.6000000238418579,-1.3700000047683716,-0.009999999776482582,13.569999694824219,1.6504771709442139,-0.967380702495575,40.27692794799805,-0.15000000596046448
2765,257066,0.0,0.0,0.0,0.05999999865889549,0.009999999776482582,-9.899999618530273,-0.6253683567047119,-0.31268417835235596,-37.283416748046875,-1.690000057220459,0.9100000262260437,-0.0,-12.5600004196167,-0.5773329734802246,0.7556667327880859,-15.433329582214355,0.75,-1.3799999952316284,-0.0,13.930000305175781,0.9574133157730103,-1.1406466960906982,23.93532943725586,0.9599999785423279,0.05999999865889549,0.009999999776482582,-11.569999694824219,-0.012050703167915344,-0.006025351583957672,-6.617534637451172,1.590000033378601,1.0700000524520874,0.009999999776482582,1.149999976158142,0.8834676146507263,1.1208668947219849,5.07168436050415,0.7300000190734863,-1.3700000047683716,-0.0,14.710000038146973,-0.8315117359161377,-1.5878779888153076,-21.787797927856445,1.0,-0.05000000074505806,0.009999999776482582,8.8100004196167,-0.0620180144906044,-0.0310090072453022,1.8840993642807007,-0.1899999976158142,0.9300000071525574,0.009999999776482582,-14.279999732971191,0.23074376583099365,0.9576859474182129,2.753593921661377,-0.44999998807907104,-1.3799999952316284,0.0,11.640000343322754,-0.15453271567821503,-1.418633222579956,-3.8633227348327637,1.0,-0.029999999329447746,0.0,9.369999885559082,0.8230093717575073,0.41150468587875366,44.15046691894531,-1.4500000476837158,1.0800000429153442,0.009999999776482582,0.9700000286102295,0.5770811438560486,1.0442702770233154,-3.5879766941070557,0.5299999713897705,-1.3700000047683716,0.0,12.949999809265137,1.653355360031128,-0.9666611552238464,40.333885192871094,0.2199999988079071
2785,257370,0.0,0.0,0.0,0.05999999865889549,-0.009999999776482582,-9.40999984741211,-0.6232305765151978,-0.3116152882575989,-37.14653015136719,-1.649999976158142,0.9100000262260437,0.019999999552965164,-12.319999694824219,-0.5793242454528809,0.7551689147949219,-15.513111114501953,0.6399999856948853,-1.3799999952316284,-0.009999999776482582,13.119999885559082,0.9609050750732422,-1.1397737264633179,24.037626266479492,0.6899999976158142,0.05999999865889549,-0.0,-11.489999771118164,-0.013326697051525116,-0.006663348525762558,-6.666334629058838,1.440000057220459,1.0700000524520874,0.009999999776482582,1.309999942779541,0.8884057998657227,1.1221014261245728,5.1951375007629395,0.6299999952316284,-1.3700000047683716,-0.0,15.029999732971191,-0.833269476890564,-1.5883173942565918,-21.83173942565918,1.0,-0.05000000074505806,0.009999999776482582,8.960000038146973,-0.06275499612092972,-0.03137749806046486,1.8472503423690796,-0.23999999463558197,0.9300000071525574,-0.019999999552965164,-14.220000267028809,0.2328500747680664,0.9582124948501587,2.8512487411499023,-0.4000000059604645,-1.3799999952316284,-0.0,11.390000343322754,-0.1538112461566925,-1.4184528589248657,-3.8452863693237305,1.0,-0.029999999329447746,-0.009999999776482582,9.8100004196167,0.825843095779419,0.4129215478897095,44.30715560913086,-1.1100000143051147,1.0800000429153442,0.0,0.5099999904632568,0.5771796107292175,1.044294834136963,-3.5705208778381348,0.5299999713897705,-1.3700000047683716,-0.0,11.8100004196167,1.6549880504608154,-0.9662529826164246,40.37470245361328,0.23999999463558197
2805,257674,0.0,0.0,0.0,0.05999999865889549,0.009999999776482582,-9.510000228881836,-0.6257117390632629,-0.31285586953163147,-37.30058670043945,-1.3600000143051147,0.9100000262260437,-0.009999999776482582,-12.529999732971191,-0.5757127404212952,0.7560718059539795,-15.377821922302246,1.350000023841858,-1.3799999952316284,0.009999999776482582,13.630000114440918,0.9524892568588257,-1.1418776512145996,23.7972354888916,-0.5899999737739563,0.05999999865889549,-0.03999999910593033,-11.40999984741211,-0.011256404221057892,-0.005628202110528946,-6.502820014953613,0.949999988079071,1.0700000524520874,0.0,1.659999966621399,0.8732066750526428,1.1183016300201416,4.83015775680542,0.75,-1.3700000047683716,0.009999999776482582,14.649999618530273,-0.8261184692382812,-1.5865296125411987,-21.66796112060547,1.0,-0.05000000074505806,0.0,9.050000190734863,-0.061493970453739166,-0.030746985226869583,1.9253015518188477,-0.23999999463558197,0.9300000071525574,0.009999999776482582,-13.8100004196167,0.22934836149215698,0.9573370814323425,2.718707323074341,-0.46000000834465027,-1.3799999952316284,0.009999999776482582,12.260000228881836,-0.1549314707517624,-1.4187328815460205,-3.888288736343384,1.0,-0.029999999329447746,0.029999999329447746,9.239999771118164,0.8184887170791626,0.4092443585395813,43.87943649291992,-1.0499999523162842,1.0800000429153442,-0.0,1.340000033378601,0.5772813558578491,1.0443203449249268,-3.567969799041748,0.6100000143051147,-1.3700000047683716,0.009999999776482582,13.260000228881836,1.6506385803222656,-0.967340350151062,40.2509651184082,-0.27000001072883606
2825,257978,0.0,0.0,0.0,0.05999999865889549,-0.0,-9.550000190734863,-0.6239808797836304,-0.3119904398918152,-37.19904327392578,-0.75,0.9100000262260437,-0.0,-12.479999542236328,-0.5768672823905945,0.7557831406593323,-15.421688079833984,2.2100000381469727,-1.3799999952316284,0.0,13.430000305175781,0.9554128646850586,-1.1411467790603638,23.88532257080078,-1.7899999618530273,0.05999999865889549,0.009999999776482582,-11.229999542236328,-0.012385495007038116,-0.006192747503519058,-6.634274482727051,0.33000001311302185,1.0700000524520874,0.009999999776482582,1.409999966621399,0.8746381402015686,1.118659496307373,4.850944519042969,0.6200000047683716,-1.3700000047683716,-0.0,14.279999732971191,-0.8252432346343994,-1.586310863494873,-21.631086349487305,1.0,-0.05000000074505806,-0.029999999329447746,8.869999885559082,-0.06042936444282532,-0.03021468222141266,2.023531913757324,-0.10999999940395355,0.9300000071525574,0.0,-14.210000038146973,0.2310013771057129,0.9577503204345703,2.775031328201294,-0.6800000071525574,-1.3799999952316284,0.009999999776482582,12.59000015258789,-0.1524135321378708,-1.4181033372879028,-3.825334310531616,1.0,-0.029999999329447746,0.019999999552965164,9.550000190734863,0.8187623023986816,0.4093811511993408,43.90811538696289,-1.2899999618530273,1.0800000429153442,-0.009999999776482582,0.9399999976158142,0.576437771320343,1.0441094636917114,-3.5740578174591064,0.7900000214576721,-1.3700000047683716,0.009999999776482582,12.869999885559082,1.6496691703796387,-0.9675827026367188,40.22673034667969,-1.0099999904632568
2845,258282,0.0,0.0,0.0,0.05999999865889549,0.009999999776482582,-9.489999771118164,-0.6242531538009644,-0.3121265769004822,-37.227657318115234,-0.47999998927116394,0.9100000262260437,0.009999999776482582,-12.399999618530273,-0.5790746212005615,0.7552313208580017,-15.491870880126953,2.619999885559082,-1.3799999952316284,-0.009999999776482582,13.109999656677246,0.953119158744812,-1.141720175743103,23.842981338500977,-1.75,0.05999999865889549,0.019999999552965164,-11.630000114440918,-0.011630311608314514,-0.005815155804157257,-6.611515522003174,0.0,1.0700000524520874,-0.009999999776482582,1.5199999809265137,0.8739137649536133,1.1184784173965454,4.8628363609313965,0.6399999856948853,-1.3700000047683716,0.0,14.119999885559082,-0.8262984752655029,-1.5865745544433594,-21.657455444335938,1.0,-0.05000000074505806,0.029999999329447746,8.800000190734863,-0.06350955367088318,-0.03175477683544159,1.77952241897583,0.0,0.9300000071525574,-0.019999999552965164,-14.149999618530273,0.23240819573402405,0.9581020474433899,2.8402040004730225,-0.8100000023841858,-1.3799999952316284,-0.009999999776482582,11.15999984741211,-0.14963264763355255,-1.4174081087112427,-3.725811243057251,1.0,-0.029999999329447746,0.009999999776482582,9.550000190734863,0.8216555118560791,0.41082775592803955,44.06777572631836,-1.440000057220459,1.0800000429153442,0.0,0.9399999976158142,0.5754434466362,1.0438607931137085,-3.613924980163574,0.7699999809265137,-1.3700000047683716,0.009999999776482582,11.529999732971191,1.651177167892456,-0.9672057032585144,40.26443099975586,-1.090000033378601
2866,258601,0.0,0.0,0.0,0.05999999865889549,0.009999999776482582,-9.130000114440918,-0.6249188184738159,-0.31245940923690796,-37.26094055175781,-0.7900000214576721,0.9100000262260437,0.009999999776482582,-12.420000076293945,-0.5781084299087524,0.7554728984832764,-15.467713356018066,2.490000009536743,-1.3799999952316284,-0.0,12.390000343322754,0.9550307989120483,-1.141242265701294,23.87577247619629,-1.8700000047683716,0.05999999865889549,-0.009999999776482582,-11.5,-0.011420384049415588,-0.005710192024707794,-6.556018829345703,-0.029999999329447746,1.0700000524520874,0.009999999776482582,1.100000023841858,0.882577657699585,1.1206443309783936,5.0494279861450195,0.6299999952316284,-1.3700000047683716,-0.009999999776482582,13.680000305175781,-0.8311756253242493,-1.5877939462661743,-21.764394760131836,1.0,-0.05000000074505806,0.029999999329447746,9.020000457763672,-0.06345115602016449,-0.031725578010082245,1.782442331314087,0.07999999821186066,0.9300000071525574,-0.009999999776482582,-13.880000114440918,0.23253384232521057,0.9581334590911865,2.82834529876709,-1.0299999713897705,-1.3799999952316284,-0.009999999776482582,10.920000076293945,-0.15208002924919128,-1.4180200099945068,-3.787001371383667,1.0,-0.029999999329447746,0.009999999776482582,9.420000076293945,0.8229790925979614,0.4114895462989807,44.13395690917969,-1.7000000476837158,1.0800000429153442,-0.009999999776482582,1.100000023841858,0.5779871344566345,1.044496774673462,-3.5353267192840576,0.6600000262260437,-1.3700000047683716,-0.0,13.720000267028809,1.65395188331604,-0.9665120244026184,40.34879684448242,-1.059999942779541
2886,258905,0.0,0.0,0.0,0.05999999865889549,-0.009999999776482582,-9.579999923706055,-0.6231040358543396,-0.3115520179271698,-37.140201568603516,-1.7799999713897705,0.9100000262260437,0.0,-12.09000015258789,-0.5780202150344849,0.7554949522018433,-15.450507164001465,1.1200000047683716,-1.3799999952316284,-0.009999999776482582,13.600000381469727,0.9598531723022461,-1.140036702156067,24.011329650878906,0.05000000074505806,0.05999999865889549,0.009999999776482582,-11.65999984741211,-0.013160988688468933,-0.0065804943442344666,-6.673048973083496,0.7400000095367432,1.0700000524520874,-0.0,1.5,0.8814952969551086,1.1203738451004028,5.037379264831543,0.5899999737739563,-1.3700000047683716,-0.0,15.020000457763672,-0.8277707099914551,-1.5869426727294922,-21.69426727294922,1.0,-0.05000000074505806,-0.009999999776482582,8.579999923706055,-0.06147655099630356,-0.03073827549815178,1.941172480583191,-0.2800000011920929,0.9300000071525574,0.009999999776482582,-14.289999961853027,0.23091068863868713,0.9577276706695557,2.7577662467956543,-1.399999976158142,-1.3799999952316284,-0.0,11.510000228881836,-0.15464384853839874,-1.4186609983444214,-3.866100311279297,1.0,-0.029999999329447746,-0.009999999776482582,9.3100004196167,0.8221111297607422,0.4110555648803711,44.12055587768555,-1.75,1.0800000429153442,0.009999999776482582,1.0,0.5742236971855164,1.0435558557510376,-3.659418821334839,0.23000000417232513,-1.3700000047683716,0.0,13.329999923706055,1.6506502628326416,-0.967337429523468,40.266258239746094,-0.009999999776482582
2906,259209,0.0,0.0,0.0,0.05999999865889549,-0.009999999776482582,-9.260000228881836,-0.6225398182868958,-0.3112699091434479,-37.11199188232422,-2.740000009536743,0.9100000262260437,-0.009999999776482582,-12.050000190734863,-0.5768612623214722,0.7557846307754517,-15.406538963317871,-1.3899999856948853,-1.3799999952316284,-0.0,12.930000305175781,0.9592273235321045,-1.140193223953247,23.980676651000977,1.0,0.05999999865889549,0.019999999552965164,-11.479999542236328,-0.01294468343257904,-0.00647234171628952,-6.677233695983887,1.440000057220459,1.0700000524520874,0.0,1.7699999809265137,0.8836209774017334,1.1209051609039307,5.090510845184326,0.3100000023841858,-1.3700000047683716,-0.0,14.180000305175781,-0.8299539089202881,-1.5874884128570557,-21.74884033203125,1.0,-0.05000000074505806,0.009999999776482582,8.789999961853027,-0.0629456490278244,-0.0314728245139122,1.8377176523208618,-0.5199999809265137,0.9300000071525574,-0.0,-13.920000076293945,0.2310028374195099,0.957750678062439,2.775067090988159,-1.2100000381469727,-1.3799999952316284,-0.009999999776482582,10.930000305175781,-0.15178610384464264,-1.4179465770721436,-3.779658079147339,1.0,-0.029999999329447746,-0.019999999552965164,9.539999961853027,0.824187159538269,0.4120935797691345,44.239356994628906,-1.2699999809265137,1.0800000429153442,-0.009999999776482582,0.7400000095367432,0.5757878422737122,1.0439469814300537,-3.590306043624878,-0.3799999952316284,-1.3700000047683716,0.009999999776482582,13.15999984741211,1.6513817310333252,-0.9671545624732971,40.26954650878906,1.0
2926,259513,0.0,0.0,0.0,0.05999999865889549,0.0,-9.520000457763672,-0.6245547533035278,-0.3122773766517639,-37.22773742675781,-3.0199999809265137,0.9100000262260437,0.009999999776482582,-12.489999771118164,-0.5793381929397583,0.7551654577255249,-15.498456954956055,-1.7000000476837158,-1.3799999952316284,0.009999999776482582,11.579999923706055,0.954788088798523,-1.1413029432296753,23.854705810546875,1.0,0.05999999865889549,0.0,-11.470000267028809,-0.011745020747184753,-0.005872510373592377,-6.587250709533691,1.6100000143051147,1.0700000524520874,0.0,1.4700000286102295,0.8833093047142029,1.120827317237854,5.08272647857666,0.17000000178813934,-1.3700000047683716,0.0,14.229999542236328,-0.8287346959114075,-1.5871837139129639,-21.71837043762207,1.0,-0.05000000074505806,-0.009999999776482582,8.829999923706055,-0.06173558533191681,-0.030867792665958405,1.9282207489013672,-0.7400000095367432,0.9300000071525574,-0.0,-14.199999809265137,0.2327442169189453,0.9581860303878784,2.8186023235321045,-0.9700000286102295,-1.3799999952316284,-0.009999999776482582,12.180000305175781,-0.15258140861988068,-1.4181452989578247,-3.799530267715454,1.0,-0.029999999329447746,0.019999999552965164,9.09000015258789,0.8205859661102295,0.41029298305511475,43.999298095703125,-0.8899999856948853,1.0800000429153442,-0.0,1.0299999713897705,0.576461136341095,1.0441153049468994,-3.5884737968444824,-0.4300000071525574,-1.3700000047683716,-0.009999999776482582,12.0,1.6516923904418945,-0.9670768976211548,40.30731201171875,1.0
2946,259817,0.0,0.0,0.0,0.05999999865889549,0.0,-9.520000457763672,-0.6234347820281982,-0.3117173910140991,-37.17173767089844,-2.0,0.9100000262260437,-0.0,-12.220000267028809,-0.5751386880874634,0.7562153339385986,-15.378469467163086,-0.019999999552965164,-1.3799999952316284,-0.009999999776482582,13.010000228881836,0.9595655202865601,-1.140108585357666,24.004140853881836,1.0,0.05999999865889549,0.009999999776482582,-11.720000267028809,-0.013159513473510742,-0.006579756736755371,-6.672976016998291,1.5,1.0700000524520874,-0.009999999776482582,1.100000023841858,0.8755441904067993,1.1188859939575195,4.903594017028809,0.18000000715255737,-1.3700000047683716,0.009999999776482582,14.329999923706055,-0.8260337114334106,-1.5865083932876587,-21.66583824157715,1.0,-0.05000000074505806,0.009999999776482582,8.65999984741211,-0.06215616315603256,-0.03107808157801628,1.8771919012069702,-0.550000011920929,0.9300000071525574,-0.009999999776482582,-14.050000190734863,0.2307347059249878,0.9576836824417114,2.78336763381958,-0.75,-1.3799999952316284,0.009999999776482582,10.949999809265137,-0.15309129655361176,-1.418272852897644,-3.8422858715057373,1.0,-0.029999999329447746,-0.0,9.34000015258789,0.8223563432693481,0.4111781716346741,44.11781692504883,-1.0199999809265137,1.0800000429153442,0.0,1.1200000047683716,0.5770736336708069,1.0442683696746826,-3.573167324066162,0.41999998688697815,-1.3700000047683716,0.0,13.40999984741211,1.652712106704712,-0.9668219685554504,40.31780242919922,0.5
2966,260121,0.0,0.0,0.0,0.05999999865889549,-0.019999999552965164,-9.640000343322754,-0.6234118342399597,-0.31170591711997986,-37.140594482421875,-1.409999966621399,0.9100000262260437,-0.009999999776482582,-12.279999732971191,-0.5772503614425659,0.7556873559951782,-15.416266441345215,1.4700000286102295,-1.3799999952316284,0.009999999776482582,13.529999732971191,0.9570184946060181,-1.1407454013824463,23.910459518432617,-1.2100000381469727,0.05999999865889549,-0.019999999552965164,-11.920000076293945,-0.01265019178390503,-0.006325095891952515,-6.602509498596191,1.1200000047683716,1.0700000524520874,-0.0,0.9300000071525574,0.8735166192054749,1.1183791160583496,4.837906360626221,0.12999999523162842,-1.3700000047683716,0.0,13.970000267028809,-0.8243805170059204,-1.5860950946807861,-21.609508514404297,1.0,-0.05000000074505806,-0.019999999552965164,8.680000305175781,-0.06171346455812454,-0.03085673227906227,1.9443268775939941,-0.3199999928474426,0.9300000071525574,-0.0,-14.09000015258789,0.23017793893814087,0.9575444459915161,2.754443883895874,-0.949999988079071,-1.3799999952316284,0.0,11.59000015258789,-0.15348808467388153,-1.4183720350265503,-3.8372039794921875,1.0,-0.029999999329447746,-0.0,9.779999732971191,0.8203864097595215,0.41019320487976074,44.01932144165039,-1.2100000381469727,1.0800000429153442,0.009999999776482582,1.2200000286102295,0.5744830965995789,1.0436207056045532,-3.6529338359832764,0.7300000190734863,-1.3700000047683716,0.0,13.109999656677246,1.6478090286254883,-0.9680477380752563,40.195228576660156,-0.7300000190734863
3006,260744,0.0,0.0,0.0,0.05999999865889549,-0.0,-9.449999809265137,-0.623668372631073,-0.3118341863155365,-37.18341827392578,-0.9399999976158142,0.9100000262260437,0.009999999776482582,-11.859999656677246,-0.5796686410903931,0.7550828456878662,-15.506718635559082,2.4700000286102295,-1.3799999952316284,0.009999999776482582,12.8100004196167,0.9572467803955078,-1.1406883001327515,23.916170120239258,-2.2899999618530273,0.05999999865889549,-0.0,-11.229999542236328,-0.012064754962921143,-0.006032377481460571,-6.603238105773926,0.3700000047683716,1.0700000524520874,-0.0,1.2300000190734863,0.8812444806098938,1.1203111410140991,5.031108856201172,0.12999999523162842,-1.3700000047683716,0.0,13.8100004196167,-0.828170657157898,-1.5870426893234253,-21.704269409179688,1.0,-0.05000000074505806,-0.019999999552965164,8.779999732971191,-0.06194064021110535,-0.030970320105552673,1.932968020439148,0.009999999776482582,0.9300000071525574,0.009999999776482582,-14.130000114440918,0.23107293248176575,0.9577682018280029,2.761819362640381,-1.6699999570846558,-1.3799999952316284,0.0,11.319999694824219,-0.15135766565799713,-1.4178394079208374,-3.7839412689208984,1.0,-0.029999999329447746,-0.009999999776482582,9.119999885559082,0.821686863899231,0.4108434319496155,44.099342346191406,-1.840000033378601,1.0800000429153442,-0.009999999776482582,1.340000033378601,0.5746486186981201,1.0436620712280273,-3.6187970638275146,0.9800000190734863,-1.3700000047683716,0.0,11.930000305175781,1.647754430770874,-0.9680613875389099,40.19386291503906,-1.2799999713897705
3026,261048,0.0,0.0,0.0,0.05999999865889549,0.019999999552965164,-9.529999732971191,-0.6252061128616333,-0.31260305643081665,-37.290306091308594,-2.299999952316284,0.9100000262260437,-0.009999999776482582,-12.1899995803833,-0.5715563893318176,0.7571108937263489,-15.273913383483887,0.27000001072883606,-1.3799999952316284,-0.0,12.859999656677246,0.9592490196228027,-1.1401877403259277,23.981225967407227,0.6100000143051147,0.05999999865889549,-0.019999999552965164,-11.829999923706055,-0.012881621718406677,-0.006440810859203339,-6.614080429077148,1.0499999523162842,1.0700000524520874,0.009999999776482582,2.0399999618530273,0.8800356984138489,1.120008945465088,4.985889434814453,0.03999999910593033,-1.3700000047683716,-0.0,13.90999984741211,-0.8300677537918091,-1.5875169038772583,-21.751689910888672,1.0,-0.05000000074505806,0.009999999776482582,8.800000190734863,-0.0625058189034462,-0.0312529094517231,1.8597091436386108,-0.4099999964237213,0.9300000071525574,0.0,-13.609999656677246,0.23057347536087036,0.9576433300971985,2.7643322944641113,-1.7000000476837158,-1.3799999952316284,-0.019999999552965164,12.199999809265137,-0.15164212882518768,-1.4179105758666992,-3.7610580921173096,1.0,-0.029999999329447746,-0.009999999776482582,9.710000038146973,0.8230882883071899,0.41154414415359497,44.16941452026367,-1.8899999856948853,1.0800000429153442,-0.029999999329447746,1.090000033378601,0.581631064414978,1.045407772064209,-3.41422700881958,-0.14000000059604645,-1.3700000047683716,0.0,12.989999771118164,1.6559734344482422,-0.9660066366195679,40.39933776855469,0.5799999833106995
3046,261352,0.0,0.0,0.0,0.05999999865889549,-0.009999999776482582,-9.229999542236328,-0.6218206882476807,-0.31091034412384033,-37.07603454589844,-3.5899999141693115,0.9100000262260437,-0.019999999552965164,-12.640000343322754,-0.5721785426139832,0.7569553256034851,-15.274470329284668,-1.7000000476837158,-1.3799999952316284,-0.009999999776482582,12.6899995803833,0.961807370185852,-1.1395481824874878,24.0601806640625,1.0,0.05999999865889549,0.009999999776482582,-11.739999771118164,-0.01417607069015503,-0.007088035345077515,-6.723803520202637,1.6200000047683716,1.0700000524520874,-0.0,1.4800000190734863,0.8742464780807495,1.1185616254806519,4.856157302856445,0.14000000059604645,-1.3700000047683716,0.0,14.109999656677246,-0.8248491287231445,-1.5862122774124146,-21.621227264404297,1.0,-0.05000000074505806,-0.0,8.729999542236328,-0.06152207404375076,-0.03076103702187538,1.923896312713623,-1.2000000476837158,0.9300000071525574,0.009999999776482582,-13.880000114440918,0.22923719882965088,0.9573092460632324,2.71592378616333,-1.3899999856948853,-1.3799999952316284,-0.0,10.979999542236328,-0.1538318246603012,-1.4184579849243164,-3.845798969268799,1.0,-0.029999999329447746,-0.009999999776482582,9.289999961853027,0.8215057849884033,0.41075289249420166,44.09029006958008,-0.9300000071525574,1.0800000429153442,-0.0,0.9300000071525574,0.5757215619087219,1.0439304113388062,-3.6069631576538086,-1.6399999856948853,-1.3700000047683716,0.009999999776482582,13.270000457763672,1.6519267559051514,-0.9670183062553406,40.28316879272461,1.0
3066,261656,0.0,0.0,0.0,0.05999999865889549,-0.019999999552965164,-9.199999809265137,-0.6229227781295776,-0.3114613890647888,-37.11614227294922,-4.010000228881836,0.9100000262260437,0.0,-12.6899995803833,-0.5776400566101074,0.7555899620056152,-15.441006660461426,-1.7000000476837158,-1.3799999952316284,-0.0,12.369999885559082,0.9565712213516235,-1.140857219696045,23.914278030395508,1.0,0.05999999865889549,0.009999999776482582,-11.739999771118164,-0.01274368166923523,-0.006371840834617615,-6.652184009552002,2.059999942779541,1.0700000524520874,-0.009999999776482582,1.8600000143051147,0.8754212260246277,1.1188552379608154,4.900518417358398,-0.3199999928474426,-1.3700000047683716,0.009999999776482582,14.449999809265137,-0.8259153366088867,-1.58647882938385,-21.66288185119629,1.0,-0.05000000074505806,0.0,8.699999809265137,-0.06165742874145508,-0.03082871437072754,1.9171286821365356,-1.75,0.9300000071525574,-0.009999999776482582,-14.199999809265137,0.23060572147369385,0.9576513767242432,2.780137062072754,-1.350000023841858,-1.3799999952316284,0.0,11.289999961853027,-0.15273156762123108,-1.4181828498840332,-3.8182854652404785,1.0,-0.029999999329447746,0.019999999552965164,9.369999885559082,0.8204491138458252,0.4102245569229126,43.99245834350586,-0.5400000214576721,1.0800000429153442,0.019999999552965164,1.0099999904632568,0.5749860405921936,1.0437464714050293,-3.6553571224212646,-1.7000000476837158,-1.3700000047683716,0.0,13.079999923706055,1.651106834411621,-0.9672232866287231,40.277671813964844,1.0
3086,261960,0.0,0.0,0.0,0.05999999865889549,-0.0,-9.539999961853027,-0.6241635680198669,-0.31208178400993347,-37.20817947387695,-3.2799999713897705,0.9100000262260437,-0.009999999776482582,-12.34000015258789,-0.5806971788406372,0.7548257112503052,-15.50243091583252,-1.7000000476837158,-1.3799999952316284,0.0,10.770000457763672,0.9534295797348022,-1.1416425704956055,23.835742950439453,1.0,0.05999999865889549,0.019999999552965164,-11.520000457763672,-0.011354684829711914,-0.005677342414855957,-6.5977349281311035,1.9600000381469727,1.0700000524520874,-0.019999999552965164,1.7699999809265137,0.8786131143569946,1.1196532249450684,4.995317459106445,-0.1599999964237213,-1.3700000047683716,0.0,14.579999923706055,-0.8266890048980713,-1.586672306060791,-21.6672306060791,1.0,-0.05000000074505806,-0.0,8.65999984741211,-0.06239066272974014,-0.03119533136487007,1.8804669380187988,-1.1399999856948853,0.9300000071525574,0.0,-14.039999961853027,0.23147383332252502,0.9578684568405151,2.7868449687957764,-0.8399999737739563,-1.3799999952316284,-0.0,12.100000381469727,-0.15155449509620667,-1.4178886413574219,-3.7888646125793457,1.0,-0.029999999329447746,0.0,9.140000343322754,0.8216208219528198,0.4108104109764099,44.08103942871094,-0.7699999809265137,1.0800000429153442,0.009999999776482582,0.8299999833106995,0.5731954574584961,1.0432988405227661,-3.6851203441619873,-0.8799999952316284,-1.3700000047683716,0.0,14.350000381469727,1.6479377746582031,-0.9680155515670776,40.19844436645508,1.0
3106,262264,0.0,0.0,0.0,0.05999999865889549,-0.019999999552965164,-9.630000114440918,-0.623659610748291,-0.3118298053741455,-37.15298080444336,-1.7999999523162842,0.9100000262260437,0.0,-12.4399995803833,-0.578938364982605,0.7552653551101685,-15.473466873168945,0.4300000071525574,-1.3799999952316284,0.0,12.670000076293945,0.9585765600204468,-1.1403558254241943,23.96441650390625,0.6100000143051147,0.05999999865889549,-0.009999999776482582,-11.550000190734863,-0.012540340423583984,-0.006270170211791992,-6.6120171546936035,2.2699999809265137,1.0700000524520874,-0.009999999776482582,1.3799999952316284,0.8752608299255371,1.1188151836395264,4.896512985229492,-0.1899999976158142,-1.3700000047683716,-0.0,13.819999694824219,-0.8253628015518188,-1.5863406658172607,-21.634065628051758,1.0,-0.05000000074505806,0.0,8.970000267028809,-0.06309549510478973,-0.03154774755239487,1.8452253341674805,-0.7300000190734863,0.9300000071525574,-0.009999999776482582,-13.880000114440918,0.23031452298164368,0.9575785994529724,2.7728593349456787,-1.2100000381469727,-1.3799999952316284,-0.009999999776482582,11.279999732971191,-0.14881381392478943,-1.417203426361084,-3.705343008041382,1.0,-0.029999999329447746,-0.009999999776482582,9.239999771118164,0.8221684694290161,0.41108423471450806,44.1234245300293,-1.6799999475479126,1.0800000429153442,0.009999999776482582,0.9599999785423279,0.5737345814704895,1.043433666229248,-3.671637773513794,0.6100000143051147,-1.3700000047683716,-0.009999999776482582,13.140000343322754,1.649083137512207,-0.9677292108535767,40.24208068847656,0.17000000178813934
3126,262568,0.0,0.0,0.0,0.05999999865889549,0.009999999776482582,-9.59000015258789,-0.623981237411499,-0.3119906187057495,-37.21406173706055,-1.340000033378601,0.9100000262260437,0.0,-12.25,-0.5780792236328125,0.755480170249939,-15.451985359191895,1.7200000286102295,-1.3799999952316284,0.009999999776482582,14.0600004196167,0.9539668560028076,-1.1415083408355713,23.834165573120117,-1.7599999904632568,0.05999999865889549,0.009999999776482582,-11.949999809265137,-0.01151573657989502,-0.00575786828994751,-6.590786933898926,1.5299999713897705,1.0700000524520874,-0.009999999776482582,1.3600000143051147,0.8766579627990723,1.1191644668579102,4.931441307067871,-0.27000001072883606,-1.3700000047683716,-0.009999999776482582,13.4399995803833,-0.8272655010223389,-1.5868163108825684,-21.6666316986084,1.0,-0.05000000074505806,-0.0,8.59000015258789,-0.0627916157245636,-0.0313958078622818,1.8604192733764648,-0.1899999976158142,0.9300000071525574,0.0,-14.109999656677246,0.23099207878112793,0.9577479958534241,2.77479887008667,-1.4900000095367432,-1.3799999952316284,-0.009999999776482582,11.390000343322754,-0.1498856544494629,-1.4174714088439941,-3.7321412563323975,1.0,-0.029999999329447746,0.0,9.449999809265137,0.8209942579269409,0.41049712896347046,44.049713134765625,-1.6299999952316284,1.0800000429153442,-0.019999999552965164,1.0700000524520874,0.5756046772003174,1.0439012050628662,-3.5798838138580322,1.1299999952316284,-1.3700000047683716,0.009999999776482582,13.109999656677246,1.6488301753997803,-0.9677924513816833,40.20575714111328,-0.9300000071525574
3166,263191,0.0,0.0,0.0,0.05999999865889549,-0.0,-9.09000015258789,-0.6243175864219666,-0.3121587932109833,-37.21588134765625,-2.9700000286102295,0.9100000262260437,-0.0,-12.199999809265137,-0.5791802406311035,0.7552049160003662,-15.479511260986328,-1.7000000476837158,-1.3799999952316284,0.009999999776482582,13.279999732971191,0.9561703205108643,-1.1409573554992676,23.889265060424805,1.0,0.05999999865889549,-0.0,-11.619999885559082,-0.012133046984672546,-0.006066523492336273,-6.606651782989502,1.5399999618530273,1.0700000524520874,-0.009999999776482582,1.7599999904632568,0.8782320022583008,1.1195579767227173,4.970792293548584,-0.20999999344348907,-1.3700000047683716,0.009999999776482582,13.789999961853027,-0.8268152475357056,-1.5867037773132324,-21.68537712097168,1.0,-0.05000000074505806,0.009999999776482582,8.710000038146973,-0.06262042373418808,-0.03131021186709404,1.8539788722991943,-0.8299999833106995,0.9300000071525574,0.009999999776482582,-14.359999656677246,0.23054653406143188,0.9576365947723389,2.7486586570739746,-1.7000000476837158,-1.3799999952316284,0.0,11.789999961853027,-0.15339240431785583,-1.4183480739593506,-3.834807872772217,1.0,-0.029999999329447746,-0.009999999776482582,8.930000305175781,0.8221933841705322,0.4110966920852661,44.12466812133789,-1.8899999856948853,1.0800000429153442,0.0,1.0800000429153442,0.5752967596054077,1.0438241958618164,-3.617584705352783,-0.6100000143051147,-1.3700000047683716,-0.0,12.539999961853027,1.6490955352783203,-0.9677261114120483,40.22739028930664,1.0
3186,263495,0.0,0.0,0.0,0.05999999865889549,0.009999999776482582,-9.4399995803833,-0.6237991452217102,-0.3118995726108551,-37.2049560546875,-4.130000114440918,0.9100000262260437,-0.009999999776482582,-12.09000015258789,-0.5757715702056885,0.75605708360672,-15.379294395446777,-1.7000000476837158,-1.3799999952316284,0.0,11.170000076293945,0.9553600549697876,-1.141160011291504,23.88399887084961,1.0,0.05999999865889549,0.019999999552965164,-11.630000114440918,-0.012581944465637207,-0.0062909722328186035,-6.659097671508789,2.1600000858306885,1.0700000524520874,-0.019999999552965164,1.3600000143051147,0.8745734691619873,1.1186432838439941,4.894323348999023,0.17000000178813934,-1.3700000047683716,-0.009999999776482582,14.40999984741211,-0.825682520866394,-1.5864206552505493,-21.627065658569336,1.0,-0.05000000074505806,0.019999999552965164,8.5600004196167,-0.06305686384439468,-0.03152843192219734,1.8171569108963013,-1.8600000143051147,0.9300000071525574,0.0,-14.170000076293945,0.22956058382987976,0.9573901295661926,2.7390122413635254,-1.7000000476837158,-1.3799999952316284,-0.009999999776482582,11.329999923706055,-0.15224912762641907,-1.4180623292922974,-3.7912333011627197,1.0,-0.029999999329447746,-0.019999999552965164,8.960000038146973,0.8224097490310669,0.41120487451553345,44.15048599243164,-1.2599999904632568,1.0800000429153442,-0.029999999329447746,1.3200000524520874,0.5774518251419067,1.0443629026412964,-3.51871395111084,-1.7000000476837158,-1.3700000047683716,0.009999999776482582,12.470000267028809,1.6498053073883057,-0.967548668384552,40.230133056640625,1.0
3206,263799,0.0,0.0,0.0,0.05999999865889549,0.0,-9.5,-0.6246452927589417,-0.3123226463794708,-37.23226547241211,-4.380000114440918,0.9100000262260437,-0.0,-12.420000076293945,-0.5781400203704834,0.7554649710655212,-15.453505516052246,-1.7000000476837158,-1.3799999952316284,-0.0,14.069999694824219,0.9581103324890137,-1.140472412109375,23.9527587890625,1.0,0.05999999865889549,0.019999999552965164,-11.550000190734863,-0.012620732188224792,-0.006310366094112396,-6.661036491394043,2.440000057220459,1.0700000524520874,-0.009999999776482582,1.1799999475479126,0.8851803541183472,1.1212950944900513,5.144504070281982,-0.44999998807907104,-1.3700000047683716,0.009999999776482582,14.270000457763672,-0.8290683627128601,-1.5872670412063599,-21.741703033447266,1.0,-0.05000000074505806,-0.029999999329447746,8.670000076293945,-0.060205310583114624,-0.030102655291557312,2.0347344875335693,-1.9299999475479126,0.9300000071525574,0.009999999776482582,-14.539999961853027,0.23166689276695251,0.9579166769981384,2.7766668796539307,-1.5099999904632568,-1.3799999952316284,-0.009999999776482582,11.3100004196167,-0.15436847507953644,-1.418592095375061,-3.844209909439087,1.0,-0.029999999329447746,0.009999999776482582,9.40999984741211,0.8209309577941895,0.4104654788970947,44.03154754638672,-0.7900000214576721,1.0800000429153442,0.009999999776482582,1.0499999523162842,0.5760061740875244,1.044001579284668,-3.6148464679718018,-1.7000000476837158,-1.3700000047683716,-0.009999999776482582,13.020000457763672,1.65244460105896,-0.9668888449668884,40.326114654541016,1.0
3226,264103,0.0,0.0,0.0,0.05999999865889549,-0.0,-9.609999656677246,-0.6254770755767822,-0.3127385377883911,-37.27385330200195,-4.039999961853027,0.9100000262260437,0.009999999776482582,-12.420000076293945,-0.5825948715209961,0.7543512582778931,-15.579876899719238,-1.7000000476837158,-1.3799999952316284,0.009999999776482582,12.930000305175781,0.9535967111587524,-1.1416008472442627,23.824914932250977,1.0,0.05999999865889549,0.0,-11.869999885559082,-0.010974854230880737,-0.005487427115440369,-6.548742771148682,2.25,1.0700000524520874,-0.009999999776482582,2.0899999141693115,0.8838334679603577,1.1209583282470703,5.110827445983887,-0.7300000190734863,-1.3700000047683716,0.009999999776482582,14.5,-0.8285545706748962,-1.5871386528015137,-21.728864669799805,1.0,-0.05000000074505806,-0.019999999552965164,8.880000114440918,-0.06194448471069336,-0.03097224235534668,1.932775855064392,-1.7999999523162842,0.9300000071525574,0.0,-13.770000457763672,0.23239067196846008,0.9580976366996765,2.809762954711914,-1.399999976158142,-1.3799999952316284,0.0,11.6899995803833,-0.15269635617733002,-1.4181740283966064,-3.8174033164978027,1.0,-0.029999999329447746,-0.0,9.479999542236328,0.8213348388671875,0.41066741943359375,44.066741943359375,-0.6899999976158142,1.0800000429153442,-0.0,1.100000023841858,0.5741990208625793,1.0435497760772705,-3.645026683807373,-1.7000000476837158,-1.3700000047683716,0.009999999776482582,12.8100004196167,1.6475722789764404,-0.9681069254875183,40.17430877685547,1.0
3246,264407,0.0,0.0,0.0,0.05999999865889549,0.0,-9.489999771118164,-0.6254322528839111,-0.31271612644195557,-37.27161407470703,-3.009999990463257,0.9100000262260437,-0.009999999776482582,-11.890000343322754,-0.5760366916656494,0.7559908032417297,-15.3859224319458,-1.7000000476837158,-1.3799999952316284,-0.0,14.420000076293945,0.9582298994064331,-1.1404424905776978,23.95574951171875,1.0,0.05999999865889549,-0.029999999329447746,-11.65999984741211,-0.012098066508769989,-0.0060490332543849945,-6.559903144836426,2.5,1.0700000524520874,0.0,0.9800000190734863,0.87697434425354,1.1192436218261719,4.924356937408447,-0.5400000214576721,-1.3700000047683716,-0.009999999776482582,14.15999984741211,-0.8263297080993652,-1.5865824222564697,-21.64324188232422,1.0,-0.05000000074505806,-0.0,9.460000038146973,-0.06244368106126785,-0.031221840530633926,1.8778159618377686,-1.190000057220459,0.9300000071525574,0.009999999776482582,-13.880000114440918,0.23015227913856506,0.9575380682945251,2.7388060092926025,-1.7000000476837158,-1.3799999952316284,0.0,11.029999732971191,-0.1519017517566681,-1.4179754257202148,-3.7975430488586426,1.0,-0.029999999329447746,-0.009999999776482582,9.600000381469727,0.8217703104019165,0.41088515520095825,44.103515625,-1.5800000429153442,1.0800000429153442,-0.009999999776482582,1.2899999618530273,0.5778229832649231,1.0444557666778564,-3.5394275188446045,-0.49000000953674316,-1.3700000047683716,-0.019999999552965164,12.649999618530273,1.6526057720184326,-0.9668485522270203,40.34514236450195,1.0
3266,264711,0.0,0.0,0.0,0.05999999865889549,-0.019999999552965164,-8.850000381469727,-0.6223509907722473,-0.31117549538612366,-37.08755111694336,-1.7200000286102295,0.9100000262260437,-0.0,-12.369999885559082,-0.5774754285812378,0.7556310892105103,-15.436893463134766,-0.2199999988079071,-1.3799999952316284,-0.0,13.510000228881836,0.9590669870376587,-1.1402332782745361,23.97667121887207,0.9700000286102295,0.05999999865889549,0.019999999552965164,-11.710000038146973,-0.013176262378692627,-0.0065881311893463135,-6.68881368637085,2.2899999618530273,1.0700000524520874,0.009999999776482582,1.7100000381469727,0.8751329183578491,1.1187832355499268,4.86331844329834,-0.8999999761581421,-1.3700000047683716,-0.0,14.829999923706055,-0.8256807327270508,-1.5864201784133911,-21.642017364501953,1.0,-0.05000000074505806,-0.009999999776482582,8.699999809265137,-0.0617295578122139,-0.03086477890610695,1.9285222291946411,-0.8899999856948853,0.9300000071525574,-0.0,-14.300000190734863,0.23058250546455383,0.9576455950737,2.764558792114258,-1.4900000095367432,-1.3799999952316284,0.0,11.369999885559082,-0.15107928216457367,-1.4177697896957397,-3.776979446411133,1.0,-0.029999999329447746,0.009999999776482582,9.34000015258789,0.8211256265640259,0.41056281328201294,44.041282653808594,-1.4600000381469727,1.0800000429153442,-0.0,1.0199999809265137,0.5753691792488098,1.0438423156738281,-3.6157727241516113,0.6600000262260437,-1.3700000047683716,-0.0,12.170000076293945,1.6502726078033447,-0.9674318432807922,40.25681686401367,0.14000000059604645
3286,265030,0.0,0.0,0.0010000000474974513,0.05999999865889549,0.0,-9.739999771118164,-0.6250182390213013,-0.31250911951065063,-37.250911712646484,-1.690000057220459,0.9100000262260437,-0.0,-12.4399995803833,-0.5793357491493225,0.7551660537719727,-15.483397483825684,-0.9300000071525574,-1.3799999952316284,-0.0,11.359999656677246,0.9571059942245483,-1.140723466873169,23.92765235900879,1.0,0.05999999865889549,-0.0,-11.729999542236328,-0.012549012899398804,-0.006274506449699402,-6.627450942993164,1.8899999856948853,1.0700000524520874,0.0,1.1799999475479126,0.8753542304039001,1.1188385486602783,4.883849620819092,-1.309999942779541,-1.3700000047683716,0.0,14.890000343322754,-0.8262661695480347,-1.5865665674209595,-21.65665626525879,1.0,-0.05000000074505806,0.0,8.859999656677246,-0.06249053031206131,-0.031245265156030655,1.8754734992980957,-0.6100000143051147,0.9300000071525574,-0.009999999776482582,-14.1899995803833,0.230366051197052,0.9575914740562439,2.774146795272827,-1.5299999713897705,-1.3799999952316284,-0.0,12.520000457763672,-0.15113799273967743,-1.4177844524383545,-3.7784457206726074,1.0,-0.029999999329447746,-0.009999999776482582,8.979999542236328,0.8232816457748413,0.41164082288742065,44.179080963134766,-1.2000000476837158,1.0800000429153442,0.009999999776482582,1.0,0.5745848417282104,1.043646216392517,-3.6503827571868896,0.44999998807907104,-1.3700000047683716,0.019999999552965164,12.520000457763672,1.650097370147705,-0.9674756526947021,40.222434997558594,0.1899999976158142
3306,265334,0.0,0.0,0.0,0.05999999865889549,0.0,-9.510000228881836,-0.6168250441551208,-0.3084125220775604,-36.841251373291016,-3.7200000286102295,0.9100000262260437,0.0,-12.109999656677246,-0.5653979778289795,0.7586504817008972,-15.134954452514648,-1.7000000476837158,-1.3799999952316284,-0.009999999776482582,13.600000381469727,0.962735652923584,-1.1393160820007324,24.083391189575195,1.0,0.05999999865889549,-0.009999999776482582,-11.609999656677246,-0.01310943067073822,-0.00655471533536911,-6.6404709815979,1.7999999523162842,1.0700000524520874,0.009999999776482582,1.7699999809265137,0.8645358085632324,1.1161339282989502,4.598387718200684,-0.33000001311302185,-1.3700000047683716,-0.0,14.149999618530273,-0.8226147890090942,-1.5856536626815796,-21.565364837646484,1.0,-0.05000000074505806,-0.0,8.319999694824219,-0.0618588924407959,-0.03092944622039795,1.9070554971694946,-1.590000033378601,0.9300000071525574,-0.0,-13.9399995803833,0.22988581657409668,0.9574714303016663,2.7471423149108887,-1.7000000476837158,-1.3799999952316284,-0.0,11.4399995803833,-0.14510895311832428,-1.416277289390564,-3.6277294158935547,1.0,-0.029999999329447746,0.019999999552965164,8.960000038146973,0.8133434057235718,0.4066717028617859,43.63717269897461,-0.7699999809265137,1.0800000429153442,-0.009999999776482582,0.6899999976158142,0.5712792873382568,1.0428197383880615,-3.7030303478240967,-1.7000000476837158,-1.3700000047683716,0.019999999552965164,12.720000267028809,1.645094394683838,-0.968726396560669,40.09736251831055,1.0
3325,265623,0.0,0.0,0.0,0.05999999865889549,0.009999999776482582,-9.170000076293945,-0.6225342750549316,-0.3112671375274658,-37.1417121887207,-4.440000057220459,0.9100000262260437,0.0,-12.470000267028809,-0.5723994970321655,0.7569000720977783,-15.309995651245117,-1.7000000476837158,-1.3799999952316284,0.0,12.15999984741211,0.9598630666732788,-1.1400341987609863,23.996580123901367,1.0,0.05999999865889549,-0.009999999776482582,-11.760000228881836,-0.012640736997127533,-0.0063203684985637665,-6.617036819458008,2.440000057220459,1.0700000524520874,0.009999999776482582,1.7400000095367432,0.8722249865531921,1.1180561780929565,4.790612697601318,-0.029999999329447746,-1.3700000047683716,-0.0,13.5600004196167,-0.8271852731704712,-1.5867962837219238,-21.679628372192383,1.0,-0.05000000074505806,0.009999999776482582,8.609999656677246,-0.06259099394083023,-0.031295496970415115,1.8554503917694092,-2.0799999237060547,0.9300000071525574,-0.0,-13.90999984741211,0.22961390018463135,0.9574034214019775,2.7403414249420166,-1.7000000476837158,-1.3799999952316284,0.0,13.289999961853027,-0.14816023409366608,-1.4170401096343994,-3.7040114402770996,1.0,-0.029999999329447746,0.0,9.369999885559082,0.820103645324707,0.4100518226623535,44.005184173583984,-1.2300000190734863,1.0800000429153442,0.009999999776482582,0.8700000047683716,0.5750994086265564,1.0437748432159424,-3.6375200748443604,-1.7000000476837158,-1.3700000047683716,0.009999999776482582,12.989999771118164,1.6510610580444336,-0.96723473072052,40.26152801513672,1.0
3345,265927,0.0,0.0,0.0,0.05999999865889549,-0.019999999552965164,-9.539999961853027,-0.6229507327079773,-0.31147536635398865,-37.11753845214844,-4.570000171661377,0.9100000262260437,-0.0,-12.010000228881836,-0.5760169625282288,0.7559957504272461,-15.40042781829834,-1.7000000476837158,-1.3799999952316284,-0.0,11.90999984741211,0.9566576480865479,-1.1408355236053467,23.916446685791016,1.0,0.05999999865889549,-0.0,-11.460000038146973,-0.01218441128730774,-0.00609220564365387,-6.6092209815979,2.619999885559082,1.0700000524520874,-0.0,1.3899999856948853,0.8782685995101929,1.1195671558380127,4.956710338592529,-0.6700000166893005,-1.3700000047683716,0.0,13.350000381469727,-0.8273320198059082,-1.5868330001831055,-21.683300018310547,1.0,-0.05000000074505806,-0.009999999776482582,8.75,-0.061396524310112,-0.030698262155056,1.9451738595962524,-1.8899999856948853,0.9300000071525574,0.0,-14.15999984741211,0.23002415895462036,0.957506000995636,2.7505993843078613,-1.7000000476837158,-1.3799999952316284,0.009999999776482582,11.420000076293945,-0.15204662084579468,-1.4180116653442383,-3.816167116165161,1.0,-0.029999999329447746,0.019999999552965164,9.329999923706055,0.8189136981964111,0.40945684909820557,43.915687561035156,-1.0199999809265137,1.0800000429153442,-0.009999999776482582,1.1100000143051147,0.5759559273719788,1.0439889430999756,-3.5861098766326904,-1.7000000476837158,-1.3700000047683716,-0.0,12.760000228881836,1.6498122215270996,-0.9675469398498535,40.24530792236328,1.0
3366,266246,0.0,0.0,0.0,0.05999999865889549,-0.009999999776482582,-9.760000228881836,-0.6225696802139282,-0.3112848401069641,-37.11348342895508,-4.309999942779541,0.9100000262260437,-0.009999999776482582,-11.710000038146973,-0.5766702890396118,0.7558324337005615,-15.401759147644043,-1.7000000476837158,-1.3799999952316284,-0.009999999776482582,14.010000228881836,0.9586021900177002,-1.1403493881225586,23.980060577392578,1.0,0.05999999865889549,0.009999999776482582,-11.539999961853027,-0.01237449049949646,-0.00618724524974823,-6.633724689483643,2.759999990463257,1.0700000524520874,-0.0,1.5,0.8745466470718384,1.1186366081237793,4.8636555671691895,-1.090000033378601,-1.3700000047683716,-0.0,14.25,-0.8253352046012878,-1.5863337516784668,-21.63337516784668,1.0,-0.05000000074505806,0.0,8.930000305175781,-0.061721913516521454,-0.030860956758260727,1.9139044284820557,-1.9700000286102295,0.9300000071525574,0.019999999552965164,-14.15999984741211,0.22936692833900452,0.957341730594635,2.704172372817993,-1.7000000476837158,-1.3799999952316284,0.0,11.619999885559082,-0.1524021178483963,-1.4181004762649536,-3.8100481033325195,1.0,-0.029999999329447746,0.009999999776482582,9.390000343322754,0.8204550743103027,0.41022753715515137,44.007755279541016,-1.190000057220459,1.0800000429153442,0.009999999776482582,1.2400000095367432,0.5730014443397522,1.043250322341919,-3.689972162246704,-1.7000000476837158,-1.3700000047683716,0.019999999552965164,13.029999732971191,1.648329734802246,-0.9679175615310669,40.178245544433594,1.0
3386,266550,0.0,0.0,0.0,0.05999999865889549,0.009999999776482582,-9.430000305175781,-0.6257912516593933,-0.31289562582969666,-37.304561614990234,-4.019999980926514,0.9100000262260437,0.0,-12.25,-0.5793691873550415,0.7551577091217041,-15.484231948852539,-1.7000000476837158,-1.3799999952316284,-0.009999999776482582,12.489999771118164,0.9557129144668579,-1.1410717964172363,23.907819747924805,1.0,0.05999999865889549,-0.019999999552965164,-11.329999923706055,-0.01159137487411499,-0.005795687437057495,-6.5495686531066895,2.75,1.0700000524520874,0.009999999776482582,1.0,0.8745716214179993,1.1186429262161255,4.849287509918213,-1.4600000381469727,-1.3700000047683716,0.0,13.779999732971191,-0.8261150121688843,-1.5865287780761719,-21.652877807617188,1.0,-0.05000000074505806,-0.009999999776482582,8.960000038146973,-0.062386468052864075,-0.031193234026432037,1.895676612854004,-1.9600000381469727,0.9300000071525574,-0.0,-14.170000076293945,0.23120135068893433,0.9578003287315369,2.780032157897949,-1.7000000476837158,-1.3799999952316284,-0.0,11.75,-0.14920787513256073,-1.4173020124435425,-3.7302017211914062,1.0,-0.029999999329447746,-0.009999999776482582,9.25,0.8213883638381958,0.4106941819190979,44.08441925048828,-1.2100000381469727,1.0800000429153442,-0.0,0.6299999952316284,0.5755283832550049,1.043882131576538,-3.6117911338806152,-1.7000000476837158,-1.3700000047683716,-0.009999999776482582,12.3100004196167,1.6495604515075684,-0.9676098823547363,40.25401306152344,1.0
3406,266854,0.0,0.0,0.0,0.05999999865889549,-0.009999999776482582,-9.149999618530273,-0.6245899200439453,-0.31229496002197266,-37.21449661254883,-3.390000104904175,0.9100000262260437,0.0,-11.970000267028809,-0.5788160562515259,0.755295991897583,-15.470403671264648,-1.7000000476837158,-1.3799999952316284,0.009999999776482582,11.890000343322754,0.9570537805557251,-1.1407365798950195,23.91134262084961,1.0,0.05999999865889549,-0.0,-11.569999694824219,-0.0117093026638031,-0.00585465133190155,-6.585465431213379,2.799999952316284,1.0700000524520874,0.0,1.1399999856948853,0.8797546625137329,1.119938611984253,4.993855953216553,-1.2799999713897705,-1.3700000047683716,0.009999999776482582,14.079999923706055,-0.8276836276054382,-1.5869208574295044,-21.70708465576172,1.0,-0.05000000074505806,-0.009999999776482582,8.720000267028809,-0.062459878623485565,-0.031229939311742783,1.8920061588287354,-1.5299999713897705,0.9300000071525574,-0.009999999776482582,-14.210000038146973,0.23188844323158264,0.9579721093177795,2.8122103214263916,-1.7000000476837158,-1.3799999952316284,0.0,11.140000343322754,-0.14810045063495636,-1.417025089263916,-3.7025094032287598,1.0,-0.029999999329447746,-0.0,9.489999771118164,0.821660041809082,0.410830020904541,44.083003997802734,-1.399999976158142,1.0800000429153442,-0.009999999776482582,1.0199999809265137,0.5759078860282898,1.043976902961731,-3.5873138904571533,-0.9900000095367432,-1.3700000047683716,-0.009999999776482582,12.899999618530273,1.6504716873168945,-0.9673820734024048,40.27679443359375,1.0
3426,267158,0.0,0.0,0.0,0.05999999865889549,0.0,-9.5,-0.6242651343345642,-0.3121325671672821,-37.2132568359375,-3.3399999141693115,0.9100000262260437,-0.009999999776482582,-12.59000015258789,-0.5757225751876831,0.7560693025588989,-15.378071784973145,-1.7000000476837158,-1.3799999952316284,0.0,13.520000457763672,0.9537330865859985,-1.1415667533874512,23.843324661254883,1.0,0.05999999865889549,-0.019999999552965164,-11.460000038146973,-0.010934680700302124,-0.005467340350151062,-6.5167341232299805,2.7799999713897705,1.0700000524520874,-0.009999999776482582,1.600000023841858,0.8766019940376282,1.1191505193710327,4.930046558380127,-1.3300000429153442,-1.3700000047683716,0.0,13.649999618530273,-0.8269340991973877,-1.5867335796356201,-21.673357009887695,1.0,-0.05000000074505806,0.009999999776482582,8.5,-0.0629081130027771,-0.03145405650138855,1.8395944833755493,-1.6100000143051147,0.9300000071525574,0.0,-14.180000305175781,0.23073232173919678,0.9576830863952637,2.76830792427063,-1.6100000143051147,-1.3799999952316284,-0.0,11.699999809265137,-0.1506534367799759,-1.417663335800171,-3.766334056854248,1.0,-0.029999999329447746,0.019999999552965164,9.300000190734863,0.8202611207962036,0.4101305603981018,43.98305892944336,-1.25,1.0800000429153442,-0.029999999329447746,1.3600000143051147,0.5783421397209167,1.0445854663848877,-3.496457576751709,-0.949999988079071,-1.3700000047683716,-0.0,12.65999984741211,1.6502575874328613,-0.9674355983734131,40.256439208984375,1.0
3446,267462,0.0,0.0,0.0,0.05999999865889549,-0.009999999776482582,-9.75,-0.6236146092414856,-0.3118073046207428,-37.16572952270508,-3.890000104904175,0.9100000262260437,-0.009999999776482582,-12.020000457763672,-0.573256254196167,0.7566859126091003,-15.316411018371582,-1.7000000476837158,-1.3799999952316284,0.009999999776482582,14.5600004196167,0.9606078863143921,-1.139847993850708,24.000200271606445,1.0,0.05999999865889549,-0.019999999552965164,-11.0600004196167,-0.013453558087348938,-0.006726779043674469,-6.642677307128906,2.6600000858306885,1.0700000524520874,0.009999999776482582,1.2200000286102295,0.8777474164962769,1.1194368600845337,4.928680896759033,-0.8199999928474426,-1.3700000047683716,0.0,14.289999961853027,-0.8276111483573914,-1.5869027376174927,-21.69027328491211,1.0,-0.05000000074505806,0.0,9.020000457763672,-0.06147407740354538,-0.03073703870177269,1.9262962341308594,-2.109999895095825,0.9300000071525574,0.019999999552965164,-14.050000190734863,0.22889107465744019,0.9572227597236633,2.692275285720825,-1.7000000476837158,-1.3799999952316284,-0.0,10.920000076293945,-0.15546418726444244,-1.4188660383224487,-3.8866043090820312,1.0,-0.029999999329447746,0.0,9.289999961853027,0.8216630220413208,0.4108315110206604,44.083152770996094,-1.1399999856948853,1.0800000429153442,-0.009999999776482582,0.6700000166893005,0.5789794325828552,1.044744849205017,-3.51051926612854,-1.5199999809265137,-1.3700000047683716,-0.009999999776482582,12.609999656677246,1.6544034481048584,-0.9663991332054138,40.37508773803711,1.0
3466,267766,0.0,0.0,0.0,0.05999999865889549,-0.009999999776482582,-10.010000228881836,-0.6224147081375122,-0.3112073540687561,-37.105735778808594,-4.519999980926514,0.9100000262260437,0.009999999776482582,-12.4399995803833,-0.5782068967819214,0.7554482221603394,-15.47018051147461,-1.7000000476837158,-1.3799999952316284,-0.009999999776482582,13.210000038146973,0.9606454372406006,-1.139838695526123,24.031129837036133,1.0,0.05999999865889549,0.009999999776482582,-11.40999984741211,-0.012986168265342712,-0.006493084132671356,-6.664307594299316,2.5299999713897705,1.0700000524520874,0.019999999552965164,1.1299999952316284,0.8834804892539978,1.1208701133728027,5.057005882263184,-0.5600000023841858,-1.3700000047683716,0.009999999776482582,14.1899995803833,-0.8292728066444397,-1.5873181819915771,-21.746816635131836,1.0,-0.05000000074505806,-0.019999999552965164,8.949999809265137,-0.06065928190946579,-0.030329640954732895,1.9970359802246094,-2.0299999713897705,0.9300000071525574,0.019999999552965164,-13.949999809265137,0.23111411929130554,0.9577785134315491,2.7478506565093994,-1.7000000476837158,-1.3799999952316284,-0.0,11.130000114440918,-0.15519948303699493,-1.418799877166748,-3.879988193511963,1.0,-0.029999999329447746,0.009999999776482582,9.460000038146973,0.8212319612503052,0.4106159806251526,44.046600341796875,-0.9100000262260437,1.0800000429153442,0.009999999776482582,0.8999999761581421,0.5747479796409607,1.0436869859695435,-3.646305799484253,-1.7000000476837158,-1.3700000047683716,0.009999999776482582,13.050000190734863,1.6522090435028076,-0.9669477343559265,40.290225982666016,1.0
3506,268389,0.0,0.0,0.0,0.05999999865889549,-0.009999999776482582,-9.6899995803833,-0.6237537860870361,-0.31187689304351807,-37.172691345214844,-4.340000152587891,0.9100000262260437,0.019999999552965164,-11.989999771118164,-0.5808081030845642,0.7547979354858398,-15.550209045410156,-1.7000000476837158,-1.3799999952316284,0.009999999776482582,12.829999923706055,0.958678126335144,-1.14033043384552,23.95195770263672,1.0,0.05999999865889549,-0.009999999776482582,-11.5,-0.011827319860458374,-0.005913659930229187,-6.576366424560547,3.0399999618530273,1.0700000524520874,-0.009999999776482582,1.8300000429153442,0.8758530616760254,1.1189632415771484,4.911318778991699,-1.0299999713897705,-1.3700000047683716,-0.0,13.75,-0.8257209062576294,-1.5864301919937134,-21.64301872253418,1.0,-0.05000000074505806,0.009999999776482582,9.010000228881836,-0.0627085417509079,-0.03135427087545395,1.849573016166687,-2.2899999618530273,0.9300000071525574,0.019999999552965164,-14.289999961853027,0.2293853461742401,0.9573463201522827,2.7046313285827637,-1.7000000476837158,-1.3799999952316284,0.0,11.350000381469727,-0.15350960195064545,-1.41837739944458,-3.837740421295166,1.0,-0.029999999329447746,-0.0,9.569999694824219,0.8216757774353027,0.41083788871765137,44.08378982543945,-1.3799999952316284,1.0800000429153442,-0.009999999776482582,1.25,0.5750418305397034,1.0437604188919067,-3.608962297439575,-1.7000000476837158,-1.3700000047683716,0.009999999776482582,13.09000015258789,1.6493499279022217,-0.967662513256073,40.21875,1.0
3526,268693,0.0,0.0,0.0,0.05999999865889549,0.0,-9.270000457763672,-0.6236149072647095,-0.31180745363235474,-37.18074417114258,-4.429999828338623,0.9100000262260437,-0.0,-12.229999542236328,-0.5753846764564514,0.7561538219451904,-15.384620666503906,-1.7000000476837158,-1.3799999952316284,0.0,14.0600004196167,0.9574277400970459,-1.1406431198120117,23.935688018798828,1.0,0.05999999865889549,-0.0,-11.720000267028809,-0.013103798031806946,-0.006551899015903473,-6.655189514160156,3.119999885559082,1.0700000524520874,0.009999999776482582,1.2400000095367432,0.8735349774360657,1.118383765220642,4.823371410369873,-1.2999999523162842,-1.3700000047683716,-0.009999999776482582,14.300000190734863,-0.8257704973220825,-1.5864425897598267,-21.62925910949707,1.0,-0.05000000074505806,0.0,8.649999618530273,-0.0611865296959877,-0.03059326484799385,1.940673589706421,-2.309999942779541,0.9300000071525574,0.0,-13.90999984741211,0.23064479231834412,0.9576611518859863,2.7661144733428955,-1.7000000476837158,-1.3799999952316284,0.009999999776482582,12.180000305175781,-0.15441614389419556,-1.4186040163040161,-3.8754022121429443,1.0,-0.029999999329447746,0.009999999776482582,9.350000381469727,0.8203970193862915,0.41019850969314575,44.004852294921875,-1.5099999904632568,1.0800000429153442,0.0,1.0299999713897705,0.5775703191757202,1.0443925857543945,-3.5607457160949707,-1.7000000476837158,-1.3700000047683716,-0.009999999776482582,12.989999771118164,1.6522693634033203,-0.9669326543807983,40.32173538208008,1.0
3546,268997,0.0,0.0,0.0,0.05999999865889549,-0.0,-9.670000076293945,-0.6227554678916931,-0.31137773394584656,-37.13777542114258,-4.170000076293945,0.9100000262260437,-0.0,-12.170000076293945,-0.5731202363967896,0.7567199468612671,-15.328007698059082,-1.7000000476837158,-1.3799999952316284,-0.009999999776482582,12.15999984741211,0.9612144231796265,-1.1396963596343994,24.04536247253418,1.0,0.05999999865889549,0.009999999776482582,-11.479999542236328,-0.013845115900039673,-0.006922557950019836,-6.707255840301514,2.940000057220459,1.0700000524520874,0.019999999552965164,1.3799999952316284,0.8764768242835999,1.1191191673278809,4.881911277770996,-1.3600000143051147,-1.3700000047683716,0.0,14.489999771118164,-0.8271167278289795,-1.5867791175842285,-21.67791175842285,1.0,-0.05000000074505806,0.009999999776482582,8.760000228881836,-0.061637818813323975,-0.030818909406661987,1.9031091928482056,-2.1600000858306885,0.9300000071525574,0.009999999776482582,-13.729999542236328,0.22981306910514832,0.9574532508850098,2.7303242683410645,-1.7000000476837158,-1.3799999952316284,0.009999999776482582,11.9399995803833,-0.15387709438800812,-1.4184693098068237,-3.861931562423706,1.0,-0.029999999329447746,0.0,9.329999923706055,0.8218536376953125,0.41092681884765625,44.092681884765625,-1.340000033378601,1.0800000429153442,-0.009999999776482582,1.0,0.5774600505828857,1.0443649291992188,-3.548511266708374,-1.7000000476837158,-1.3700000047683716,0.009999999776482582,11.920000076293945,1.6546578407287598,-0.9663355350494385,40.35144805908203,1.0
3566,269301,0.0,0.0,0.0,0.05999999865889549,-0.019999999552965164,-9.489999771118164,-0.6237269639968872,-0.3118634819984436,-37.156349182128906,-4.059999942779541,0.9100000262260437,0.019999999552965164,-12.210000038146973,-0.579630970954895,0.7550922632217407,-15.52077579498291,-1.7000000476837158,-1.3799999952316284,0.0,13.899999618530273,0.9582782983779907,-1.1404304504394531,23.956954956054688,1.0,0.05999999865889549,-0.009999999776482582,-11.640000343322754,-0.012138426303863525,-0.006069213151931763,-6.591921806335449,2.9100000858306885,1.0700000524520874,0.009999999776482582,0.9399999976158142,0.8877582550048828,1.1219395399093628,5.178948879241943,-1.149999976158142,-1.3700000047683716,0.009999999776482582,14.1899995803833,-0.8337452411651611,-1.5884363651275635,-21.85863494873047,1.0,-0.05000000074505806,0.009999999776482582,9.170000076293945,-0.06262768805027008,-0.03131384402513504,1.853615641593933,-2.240000009536743,0.9300000071525574,-0.009999999776482582,-14.279999732971191,0.23219913244247437,0.9580497741699219,2.819976806640625,-1.7000000476837158,-1.3799999952316284,-0.009999999776482582,12.270000457763672,-0.15430642664432526,-1.4185765981674194,-3.8426601886749268,1.0,-0.029999999329447746,0.009999999776482582,9.020000457763672,0.8235050439834595,0.41175252199172974,44.16025161743164,-1.2200000286102295,1.0800000429153442,0.0,1.0499999523162842,0.577936053276062,1.04448401927948,-3.551602363586426,-1.7000000476837158,-1.3700000047683716,-0.0,12.5,1.6532578468322754,-0.9666855335235596,40.33144760131836,1.0
3586,269605,0.0,0.0,0.0,0.05999999865889549,-0.009999999776482582,-9.510000228881836,-0.62421053647995,-0.312105268239975,-37.195526123046875,-4.090000152587891,0.9100000262260437,0.009999999776482582,-11.84000015258789,-0.5802938342094421,0.7549265027046204,-15.522353172302246,-1.7000000476837158,-1.3799999952316284,0.0,13.479999542236328,0.9584776163101196,-1.140380620956421,23.961936950683594,1.0,0.05999999865889549,0.009999999776482582,-11.850000381469727,-0.01229184865951538,-0.00614592432975769,-6.629592418670654,2.9100000858306885,1.0700000524520874,0.0,1.4700000286102295,0.8846741914749146,1.1211684942245483,5.116844177246094,-0.8399999737739563,-1.3700000047683716,-0.009999999776482582,15.069999694824219,-0.8299285173416138,-1.5874820947647095,-21.73320960998535,1.0,-0.05000000074505806,0.0,8.479999542236328,-0.06231179088354111,-0.031155895441770554,1.8844105005264282,-2.309999942779541,0.9300000071525574,-0.009999999776482582,-14.550000190734863,0.23260313272476196,0.9581507444381714,2.830073833465576,-1.7000000476837158,-1.3799999952316284,-0.0,11.579999923706055,-0.1517140418291092,-1.4179284572601318,-3.792846202850342,1.0,-0.029999999329447746,-0.0,9.3100004196167,0.8230135440826416,0.4115067720413208,44.15067672729492,-1.1799999475479126,1.0800000429153442,0.009999999776482582,1.0800000429153442,0.5747849941253662,1.0436961650848389,-3.645387887954712,-1.7000000476837158,-1.3700000047683716,-0.0,12.75,1.65244722366333,-0.9668881893157959,40.311180114746094,1.0
3606,269909,0.0,0.0,0.0,0.05999999865889549,-0.0,-9.350000381469727,-0.6240996718406677,-0.31204983592033386,-37.20498275756836,-4.230000019073486,0.9100000262260437,0.009999999776482582,-12.09000015258789,-0.5773980021476746,0.7556504607200623,-15.449956893920898,-1.7000000476837158,-1.3799999952316284,-0.009999999776482582,13.069999694824219,0.959293007850647,-1.140176773071289,23.99732208251953,1.0,0.05999999865889549,0.009999999776482582,-11.720000267028809,-0.012631721794605255,-0.0063158608973026276,-6.646585941314697,2.8299999237060547,1.0700000524520874,0.0,1.4900000095367432,0.8790119290351868,1.1197530031204224,4.975295066833496,-0.7900000214576721,-1.3700000047683716,-0.0,14.300000190734863,-0.8277893662452698,-1.5869473218917847,-21.694732666015625,1.0,-0.05000000074505806,0.009999999776482582,8.989999771118164,-0.06169513612985611,-0.030847568064928055,1.9002432823181152,-2.2699999809265137,0.9300000071525574,0.009999999776482582,-14.270000457763672,0.2303866147994995,0.9575966596603394,2.7446651458740234,-1.7000000476837158,-1.3799999952316284,0.0,11.380000114440918,-0.15394751727581024,-1.4184868335723877,-3.8486838340759277,1.0,-0.029999999329447746,0.009999999776482582,8.800000190734863,0.8218003511428833,0.41090017557144165,44.07501983642578,-1.059999942779541,1.0800000429153442,0.009999999776482582,0.8700000047683716,0.575911819934845,1.043977975845337,-3.6172068119049072,-1.7000000476837158,-1.3700000047683716,0.0,12.539999961853027,1.6532888412475586,-0.9666777849197388,40.33222198486328,1.0
3626,270213,0.0,0.0,0.0,0.05999999865889549,-0.0,-9.380000114440918,-0.6238080859184265,-0.31190404295921326,-37.19040298461914,-4.28000020980835,0.9100000262260437,-0.009999999776482582,-12.140000343322754,-0.5753476619720459,0.7561630606651306,-15.368696212768555,-1.7000000476837158,-1.3799999952316284,-0.0,12.399999618530273,0.9606846570968628,-1.1398288011550903,24.017120361328125,1.0,0.05999999865889549,0.0,-11.609999656677246,-0.013268232345581055,-0.006634116172790527,-6.663412094116211,2.890000104904175,1.0700000524520874,0.009999999776482582,0.9800000190734863,0.8814229369163513,1.1203557252883911,5.020567417144775,-0.8899999856948853,-1.3700000047683716,0.0,14.319999694824219,-0.8290572166442871,-1.5872642993927002,-21.726428985595703,1.0,-0.05000000074505806,0.0,8.899999618530273,-0.06199111044406891,-0.030995555222034454,1.900444507598877,-2.2899999618530273,0.9300000071525574,0.009999999776482582,-13.800000190734863,0.23061618208885193,0.9576539993286133,2.750399112701416,-1.7000000476837158,-1.3799999952316284,-0.009999999776482582,11.199999809265137,-0.1543198674917221,-1.4185799360275269,-3.842993974685669,1.0,-0.029999999329447746,-0.009999999776482582,9.1899995803833,0.823354959487915,0.4116774797439575,44.18274688720703,-1.1299999952316284,1.0800000429153442,0.0,1.2000000476837158,0.5777280926704407,1.0444320440292358,-3.55679988861084,-1.7000000476837158,-1.3700000047683716,-0.009999999776482582,12.979999542236328,1.6534788608551025,-0.9666302800178528,40.35197067260742,1.0
3647,270532,0.0,0.0,0.0,0.05999999865889549,0.009999999776482582,-9.649999618530273,-0.6242519617080688,-0.3121259808540344,-37.227596282958984,-4.309999942779541,0.9100000262260437,0.019999999552965164,-12.40999984741211,-0.5803971290588379,0.7549006938934326,-15.539933204650879,-1.7000000476837158,-1.3799999952316284,-0.0,11.880000114440918,0.955062985420227,-1.141234278678894,23.876571655273438,1.0,0.05999999865889549,0.009999999776482582,-11.210000038146973,-0.011492908000946045,-0.0057464540004730225,-6.5896453857421875,2.9700000286102295,1.0700000524520874,-0.009999999776482582,1.2699999809265137,0.880508542060852,1.1201270818710327,5.027702808380127,-0.9399999976158142,-1.3700000047683716,0.009999999776482582,14.680000305175781,-0.8285256624221802,-1.587131381034851,-21.728137969970703,1.0,-0.05000000074505806,0.009999999776482582,9.199999809265137,-0.062333427369594574,-0.031166713684797287,1.8683286905288696,-2.3499999046325684,0.9300000071525574,-0.0,-14.029999732971191,0.23238196969032288,0.9580954909324646,2.8095483779907227,-1.7000000476837158,-1.3799999952316284,0.0,11.220000267028809,-0.15240252017974854,-1.4181005954742432,-3.8100600242614746,1.0,-0.029999999329447746,0.009999999776482582,9.119999885559082,0.821599006652832,0.410799503326416,44.0649528503418,-1.2599999904632568,1.0800000429153442,-0.019999999552965164,0.5799999833106995,0.5771352648735046,1.0442837476730347,-3.5416295528411865,-1.7000000476837158,-1.3700000047683716,-0.009999999776482582,13.050000190734863,1.6517348289489746,-0.9670662879943848,40.308372497558594,1.0
3667,270836,0.0,0.0,0.0,0.05999999865889549,-0.019999999552965164,-9.479999542236328,-0.6223832964897156,-0.3111916482448578,-37.08916473388672,-4.380000114440918,0.9100000262260437,0.0,-11.979999542236328,-0.580050528049469,0.754987359046936,-15.501266479492188,-1.7000000476837158,-1.3799999952316284,0.009999999776482582,13.0,0.9603784084320068,-1.1399054527282715,23.994455337524414,1.0,0.05999999865889549,0.009999999776482582,-10.699999809265137,-0.01306258887052536,-0.00653129443526268,-6.668128967285156,3.009999990463257,1.0700000524520874,0.0,0.8899999856948853,0.8832606673240662,1.1208151578903198,5.081510543823242,-1.0199999809265137,-1.3700000047683716,-0.009999999776482582,13.6899995803833,-0.8282774090766907,-1.5870693922042847,-21.691940307617188,1.0,-0.05000000074505806,-0.029999999329447746,8.680000305175781,-0.06129125505685806,-0.03064562752842903,1.9804372787475586,-2.3399999141693115,0.9300000071525574,0.019999999552965164,-13.970000267028809,0.22946184873580933,0.9573654532432556,2.7065446376800537,-1.7000000476837158,-1.3799999952316284,0.009999999776482582,11.380000114440918,-0.1541321873664856,-1.4185330867767334,-3.868309259414673,1.0,-0.029999999329447746,-0.029999999329447746,9.199999809265137,0.8227640390396118,0.4113820195198059,44.18320083618164,-1.309999942779541,1.0800000429153442,-0.019999999552965164,1.1100000143051147,0.5742487907409668,1.0435621738433838,-3.6137869358062744,-1.7000000476837158,-1.3700000047683716,0.009999999776482582,12.210000038146973,1.646620750427246,-0.9683448076248169,40.15052032470703,1.0
3685,271110,0.0,0.0,0.0,0.05999999865889549,-0.009999999776482582,-9.34000015258789,-0.6236630082130432,-0.3118315041065216,-37.16815185546875,-4.300000190734863,0.9100000262260437,0.009999999776482582,-11.899999618530273,-0.578229546546936,0.7554426193237305,-15.470741271972656,-1.7000000476837158,-1.3799999952316284,0.0,14.109999656677246,0.9576045274734497,-1.1405988931655884,23.940109252929688,1.0,0.05999999865889549,-0.009999999776482582,-11.479999542236328,-0.012258052825927734,-0.006129026412963867,-6.597902774810791,2.990000009536743,1.0700000524520874,-0.009999999776482582,0.7099999785423279,0.8727508783340454,1.118187665939331,4.833761215209961,-1.0299999713897705,-1.3700000047683716,-0.009999999776482582,14.40999984741211,-0.8246475458145142,-1.5861618518829346,-21.601184844970703,1.0,-0.05000000074505806,-0.019999999552965164,9.039999961853027,-0.06234113126993179,-0.031170565634965897,1.9129434823989868,-2.299999952316284,0.9300000071525574,-0.0,-14.210000038146973,0.22916287183761597,0.9572907090187073,2.7290701866149902,-1.7000000476837158,-1.3799999952316284,-0.009999999776482582,11.40999984741211,-0.1502959132194519,-1.4175739288330078,-3.7423932552337646,1.0,-0.029999999329447746,-0.019999999552965164,9.680000305175781,0.8210196495056152,0.4105098247528076,44.08098220825195,-1.3300000429153442,1.0800000429153442,-0.009999999776482582,0.8899999856948853,0.5754731297492981,1.0438683032989502,-3.5981738567352295,-1.7000000476837158,-1.3700000047683716,0.009999999776482582,13.0,1.6475162506103516,-0.9681209325790405,40.172908782958984,1.0
3705,271429,0.0,0.0,0.0,0.05999999865889549,-0.009999999776482582,-9.270000457763672,-0.6249482035636902,-0.3124741017818451,-37.2324104309082,-4.230000019073486,0.9100000262260437,-0.009999999776482582,-12.119999885559082,-0.5754138231277466,0.7561465501785278,-15.370347023010254,-1.7000000476837158,-1.3799999952316284,0.0,11.5,0.9585368633270264,-1.1403658390045166,23.963415145874023,1.0,0.05999999865889549,-0.019999999552965164,-11.720000267028809,-0.012256018817424774,-0.006128009408712387,-6.582800388336182,2.990000009536743,1.0700000524520874,-0.0,1.2000000476837158,0.8748719692230225,1.118717908859253,4.871785640716553,-1.0,-1.3700000047683716,-0.009999999776482582,14.420000076293945,-0.8276042342185974,-1.586901068687439,-21.675106048583984,1.0,-0.05000000074505806,-0.0,8.59000015258789,-0.06245601177215576,-0.03122800588607788,1.8771995306015015,-2.319999933242798,0.9300000071525574,0.0,-13.619999885559082,0.22862499952316284,0.957156240940094,2.715623378753662,-1.7000000476837158,-1.3799999952316284,0.0,12.020000457763672,-0.1509810835123062,-1.4177452325820923,-3.7745237350463867,1.0,-0.029999999329447746,-0.0,9.050000190734863,0.8220049142837524,0.4110024571418762,44.10024642944336,-1.3300000429153442,1.0800000429153442,0.0,0.7099999785423279,0.5773494839668274,1.0443373918533325,-3.566265106201172,-1.7000000476837158,-1.3700000047683716,0.0,12.970000267028809,1.651116132736206,-0.9672209620475769,40.27790451049805,1.0
3725,271733,0.0,0.0,0.0,0.05999999865889549,0.009999999776482582,-9.600000381469727,-0.6257811784744263,-0.31289058923721313,-37.30405807495117,-4.199999809265137,0.9100000262260437,-0.019999999552965164,-12.210000038146973,-0.5762593150138855,0.7559351325035095,-15.376489639282227,-1.7000000476837158,-1.3799999952316284,0.0,12.609999656677246,0.9587733745574951,-1.1403067111968994,23.969327926635742,1.0,0.05999999865889549,-0.0,-11.59000015258789,-0.012071236968040466,-0.006035618484020233,-6.6035614013671875,2.9700000286102295,1.0700000524520874,-0.0,1.3799999952316284,0.8856068849563599,1.1214016675949097,5.140161514282227,-0.9100000262260437,-1.3700000047683716,-0.0,13.930000305175781,-0.8313839435577393,-1.587846040725708,-21.784603118896484,1.0,-0.05000000074505806,-0.0,8.609999656677246,-0.06201895326375961,-0.031009476631879807,1.899052381515503,-2.319999933242798,0.9300000071525574,0.019999999552965164,-13.949999809265137,0.23029902577400208,0.957574725151062,2.7274718284606934,-1.7000000476837158,-1.3799999952316284,-0.019999999552965164,11.729999542236328,-0.15267439186573029,-1.418168544769287,-3.7868549823760986,1.0,-0.029999999329447746,-0.009999999776482582,9.220000267028809,0.823185920715332,0.411592960357666,44.17429733276367,-1.3200000524520874,1.0800000429153442,0.019999999552965164,1.149999976158142,0.5754982233047485,1.0438745021820068,-3.6425540447235107,-1.7000000476837158,-1.3700000047683716,0.0,12.970000267028809,1.652437686920166,-0.9668905735015869,40.310943603515625,1.0
3745,272037,0.0,0.0,0.0,0.05999999865889549,0.0,-9.699999809265137,-0.6244603395462036,-0.3122301697731018,-37.223018646240234,-4.190000057220459,0.9100000262260437,0.019999999552965164,-12.25,-0.5802488327026367,0.7549377679824829,-15.536225318908691,-1.7000000476837158,-1.3799999952316284,0.0,12.130000114440918,0.9582762718200684,-1.1404309272766113,23.956907272338867,1.0,0.05999999865889549,0.009999999776482582,-11.680000305175781,-0.012841865420341492,-0.006420932710170746,-6.657092571258545,2.940000057220459,1.0700000524520874,0.009999999776482582,1.5099999904632568,0.8831426501274109,1.1207855939865112,5.063554286956787,-0.8500000238418579,-1.3700000047683716,0.0,14.380000114440918,-0.8289501667022705,-1.5872375965118408,-21.723758697509766,1.0,-0.05000000074505806,-0.019999999552965164,8.399999618530273,-0.06167832762002945,-0.030839163810014725,1.946083664894104,-2.309999942779541,0.9300000071525574,-0.009999999776482582,-14.369999885559082,0.23252663016319275,0.9581316113471985,2.828160524368286,-1.7000000476837158,-1.3799999952316284,0.009999999776482582,12.729999542236328,-0.15180106461048126,-1.4179502725601196,-3.810027837753296,1.0,-0.029999999329447746,-0.019999999552965164,9.140000343322754,0.8228213787078857,0.41141068935394287,44.17106628417969,-1.2599999904632568,1.0800000429153442,-0.009999999776482582,1.7100000381469727,0.575677216053009,1.043919324874878,-3.593071699142456,-1.7000000476837158,-1.3700000047683716,0.0,12.15999984741211,1.650202989578247,-0.9674492478370667,40.25507736206055,1.0
3765,272341,0.0,0.0,0.0,0.05999999865889549,0.019999999552965164,-9.050000190734863,-0.6249924898147583,-0.31249624490737915,-37.279624938964844,-4.239999771118164,0.9100000262260437,0.009999999776482582,-12.140000343322754,-0.5805948376655579,0.7548512816429138,-15.529874801635742,-1.7000000476837158,-1.3799999952316284,-0.009999999776482582,13.949999809265137,0.9561930894851685,-1.1409517526626587,23.919822692871094,1.0,0.05999999865889549,0.019999999552965164,-11.130000114440918,-0.01204751431941986,-0.00602375715970993,-6.632375240325928,2.950000047683716,1.0700000524520874,0.009999999776482582,1.4800000190734863,0.880841076374054,1.1202102899551392,5.00602388381958,-0.8700000047683716,-1.3700000047683716,-0.0,14.319999694824219,-0.8283880352973938,-1.5870970487594604,-21.709705352783203,1.0,-0.05000000074505806,-0.019999999552965164,8.630000114440918,-0.061347633600234985,-0.030673816800117493,1.962618350982666,-2.309999942779541,0.9300000071525574,-0.009999999776482582,-14.130000114440918,0.23278450965881348,0.9581961035728455,2.8346097469329834,-1.7000000476837158,-1.3799999952316284,0.009999999776482582,12.760000228881836,-0.15055565536022186,-1.417638897895813,-3.778890371322632,1.0,-0.029999999329447746,-0.0,9.34000015258789,0.8215311765670776,0.4107655882835388,44.07655715942383,-1.2599999904632568,1.0800000429153442,0.009999999776482582,1.0,0.5724771618843079,1.0431193113327026,-3.703073263168335,-1.7000000476837158,-1.3700000047683716,0.009999999776482582,11.770000457763672,1.6486735343933105,-0.9678316116333008,40.201839447021484,1.0
3785,272645,0.0,0.0,0.0,0.05999999865889549,0.0,-9.34000015258789,-0.6240118145942688,-0.3120059072971344,-37.200592041015625,-4.309999942779541,0.9100000262260437,-0.009999999776482582,-12.180000305175781,-0.5766909122467041,0.7558272480964661,-15.402277946472168,-1.7000000476837158,-1.3799999952316284,0.0,12.710000038146973,0.9604703187942505,-1.1398824453353882,24.011754989624023,1.0,0.05999999865889549,0.029999999329447746,-11.6899995803833,-0.01318996399641037,-0.006594981998205185,-6.704498291015625,2.9600000381469727,1.0700000524520874,0.009999999776482582,1.149999976158142,0.8821227550506592,1.120530605316162,5.038055419921875,-0.8999999761581421,-1.3700000047683716,0.0,14.390000343322754,-0.8298785090446472,-1.5874695777893066,-21.746957778930664,1.0,-0.05000000074505806,0.019999999552965164,8.609999656677246,-0.06227852404117584,-0.03113926202058792,1.8560738563537598,-2.319999933242798,0.9300000071525574,-0.0,-14.239999771118164,0.23092511296272278,0.9577312469482422,2.7731239795684814,-1.7000000476837158,-1.3799999952316284,0.009999999776482582,12.0,-0.1530032753944397,-1.4182507991790771,-3.840080499649048,1.0,-0.029999999329447746,-0.009999999776482582,9.220000267028809,0.8239866495132446,0.4119933247566223,44.214332580566406,-1.2699999809265137,1.0800000429153442,0.009999999776482582,1.1799999475479126,0.5750055313110352,1.0437513589859009,-3.6398684978485107,-1.7000000476837158,-1.3700000047683716,0.009999999776482582,13.039999961853027,1.6543066501617432,-0.9664233326911926,40.34266662597656,1.0
3805,272949,0.0,0.0,0.0,0.05999999865889549,0.009999999776482582,-9.739999771118164,-0.6248560547828674,-0.3124280273914337,-37.2578010559082,-4.329999923706055,0.9100000262260437,0.009999999776482582,-12.079999923706055,-0.5805647373199463,0.7548587918281555,-15.52912425994873,-1.7000000476837158,-1.3799999952316284,0.009999999776482582,13.489999771118164,0.9528509378433228,-1.1417872905731201,23.806270599365234,1.0,0.05999999865889549,-0.0,-11.729999542236328,-0.01117270439863205,-0.005586352199316025,-6.558635234832764,2.9700000286102295,1.0700000524520874,-0.009999999776482582,1.1299999952316284,0.8738938570022583,1.1184734106063843,4.862335681915283,-0.9200000166893005,-1.3700000047683716,-0.0,14.380000114440918,-0.8249741196632385,-1.5862435102462769,-21.624351501464844,1.0,-0.05000000074505806,-0.009999999776482582,8.529999732971191,-0.06221313029527664,-0.03110656514763832,1.9043434858322144,-2.319999933242798,0.9300000071525574,0.0,-13.949999809265137,0.2313578724861145,0.9578394293785095,2.783942222595215,-1.7000000476837158,-1.3799999952316284,-0.009999999776482582,12.100000381469727,-0.14995159208774567,-1.4174878597259521,-3.7337863445281982,1.0,-0.029999999329447746,0.009999999776482582,9.369999885559082,0.8198639154434204,0.4099319577217102,43.97819519042969,-1.2799999713897705,1.0800000429153442,-0.0,0.9900000095367432,0.5742981433868408,1.043574571609497,-3.642547130584717,-1.7000000476837158,-1.3700000047683716,0.009999999776482582,12.670000076293945,1.6482138633728027,-0.9679465293884277,40.19034957885742,1.0
3825,273253,0.0,0.0,0.0,0.05999999865889549,-0.009999999776482582,-9.319999694824219,-0.6229092478752136,-0.3114546239376068,-37.130462646484375,-4.309999942779541,0.9100000262260437,-0.009999999776482582,-12.529999732971191,-0.5767416954040527,0.7558145523071289,-15.403547286987305,-1.7000000476837158,-1.3799999952316284,0.009999999776482582,13.050000190734863,0.9562214612960815,-1.1409446001052856,23.890541076660156,1.0,0.05999999865889549,-0.0,-11.859999656677246,-0.012199737131595612,-0.006099868565797806,-6.609986782073975,2.9700000286102295,1.0700000524520874,0.0,1.6100000143051147,0.8741877675056458,1.118546962738037,4.854691028594971,-0.9300000071525574,-1.3700000047683716,0.009999999776482582,14.420000076293945,-0.8260171413421631,-1.5865042209625244,-21.665420532226562,1.0,-0.05000000074505806,-0.009999999776482582,8.680000305175781,-0.06182686984539032,-0.03091343492269516,1.9236565828323364,-2.309999942779541,0.9300000071525574,0.0,-14.300000190734863,0.23037976026535034,0.9575949311256409,2.7594923973083496,-1.7000000476837158,-1.3799999952316284,-0.0,11.40999984741211,-0.15070082247257233,-1.417675256729126,-3.767526149749756,1.0,-0.029999999329447746,0.019999999552965164,9.199999809265137,0.8199955224990845,0.40999776124954224,43.96977615356445,-1.2899999618530273,1.0800000429153442,0.019999999552965164,1.2599999904632568,0.5736852288246155,1.0434212684631348,-3.6878774166107178,-1.7000000476837158,-1.3700000047683716,0.019999999552965164,13.25,1.6479835510253906,-0.9680041074752808,40.16958999633789,1.0
3845,273557,0.0,0.0,0.0,0.05999999865889549,0.009999999776482582,-9.489999771118164,-0.6248488426208496,-0.3124244213104248,-37.257442474365234,-4.28000020980835,0.9100000262260437,-0.0,-12.460000038146973,-0.5756780505180359,0.7560804486274719,-15.391958236694336,-1.7000000476837158,-1.3799999952316284,0.009999999776482582,12.199999809265137,0.9564875364303589,-1.1408780813217163,23.897192001342773,1.0,0.05999999865889549,-0.009999999776482582,-11.720000267028809,-0.012231245636940002,-0.006115622818470001,-6.596561908721924,2.9700000286102295,1.0700000524520874,0.0,1.7300000190734863,0.8744888305664062,1.1186221837997437,4.862213134765625,-0.9300000071525574,-1.3700000047683716,-0.009999999776482582,13.869999885559082,-0.8262784481048584,-1.5865695476531982,-21.64195442199707,1.0,-0.05000000074505806,-0.009999999776482582,8.880000114440918,-0.06156543642282486,-0.03078271821141243,1.9367282390594482,-2.309999942779541,0.9300000071525574,0.0,-14.0600004196167,0.23038989305496216,0.9575974345207214,2.7597427368164062,-1.7000000476837158,-1.3799999952316284,-0.009999999776482582,11.390000343322754,-0.15147417783737183,-1.4178684949874878,-3.7718498706817627,1.0,-0.029999999329447746,0.009999999776482582,9.430000305175781,0.8197922706604004,0.4098961353302002,43.974613189697266,-1.2999999523162842,1.0800000429153442,-0.0,0.9100000262260437,0.5758973956108093,1.0439742803573608,-3.60257625579834,-1.7000000476837158,-1.3700000047683716,0.009999999776482582,13.300000190734863,1.6510050296783447,-0.9672487378120422,40.260128021240234,1.0
3866,273876,0.0,0.0,0.0,0.05999999865889549,-0.0,-9.3100004196167,-0.624638557434082,-0.312319278717041,-37.231929779052734,-4.260000228881836,0.9100000262260437,0.009999999776482582,-12.510000228881836,-0.5790528059005737,0.7552367448806763,-15.491328239440918,-1.7000000476837158,-1.3799999952316284,0.0,11.630000114440918,0.9568727016448975,-1.1407818794250488,23.921812057495117,1.0,0.05999999865889549,0.0,-11.739999771118164,-0.012127310037612915,-0.0060636550188064575,-6.60636568069458,2.9600000381469727,1.0700000524520874,-0.0,1.7899999618530273,0.8801301717758179,1.120032548904419,5.003249645233154,-0.9200000166893005,-1.3700000047683716,0.009999999776482582,13.979999542236328,-0.8277829885482788,-1.5869457721710205,-21.709575653076172,1.0,-0.05000000074505806,-0.0,8.800000190734863,-0.0624370351433754,-0.0312185175716877,1.8781483173370361,-2.309999942779541,0.9300000071525574,-0.009999999776482582,-14.449999809265137,0.23206284642219543,0.9580156803131104,2.8165674209594727,-1.7000000476837158,-1.3799999952316284,0.0,11.239999771118164,-0.15116186439990997,-1.417790412902832,-3.7790417671203613,1.0,-0.029999999329447746,-0.0,9.0600004196167,0.8217370510101318,0.4108685255050659,44.08685302734375,-1.2999999523162842,1.0800000429153442,0.009999999776482582,1.090000033378601,0.5743308663368225,1.0435826778411865,-3.6567366123199463,-1.7000000476837158,-1.3700000047683716,0.009999999776482582,12.960000038146973,1.6500091552734375,-0.967497706413269,40.2352294921875,1.0
3886,274180,0.0,0.0,0.0,0.05999999865889549,-0.009999999776482582,-9.850000381469727,-0.6233972311019897,-0.3116986155509949,-37.15486145019531,-4.25,0.9100000262260437,0.019999999552965164,-12.270000457763672,-0.5816644430160522,0.7545838356018066,-15.571619033813477,-1.7000000476837158,-1.3799999952316284,-0.0,13.170000076293945,0.9558041095733643,-1.1410489082336426,23.895109176635742,1.0,0.05999999865889549,-0.0,-11.600000381469727,-0.011648133397102356,-0.005824066698551178,-6.582406044006348,2.950000047683716,1.0700000524520874,-0.0,1.2300000190734863,0.8786476850509644,1.1196619272232056,4.966187477111816,-0.8899999856948853,-1.3700000047683716,0.009999999776482582,14.09000015258789,-0.8278385400772095,-1.5869596004486084,-21.71095848083496,1.0,-0.05000000074505806,-0.009999999776482582,9.520000457763672,-0.062447696924209595,-0.031223848462104797,1.8926151990890503,-2.309999942779541,0.9300000071525574,-0.009999999776482582,-14.210000038146973,0.2322174608707428,0.9580543637275696,2.8204357624053955,-1.7000000476837158,-1.3799999952316284,-0.0,11.1899995803833,-0.15070821344852448,-1.4176770448684692,-3.767704963684082,1.0,-0.029999999329447746,0.009999999776482582,9.699999809265137,0.8212292194366455,0.41061460971832275,44.04646301269531,-1.2799999713897705,1.0800000429153442,-0.0,1.1299999952316284,0.5736862421035767,1.0434215068817139,-3.657853603363037,-1.7000000476837158,-1.3700000047683716,0.009999999776482582,12.5600004196167,1.6477510929107666,-0.9680622220039368,40.17877960205078,1.0
3906,274484,0.0,0.0,0.0,0.05999999865889549,-0.019999999552965164,-9.270000457763672,-0.6230872869491577,-0.31154364347457886,-37.124366760253906,-4.260000228881836,0.9100000262260437,0.0,-12.510000228881836,-0.5753651857376099,0.756158709526062,-15.38413143157959,-1.7000000476837158,-1.3799999952316284,0.0,13.050000190734863,0.958926796913147,-1.140268325805664,23.973167419433594,1.0,0.05999999865889549,-0.019999999552965164,-11.59000015258789,-0.01291753351688385,-0.006458766758441925,-6.615875720977783,2.950000047683716,1.0700000524520874,-0.009999999776482582,1.4800000190734863,0.8734630942344666,1.11836576461792,4.851571083068848,-0.8899999856948853,-1.3700000047683716,-0.0,14.670000076293945,-0.8241522312164307,-1.5860381126403809,-21.603811264038086,1.0,-0.05000000074505806,0.009999999776482582,8.710000038146973,-0.06250464916229248,-0.03125232458114624,1.8597676753997803,-2.319999933242798,0.9300000071525574,0.0,-14.390000343322754,0.22975441813468933,0.957438588142395,2.7438580989837646,-1.7000000476837158,-1.3799999952316284,0.0,11.369999885559082,-0.15183621644973755,-1.4179590940475464,-3.795909881591797,1.0,-0.029999999329447746,0.009999999776482582,9.220000267028809,0.8209376335144043,0.41046881675720215,44.031883239746094,-1.2799999713897705,1.0800000429153442,-0.019999999552965164,1.0499999523162842,0.5780859589576721,1.044521450996399,-3.5178592205047607,-1.7000000476837158,-1.3700000047683716,-0.009999999776482582,12.720000267028809,1.6531376838684082,-0.9667155742645264,40.343441009521484,1.0
3926,274788,0.0,0.0,0.0,0.05999999865889549,-0.009999999776482582,-9.210000038146973,-0.6228286623954773,-0.31141433119773865,-37.126434326171875,-4.289999961853027,0.9100000262260437,0.0,-12.260000228881836,-0.578593909740448,0.7553514838218689,-15.46485424041748,-1.7000000476837158,-1.3799999952316284,0.009999999776482582,13.279999732971191,0.9560837745666504,-1.1409790515899658,23.887094497680664,1.0,0.05999999865889549,0.009999999776482582,-11.210000038146973,-0.011793486773967743,-0.0058967433869838715,-6.604673862457275,2.950000047683716,1.0700000524520874,0.009999999776482582,1.440000057220459,0.8808430433273315,1.1202107667922974,5.0060715675354,-0.8899999856948853,-1.3700000047683716,-0.0,13.930000305175781,-0.8303273916244507,-1.5875818729400635,-21.75818634033203,1.0,-0.05000000074505806,0.009999999776482582,8.4399995803833,-0.06261753290891647,-0.03130876645445824,1.8541234731674194,-2.319999933242798,0.9300000071525574,0.0,-13.770000457763672,0.23081475496292114,0.9577036499977112,2.770364284515381,-1.7000000476837158,-1.3799999952316284,-0.0,12.890000343322754,-0.15232788026332855,-1.4180819988250732,-3.8082003593444824,1.0,-0.029999999329447746,0.019999999552965164,9.350000381469727,0.822252631187439,0.4111263155937195,44.08263397216797,-1.2699999809265137,1.0800000429153442,-0.009999999776482582,0.4399999976158142,0.5766816735267639,1.0441703796386719,-3.5679662227630615,-1.7000000476837158,-1.3700000047683716,0.009999999776482582,12.979999542236328,1.6515347957611084,-0.9671162962913513,40.273372650146484,1.0
3946,275092,0.0,0.0,0.0,0.05999999865889549,-0.009999999776482582,-9.130000114440918,-0.6229798793792725,-0.31148993968963623,-37.133995056152344,-4.300000190734863,0.9100000262260437,-0.0,-12.300000190734863,-0.5768883228302002,0.755777895450592,-15.422212600708008,-1.7000000476837158,-1.3799999952316284,-0.009999999776482582,12.970000267028809,0.9581478834152222,-1.1404629945755005,23.968700408935547,1.0,0.05999999865889549,-0.0,-11.369999885559082,-0.012696757912635803,-0.006348378956317902,-6.6348371505737305,2.9600000381469727,1.0700000524520874,-0.0,1.5700000524520874,0.8813501596450806,1.1203374862670898,5.033743381500244,-0.8999999761581421,-1.3700000047683716,-0.0,15.460000038146973,-0.8283422589302063,-1.5870856046676636,-21.708560943603516,1.0,-0.05000000074505806,-0.019999999552965164,8.680000305175781,-0.06206823140382767,-0.031034115701913834,1.926588535308838,-2.319999933242798,0.9300000071525574,-0.009999999776482582,-14.479999542236328,0.23144963383674622,0.957862377166748,2.801237106323242,-1.7000000476837158,-1.3799999952316284,-0.009999999776482582,11.140000343322754,-0.15098470449447632,-1.4177461862564087,-3.7596189975738525,1.0,-0.029999999329447746,-0.009999999776482582,9.069999694824219,0.8216197490692139,0.41080987453460693,44.095985412597656,-1.2699999809265137,1.0800000429153442,-0.009999999776482582,0.7900000214576721,0.57635498046875,1.0440887212753296,-3.57613205909729,-1.7000000476837158,-1.3700000047683716,-0.0,12.0600004196167,1.6505155563354492,-0.9673711061477661,40.26288986206055,1.0
3986,275715,0.0,0.0,0.0,0.05999999865889549,-0.009999999776482582,-9.609999656677246,-0.6232792139053345,-0.31163960695266724,-37.14896011352539,-4.289999961853027,0.9100000262260437,-0.0,-12.430000305175781,-0.5769123435020447,0.7557718753814697,-15.422815322875977,-1.7000000476837158,-1.3799999952316284,-0.009999999776482582,12.699999809265137,0.9592119455337524,-1.1401970386505127,23.99529457092285,1.0,0.05999999865889549,0.0,-11.819999694824219,-0.012915149331092834,-0.006457574665546417,-6.645756721496582,2.9600000381469727,1.0700000524520874,-0.009999999776482582,1.75,0.8765026330947876,1.1191256046295166,4.927555084228516,-0.9100000262260437,-1.3700000047683716,0.009999999776482582,14.859999656677246,-0.8253333568572998,-1.5863332748413086,-21.648326873779297,1.0,-0.05000000074505806,-0.0,8.800000190734863,-0.06163471192121506,-0.03081735596060753,1.9182645082473755,-2.319999933242798,0.9300000071525574,0.0,-14.09000015258789,0.23150628805160522,0.9578765630722046,2.7876555919647217,-1.7000000476837158,-1.3799999952316284,0.009999999776482582,13.180000305175781,-0.15234272181987762,-1.4180856943130493,-3.8235700130462646,1.0,-0.029999999329447746,-0.0,9.4399995803833,0.820772647857666,0.410386323928833,44.038631439208984,-1.2799999713897705,1.0800000429153442,0.009999999776482582,0.7900000214576721,0.5750806927680969,1.04377019405365,-3.6379849910736084,-1.7000000476837158,-1.3700000047683716,-0.009999999776482582,12.600000381469727,1.652306318283081,-0.9669234156608582,40.32265853881836,1.0
4006,276019,0.0,0.0,0.0,0.05999999865889549,-0.019999999552965164,-9.569999694824219,-0.6241282820701599,-0.31206414103507996,-37.176414489746094,-4.28000020980835,0.9100000262260437,-0.0,-12.329999923706055,-0.5760625600814819,0.7559843063354492,-15.401572227478027,-1.7000000476837158,-1.3799999952316284,-0.0,13.489999771118164,0.9627171754837036,-1.139320731163025,24.06792640686035,1.0,0.05999999865889549,-0.03999999910593033,-11.569999694824219,-0.013451233506202698,-0.006725616753101349,-6.612561225891113,2.9600000381469727,1.0700000524520874,0.009999999776482582,1.0299999713897705,0.8771985769271851,1.1192996501922607,4.914959907531738,-0.9100000262260437,-1.3700000047683716,0.009999999776482582,14.800000190734863,-0.8275896906852722,-1.586897373199463,-21.704736709594727,1.0,-0.05000000074505806,0.009999999776482582,8.550000190734863,-0.06256374716758728,-0.03128187358379364,1.8568127155303955,-2.319999933242798,0.9300000071525574,0.009999999776482582,-14.149999618530273,0.22836348414421082,0.9570908546447754,2.694084644317627,-1.7000000476837158,-1.3799999952316284,0.009999999776482582,11.729999542236328,-0.15511314570903778,-1.4187783002853394,-3.8928306102752686,1.0,-0.029999999329447746,-0.019999999552965164,9.100000381469727,0.8234708309173584,0.4117354154586792,44.20354080200195,-1.2899999618530273,1.0800000429153442,-0.0,1.149999976158142,0.576938271522522,1.0442345142364502,-3.5765528678894043,-1.7000000476837158,-1.3700000047683716,-0.0,12.3100004196167,1.6532106399536133,-0.9666973352432251,40.33026885986328,1.0
4026,276323,0.0,0.0,0.0,0.05999999865889549,-0.009999999776482582,-9.449999809265137,-0.6243854761123657,-0.31219273805618286,-37.20427322387695,-4.28000020980835,0.9100000262260437,0.009999999776482582,-12.079999923706055,-0.5794513821601868,0.7551371455192566,-15.501288414001465,-1.7000000476837158,-1.3799999952316284,0.0,13.010000228881836,0.9565443992614746,-1.1408638954162598,23.913610458374023,1.0,0.05999999865889549,-0.019999999552965164,-11.670000076293945,-0.011455714702606201,-0.005727857351303101,-6.54278564453125,2.950000047683716,1.0700000524520874,0.019999999552965164,1.3200000524520874,0.8793947100639343,1.119848608970642,4.954855442047119,-0.8999999761581421,-1.3700000047683716,0.0,13.390000343322754,-0.8293615579605103,-1.5873403549194336,-21.73403549194336,1.0,-0.05000000074505806,-0.0,8.869999885559082,-0.06268017739057541,-0.031340088695287704,1.865991234779358,-2.309999942779541,0.9300000071525574,-0.009999999776482582,-14.220000267028809,0.2317504584789276,0.9579375982284546,2.8087592124938965,-1.7000000476837158,-1.3799999952316284,0.009999999776482582,12.050000190734863,-0.15094827115535736,-1.4177370071411133,-3.788701295852661,1.0,-0.029999999329447746,0.009999999776482582,9.350000381469727,0.8213614225387573,0.41068071126937866,44.053070068359375,-1.2799999713897705,1.0800000429153442,-0.009999999776482582,1.1399999856948853,0.5759121179580688,1.043977975845337,-3.5872066020965576,-1.7000000476837158,-1.3700000047683716,0.009999999776482582,12.15999984741211,1.6503872871398926,-0.9674031734466553,40.24468231201172,1.0
4045,276612,0.0,0.0,0.0,0.05999999865889549,0.0,-9.25,-0.6251923441886902,-0.3125961720943451,-37.25961685180664,-4.28000020980835,0.9100000262260437,-0.009999999776482582,-12.199999809265137,-0.5752952098846436,0.7561761736869812,-15.367384910583496,-1.7000000476837158,-1.3799999952316284,0.0,13.680000305175781,0.9599472284317017,-1.1400132179260254,23.99867820739746,1.0,0.05999999865889549,0.0,-11.869999885559082,-0.01270650327205658,-0.00635325163602829,-6.635324478149414,2.950000047683716,1.0700000524520874,0.0,1.7000000476837158,0.886097252368927,1.1215243339538574,5.152428150177002,-0.8999999761581421,-1.3700000047683716,-0.0,14.8100004196167,-0.8305225372314453,-1.5876306295394897,-21.7630615234375,1.0,-0.05000000074505806,0.0,9.119999885559082,-0.061618924140930176,-0.030809462070465088,1.9190539121627808,-2.319999933242798,0.9300000071525574,0.009999999776482582,-13.90999984741211,0.23101705312728882,0.9577542543411255,2.7604246139526367,-1.7000000476837158,-1.3799999952316284,-0.009999999776482582,11.9399995803833,-0.1545923352241516,-1.41864812374115,-3.8498127460479736,1.0,-0.029999999329447746,0.0,9.510000228881836,0.8223210573196411,0.41116052865982056,44.11605453491211,-1.2799999713897705,1.0800000429153442,0.0,1.3899999856948853,0.5778848528862,1.0444711446762085,-3.552889823913574,-1.7000000476837158,-1.3700000047683716,-0.009999999776482582,11.649999618530273,1.6559295654296875,-0.9660176038742065,40.413238525390625,1.0
4065,276916,0.0,0.0,0.0,0.05999999865889549,-0.009999999776482582,-9.6899995803833,-0.6232002377510071,-0.31160011887550354,-37.14501190185547,-4.289999961853027,0.9100000262260437,-0.009999999776482582,-12.260000228881836,-0.5774124264717102,0.7556468844413757,-15.420313835144043,-1.7000000476837158,-1.3799999952316284,-0.009999999776482582,14.020000457763672,0.9576553106307983,-1.1405861377716064,23.956384658813477,1.0,0.05999999865889549,0.0,-11.529999732971191,-0.012463942170143127,-0.006231971085071564,-6.623196601867676,2.950000047683716,1.0700000524520874,0.009999999776482582,2.450000047683716,0.8799461126327515,1.1199865341186523,4.983648300170898,-0.8899999856948853,-1.3700000047683716,-0.009999999776482582,14.65999984741211,-0.8282194137573242,-1.5870548486709595,-21.69048500061035,1.0,-0.05000000074505806,0.009999999776482582,8.8100004196167,-0.06288903951644897,-0.03144451975822449,1.8405481576919556,-2.319999933242798,0.9300000071525574,0.0,-13.779999732971191,0.23102149367332458,0.9577553272247314,2.7755320072174072,-1.7000000476837158,-1.3799999952316284,-0.0,12.920000076293945,-0.1517484188079834,-1.4179370403289795,-3.7937045097351074,1.0,-0.029999999329447746,-0.009999999776482582,9.180000305175781,0.8229525089263916,0.4114762544631958,44.16262435913086,-1.2799999713897705,1.0800000429153442,-0.009999999776482582,0.6000000238418579,0.5756374597549438,1.0439093112945557,-3.5940730571746826,-1.7000000476837158,-1.3700000047683716,-0.009999999776482582,13.289999961853027,1.6499292850494385,-0.9675176739692688,40.26323318481445,1.0
4085,277220,0.0,0.0,0.0,0.05999999865889549,0.019999999552965164,-9.239999771118164,-0.6253058314323425,-0.31265291571617126,-37.295291900634766,-4.289999961853027,0.9100000262260437,-0.0,-12.449999809265137,-0.5756575465202332,0.7560855746269226,-15.39144515991211,-1.7000000476837158,-1.3799999952316284,-0.009999999776482582,12.170000076293945,0.9592547416687012,-1.1401863098144531,23.996368408203125,1.0,0.05999999865889549,0.0,-11.680000305175781,-0.012534327805042267,-0.006267163902521133,-6.626716136932373,2.9600000381469727,1.0700000524520874,0.0,1.649999976158142,0.8846900463104248,1.1211724281311035,5.117237567901611,-0.8999999761581421,-1.3700000047683716,0.0,14.0,-0.8295698165893555,-1.5873924493789673,-21.73924446105957,1.0,-0.05000000074505806,-0.019999999552965164,8.6899995803833,-0.06157632917165756,-0.03078816458582878,1.951183557510376,-2.319999933242798,0.9300000071525574,0.0,-13.760000228881836,0.23201221227645874,0.958003044128418,2.8003036975860596,-1.7000000476837158,-1.3799999952316284,-0.0,11.170000076293945,-0.15171556174755096,-1.41792893409729,-3.792893886566162,1.0,-0.029999999329447746,-0.019999999552965164,9.619999885559082,0.8224385976791382,0.4112192988395691,44.15192794799805,-1.2699999809265137,1.0800000429153442,-0.019999999552965164,0.8100000023841858,0.5781635642051697,1.0445408821105957,-3.515916109085083,-1.7000000476837158,-1.3700000047683716,-0.009999999776482582,12.90999984741211,1.65242600440979,-0.9668934941291809,40.32564926147461,1.0
4125,277843,0.0,0.0,0.0,0.05999999865889549,0.019999999552965164,-9.390000343322754,-0.6266403794288635,-0.31332018971443176,-37.36201858520508,-4.289999961853027,0.9100000262260437,-0.019999999552965164,-12.34000015258789,-0.5754706859588623,0.7561323046684265,-15.356772422790527,-1.7000000476837158,-1.3799999952316284,-0.0,12.640000343322754,0.953162431716919,-1.141709327697754,23.82906723022461,1.0,0.05999999865889549,-0.019999999552965164,-11.729999542236328,-0.011566288769245148,-0.005783144384622574,-6.548314094543457,2.9600000381469727,1.0700000524520874,-0.009999999776482582,1.3600000143051147,0.8685185313224792,1.1171295642852783,4.7279510498046875,-0.8999999761581421,-1.3700000047683716,-0.009999999776482582,14.680000305175781,-0.8228564262390137,-1.5857141017913818,-21.55640983581543,1.0,-0.05000000074505806,-0.029999999329447746,8.979999542236328,-0.06086461991071701,-0.030432309955358505,2.0017690658569336,-2.319999933242798,0.9300000071525574,-0.009999999776482582,-14.170000076293945,0.22991526126861572,0.9574787616729736,2.762875556945801,-1.7000000476837158,-1.3799999952316284,0.009999999776482582,11.5600004196167,-0.15111707150936127,-1.4177792072296143,-3.792921304702759,1.0,-0.029999999329447746,0.009999999776482582,8.9399995803833,0.8177913427352905,0.40889567136764526,43.874568939208984,-1.2799999713897705,1.0800000429153442,0.009999999776482582,1.090000033378601,0.5753016471862793,1.043825387954712,-3.6324656009674072,-1.7000000476837158,-1.3700000047683716,0.0,13.210000038146973,1.647951602935791,-0.9680120944976807,40.19879150390625,1.0
4145,278147,0.0,0.0,0.0,0.05999999865889549,-0.0,-9.8100004196167,-0.6252943277359009,-0.31264716386795044,-37.26471710205078,-4.289999961853027,0.9100000262260437,-0.0,-12.239999771118164,-0.5804845690727234,0.7548788189888,-15.512121200561523,-1.7000000476837158,-1.3799999952316284,-0.0,10.899999618530273,0.9558247327804565,-1.141043782234192,23.89562225341797,1.0,0.05999999865889549,-0.009999999776482582,-11.34000015258789,-0.011581555008888245,-0.005790777504444122,-6.564077377319336,2.9600000381469727,1.0700000524520874,-0.0,1.3899999856948853,0.8779677152633667,1.1194919347763062,4.949188232421875,-0.8999999761581421,-1.3700000047683716,0.009999999776482582,14.010000228881836,-0.8270504474639893,-1.5867626667022705,-21.691265106201172,1.0,-0.05000000074505806,-0.009999999776482582,8.859999656677246,-0.06238037347793579,-0.031190186738967896,1.8959814310073853,-2.319999933242798,0.9300000071525574,0.0,-14.180000305175781,0.23069670796394348,0.9576741456985474,2.767413854598999,-1.7000000476837158,-1.3799999952316284,0.0,11.5600004196167,-0.15005958080291748,-1.4175149202346802,-3.751492500305176,1.0,-0.029999999329447746,-0.0,9.329999923706055,0.821661114692688,0.410830557346344,44.08305740356445,-1.2799999713897705,1.0800000429153442,0.019999999552965164,1.100000023841858,0.5741277933120728,1.043531894683838,-3.6768147945404053,-1.7000000476837158,-1.3700000047683716,-0.009999999776482582,13.119999885559082,1.6490528583526611,-0.9677367806434631,40.2413215637207,1.0
4165,278451,0.0,0.0,0.0,0.05999999865889549,-0.0,-9.510000228881836,-0.623645544052124,-0.311822772026062,-37.18227767944336,-4.289999961853027,0.9100000262260437,0.0,-12.15999984741211,-0.5773850679397583,0.7556537389755249,-15.4346284866333,-1.7000000476837158,-1.3799999952316284,0.009999999776482582,12.65999984741211,0.9580286741256714,-1.1404927968978882,23.935720443725586,1.0,0.05999999865889549,0.009999999776482582,-11.5,-0.012952491641044617,-0.006476245820522308,-6.662623882293701,2.9600000381469727,1.0700000524520874,-0.009999999776482582,1.5,0.8762901425361633,1.1190725564956665,4.922250270843506,-0.8999999761581421,-1.3700000047683716,-0.009999999776482582,14.270000457763672,-0.8261575698852539,-1.586539387702942,-21.638938903808594,1.0,-0.05000000074505806,0.009999999776482582,8.6899995803833,-0.062384240329265594,-0.031192120164632797,1.8657881021499634,-2.319999933242798,0.9300000071525574,0.009999999776482582,-14.039999961853027,0.23027482628822327,0.9575687050819397,2.7418696880340576,-1.7000000476837158,-1.3799999952316284,-0.0,11.029999732971191,-0.15370728075504303,-1.4184268712997437,-3.8426876068115234,1.0,-0.029999999329447746,-0.019999999552965164,9.25,0.8226293325424194,0.4113146662712097,44.16146469116211,-1.2799999713897705,1.0800000429153442,-0.0,1.0499999523162842,0.5760350823402405,1.044008731842041,-3.5991311073303223,-1.7000000476837158,-1.3700000047683716,-0.009999999776482582,12.380000114440918,1.6506073474884033,-0.9673481583595276,40.28018569946289,1.0
4185,278755,0.0,0.0,0.0,0.05999999865889549,-0.019999999552965164,-10.020000457763672,-0.6233481764793396,-0.3116740882396698,-37.13740921020508,-4.289999961853027,0.9100000262260437,-0.009999999776482582,-12.119999885559082,-0.5754443407058716,0.7561389207839966,-15.371109962463379,-1.7000000476837158,-1.3799999952316284,0.009999999776482582,12.529999732971191,0.9614943265914917,-1.139626383781433,24.022361755371094,1.0,0.05999999865889549,-0.009999999776482582,-11.739999771118164,-0.013208538293838501,-0.0066042691469192505,-6.645427227020264,2.9600000381469727,1.0700000524520874,0.009999999776482582,1.2100000381469727,0.8846840858459473,1.121170997619629,5.102094650268555,-0.8999999761581421,-1.3700000047683716,-0.0,13.550000190734863,-0.8306460380554199,-1.5876615047454834,-21.766149520874023,1.0,-0.05000000074505806,-0.0,8.75,-0.062137946486473083,-0.031068973243236542,1.893102765083313,-2.319999933242798,0.9300000071525574,0.009999999776482582,-14.109999656677246,0.2297709882259369,0.9574427008628845,2.72926926612854,-1.7000000476837158,-1.3799999952316284,-0.0,11.640000343322754,-0.15428093075752258,-1.4185702800750732,-3.8570284843444824,1.0,-0.029999999329447746,-0.009999999776482582,9.319999694824219,0.8234269618988037,0.41171348094940186,44.18634796142578,-1.2799999713897705,1.0800000429153442,-0.009999999776482582,1.1200000047683716,0.5778976082801819,1.0444743633270264,-3.5375678539276123,-1.7000000476837158,-1.3700000047683716,-0.009999999776482582,12.1899995803833,1.6534523963928223,-0.9666368961334229,40.35131072998047,1.0
4205,279059,0.0,0.0,0.0,0.05999999865889549,0.0,-9.640000343322754,-0.6256914138793945,-0.31284570693969727,-37.28457260131836,-4.289999961853027,0.9100000262260437,0.009999999776482582,-12.149999618530273,-0.5809646844863892,0.7547588348388672,-15.539119720458984,-1.7000000476837158,-1.3799999952316284,0.0,14.180000305175781,0.9578518867492676,-1.1405370235443115,23.94629669189453,1.0,0.05999999865889549,-0.0,-11.6899995803833,-0.012156352400779724,-0.006078176200389862,-6.60781717300415,2.9600000381469727,1.0700000524520874,0.0,1.4299999475479126,0.8923300504684448,1.1230825185775757,5.308246612548828,-0.8999999761581421,-1.3700000047683716,0.0,14.579999923706055,-0.8340979218482971,-1.5885244607925415,-21.852445602416992,1.0,-0.05000000074505806,0.019999999552965164,9.050000190734863,-0.0634385272860527,-0.03171926364302635,1.7980737686157227,-2.319999933242798,0.9300000071525574,-0.019999999552965164,-14.329999923706055,0.23397812247276306,0.9584944844245911,2.8794476985931396,-1.7000000476837158,-1.3799999952316284,-0.009999999776482582,11.399999618530273,-0.1521461457014084,-1.4180365800857544,-3.788658380508423,1.0,-0.029999999329447746,-0.019999999552965164,9.140000343322754,0.8256900310516357,0.41284501552581787,44.31449890136719,-1.2799999713897705,1.0800000429153442,0.009999999776482582,1.2200000286102295,0.5755137801170349,1.043878436088562,-3.6271607875823975,-1.7000000476837158,-1.3700000047683716,-0.009999999776482582,11.789999961853027,1.6535301208496094,-0.9666174650192261,40.35325241088867,1.0
4225,279363,0.0,0.0,0.0,0.05999999865889549,-0.0,-9.829999923706055,-0.6257703900337219,-0.31288519501686096,-37.28852081298828,-4.289999961853027,0.9100000262260437,-0.009999999776482582,-12.529999732971191,-0.5746620893478394,0.7563344240188599,-15.35155963897705,-1.7000000476837158,-1.3799999952316284,-0.0,13.380000114440918,0.9594358205795288,-1.1401410102844238,23.985898971557617,1.0,0.05999999865889549,-0.0,-11.59000015258789,-0.01299130916595459,-0.006495654582977295,-6.649565696716309,2.9600000381469727,1.0700000524520874,0.0,1.409999966621399,0.8819507360458374,1.1204876899719238,5.048763751983643,-0.8999999761581421,-1.3700000047683716,0.0,13.819999694824219,-0.8287729620933533,-1.587193250656128,-21.719324111938477,1.0,-0.05000000074505806,0.009999999776482582,8.680000305175781,-0.0618412047624588,-0.0309206023812294,1.892939805984497,-2.319999933242798,0.9300000071525574,-0.009999999776482582,-13.90999984741211,0.23177793622016907,0.9579444527626038,2.8094446659088135,-1.7000000476837158,-1.3799999952316284,0.0,11.489999771118164,-0.153452530503273,-1.418363094329834,-3.8363099098205566,1.0,-0.029999999329447746,0.0,9.65999984741211,0.8226374387741089,0.41131871938705444,44.13187026977539,-1.2799999713897705,1.0800000429153442,0.0,0.7099999785423279,0.5789698958396912,1.044742465019226,-3.5257577896118164,-1.7000000476837158,-1.3700000047683716,-0.019999999552965164,12.020000457763672,1.656339406967163,-0.9659151434898376,40.43848419189453,1.0
4245,279682,0.0,0.0,0.0,0.05999999865889549,0.0,-9.430000305175781,-0.6242948174476624,-0.3121474087238312,-37.21474075317383,-4.289999961853027,0.9100000262260437,0.009999999776482582,-12.270000457763672,-0.5787546038627625,0.7553113102912903,-15.483872413635254,-1.7000000476837158,-1.3799999952316284,-0.009999999776482582,12.239999771118164,0.9553109407424927,-1.1411722898483276,23.897769927978516,1.0,0.05999999865889549,-0.0,-11.670000076293945,-0.012289270758628845,-0.006144635379314423,-6.614462852478027,2.9600000381469727,1.0700000524520874,0.009999999776482582,1.0800000429153442,0.8724557161331177,1.1181138753890991,4.796382427215576,-0.8999999761581421,-1.3700000047683716,-0.009999999776482582,14.75,-0.8262636661529541,-1.5865659713745117,-21.641597747802734,1.0,-0.05000000074505806,0.009999999776482582,8.859999656677246,-0.06276656687259674,-0.03138328343629837,1.8466717004776,-2.319999933242798,0.9300000071525574,-0.009999999776482582,-14.130000114440918,0.23050802946090698,0.95762699842453,2.7776992321014404,-1.7000000476837158,-1.3799999952316284,0.0,12.039999961853027,-0.15275532007217407,-1.4181888103485107,-3.8188815116882324,1.0,-0.029999999329447746,-0.0,9.489999771118164,0.822016716003418,0.411008358001709,44.10083770751953,-1.2799999713897705,1.0800000429153442,-0.0,1.1200000047683716,0.5771015286445618,1.0442754030227661,-3.5724639892578125,-1.7000000476837158,-1.3700000047683716,-0.009999999776482582,13.170000076293945,1.6504695415496826,-0.9673826098442078,40.276737213134766,1.0
4265,279986,0.0,0.0,0.0,0.05999999865889549,0.009999999776482582,-9.630000114440918,-0.6241788268089294,-0.3120894134044647,-37.223941802978516,-4.289999961853027,0.9100000262260437,-0.029999999329447746,-12.1899995803833,-0.573699951171875,0.7565749883651733,-15.297503471374512,-1.7000000476837158,-1.3799999952316284,-0.009999999776482582,13.180000305175781,0.9575468301773071,-1.140613317489624,23.95366668701172,1.0,0.05999999865889549,0.009999999776482582,-11.600000381469727,-0.01308201253414154,-0.00654100626707077,-6.669099807739258,2.9600000381469727,1.0700000524520874,-0.009999999776482582,1.3700000047683716,0.8767891526222229,1.1191972494125366,4.934719562530518,-0.8999999761581421,-1.3700000047683716,-0.009999999776482582,13.350000381469727,-0.8260830044746399,-1.586520791053772,-21.6370792388916,1.0,-0.05000000074505806,-0.009999999776482582,8.520000457763672,-0.0610416978597641,-0.03052084892988205,1.9629151821136475,-2.319999933242798,0.9300000071525574,0.009999999776482582,-14.039999961853027,0.23025259375572205,0.9575631022453308,2.741309404373169,-1.7000000476837158,-1.3799999952316284,-0.0,12.220000267028809,-0.15426595509052277,-1.4185664653778076,-3.85664701461792,1.0,-0.029999999329447746,-0.009999999776482582,9.109999656677246,0.8210388422012329,0.41051942110061646,44.06694030761719,-1.2799999713897705,1.0800000429153442,0.019999999552965164,0.9399999976158142,0.5749664902687073,1.0437415838241577,-3.655845880508423,-1.7000000476837158,-1.3700000047683716,0.009999999776482582,13.4399995803833,1.6513607501983643,-0.9671598076820374,40.269020080566406,1.0
4285,280290,0.0,0.0,0.0,0.05999999865889549,-0.009999999776482582,-9.380000114440918,-0.622485876083374,-0.311242938041687,-37.10929489135742,-4.289999961853027,0.9100000262260437,0.009999999776482582,-12.40999984741211,-0.5773439407348633,0.7556639909744263,-15.448603630065918,-1.7000000476837158,-1.3799999952316284,-0.009999999776482582,13.949999809265137,0.9595687389373779,-1.1401078701019287,24.00421142578125,1.0,0.05999999865889549,0.0,-11.279999732971191,-0.012915924191474915,-0.006457962095737457,-6.645795822143555,2.9600000381469727,1.0700000524520874,0.0,1.1799999475479126,0.8785936832427979,1.1196484565734863,4.964840412139893,-0.8999999761581421,-1.3700000047683716,0.009999999776482582,13.770000457763672,-0.8271594643592834,-1.586789846420288,-21.69398307800293,1.0,-0.05000000074505806,-0.009999999776482582,8.6899995803833,-0.06191869080066681,-0.030959345400333405,1.9190654754638672,-2.319999933242798,0.9300000071525574,0.0,-13.9399995803833,0.23123890161514282,0.9578096866607666,2.780967950820923,-1.7000000476837158,-1.3799999952316284,-0.009999999776482582,11.899999618530273,-0.1526784747838974,-1.418169617652893,-3.80196213722229,1.0,-0.029999999329447746,-0.0,9.489999771118164,0.8216309547424316,0.4108154773712158,44.081546783447266,-1.2799999713897705,1.0800000429153442,-0.0,1.5499999523162842,0.5752198100090027,1.0438048839569092,-3.619515895843506,-1.7000000476837158,-1.3700000047683716,0.019999999552965164,13.380000114440918,1.650071382522583,-0.9674821496009827,40.22178649902344,1.0
4305,280594,0.0,0.0,0.0,0.05999999865889549,-0.009999999776482582,-9.600000381469727,-0.6245923638343811,-0.31229618191719055,-37.21461868286133,-4.289999961853027,0.9100000262260437,0.0,-12.479999542236328,-0.5810036659240723,0.754749059677124,-15.525096893310547,-1.7000000476837158,-1.3799999952316284,0.009999999776482582,12.319999694824219,0.955262303352356,-1.1411844491958618,23.866554260253906,1.0,0.05999999865889549,0.0,-11.479999542236328,-0.011567652225494385,-0.005783826112747192,-6.578382968902588,2.9600000381469727,1.0700000524520874,0.009999999776482582,1.4900000095367432,0.8829200267791748,1.120729923248291,5.057987213134766,-0.8999999761581421,-1.3700000047683716,0.009999999776482582,14.470000267028809,-0.8302533626556396,-1.5875632762908936,-21.771326065063477,1.0,-0.05000000074505806,0.009999999776482582,8.529999732971191,-0.06245884299278259,-0.031229421496391296,1.8620579242706299,-2.319999933242798,0.9300000071525574,0.0,-14.260000228881836,0.23139908909797668,0.9578497409820557,2.784973382949829,-1.7000000476837158,-1.3799999952316284,0.009999999776482582,11.789999961853027,-0.15387704968452454,-1.4184693098068237,-3.861931562423706,1.0,-0.029999999329447746,0.009999999776482582,9.079999923706055,0.8223919868469238,0.4111959934234619,44.10459899902344,-1.2799999713897705,1.0800000429153442,0.0,1.190000057220459,0.5748428702354431,1.043710708618164,-3.6289334297180176,-1.7000000476837158,-1.3700000047683716,0.009999999776482582,13.729999542236328,1.649963140487671,-0.9675092101097107,40.23408126831055,1.0
4325,280898,0.0,0.0,0.0,0.05999999865889549,-0.0,-9.40999984741211,-0.6246002912521362,-0.3123001456260681,-37.23001480102539,-4.289999961853027,0.9100000262260437,0.0,-12.359999656677246,-0.5781781673431396,0.7554554343223572,-15.454459190368652,-1.7000000476837158,-1.3799999952316284,-0.009999999776482582,13.4399995803833,0.9566754102706909,-1.1408311128616333,23.931888580322266,1.0,0.05999999865889549,0.0,-11.729999542236328,-0.011942192912101746,-0.005971096456050873,-6.597109317779541,2.9600000381469727,1.0700000524520874,-0.009999999776482582,1.409999966621399,0.8768538236618042,1.1192134618759155,4.936340808868408,-0.8999999761581421,-1.3700000047683716,0.0,13.699999809265137,-0.8267712593078613,-1.5866928100585938,-21.669281005859375,1.0,-0.05000000074505806,0.009999999776482582,8.850000381469727,-0.06180206686258316,-0.03090103343129158,1.8948967456817627,-2.319999933242798,0.9300000071525574,0.009999999776482582,-13.859999656677246,0.2301778793334961,0.9575444459915161,2.739443778991699,-1.7000000476837158,-1.3799999952316284,0.009999999776482582,11.34000015258789,-0.15379996597766876,-1.4184499979019165,-3.8600003719329834,1.0,-0.029999999329447746,0.009999999776482582,9.229999542236328,0.8212640285491943,0.41063201427459717,44.04820251464844,-1.2799999713897705,1.0800000429153442,0.019999999552965164,1.1399999856948853,0.5749624371528625,1.0437406301498413,-3.6559412479400635,-1.7000000476837158,-1.3700000047683716,0.0,13.569999694824219,1.6510663032531738,-0.967233419418335,40.27665710449219,1.0
4345,281202,0.0,0.0,0.0,0.05999999865889549,-0.009999999776482582,-9.3100004196167,-0.6238312125205994,-0.3119156062602997,-37.17656326293945,-4.289999961853027,0.9100000262260437,-0.009999999776482582,-12.34000015258789,-0.5751826763153076,0.7562043070793152,-15.364571571350098,-1.7000000476837158,-1.3799999952316284,-0.0,13.949999809265137,0.9592554569244385,-1.140186071395874,23.98139190673828,1.0,0.05999999865889549,0.009999999776482582,-11.649999618530273,-0.012853533029556274,-0.006426766514778137,-6.657676696777344,2.9600000381469727,1.0700000524520874,-0.0,1.399999976158142,0.8754761219024658,1.1188690662384033,4.886901378631592,-0.8999999761581421,-1.3700000047683716,-0.009999999776482582,13.460000038146973,-0.826448380947113,-1.5866121053695679,-21.646209716796875,1.0,-0.05000000074505806,-0.0,9.0600004196167,-0.06248127669095993,-0.031240638345479965,1.8759362697601318,-2.319999933242798,0.9300000071525574,0.0,-14.100000381469727,0.2293650209903717,0.9573412537574768,2.7341246604919434,-1.7000000476837158,-1.3799999952316284,0.0,11.270000457763672,-0.15148113667964935,-1.417870283126831,-3.7870287895202637,1.0,-0.029999999329447746,-0.009999999776482582,9.4399995803833,0.8221135139465332,0.4110567569732666,44.12067413330078,-1.2799999713897705,1.0800000429153442,-0.009999999776482582,1.399999976158142,0.5778919458389282,1.0444729328155518,-3.5377109050750732,-1.7000000476837158,-1.3700000047683716,-0.009999999776482582,12.949999809265137,1.6526527404785156,-0.9668368101119995,40.33131790161133,1.0
4365,281506,0.0,0.0,0.0,0.05999999865889549,-0.009999999776482582,-9.359999656677246,-0.6230723261833191,-0.31153616309165955,-37.13861846923828,-4.289999961853027,0.9100000262260437,0.0,-12.270000457763672,-0.5780141949653625,0.7554964423179626,-15.450358390808105,-1.7000000476837158,-1.3799999952316284,0.0,13.029999732971191,0.9611783027648926,-1.1397054195404053,24.029457092285156,1.0,0.05999999865889549,0.029999999329447746,-11.479999542236328,-0.013350702822208405,-0.006675351411104202,-6.7125349044799805,2.9600000381469727,1.0700000524520874,0.009999999776482582,1.399999976158142,0.8844906687736511,1.1211225986480713,5.097254753112793,-0.8999999761581421,-1.3700000047683716,-0.0,14.270000457763672,-0.8302298188209534,-1.5875574350357056,-21.7557430267334,1.0,-0.05000000074505806,-0.0,8.699999809265137,-0.06170427054166794,-0.03085213527083397,1.9147865772247314,-2.319999933242798,0.9300000071525574,0.009999999776482582,-14.020000457763672,0.23077964782714844,0.9576948881149292,2.754487991333008,-1.7000000476837158,-1.3799999952316284,-0.009999999776482582,11.829999923706055,-0.1526535153388977,-1.4181634187698364,-3.801342248916626,1.0,-0.029999999329447746,-0.009999999776482582,9.350000381469727,0.8235921859741211,0.41179609298706055,44.194610595703125,-1.2799999713897705,1.0800000429153442,0.009999999776482582,1.190000057220459,0.5747039914131165,1.0436760187149048,-3.64740252494812,-1.7000000476837158,-1.3700000047683716,-0.0,13.149999618530273,1.6522479057312012,-0.9669380187988281,40.30619812011719,1.0
4385,281825,0.0,0.0,0.0,0.05999999865889549,-0.009999999776482582,-9.470000267028809,-0.6238996386528015,-0.31194981932640076,-37.17998123168945,-4.289999961853027,0.9100000262260437,0.0,-12.489999771118164,-0.5773518085479736,0.7556620240211487,-15.433799743652344,-1.7000000476837158,-1.3799999952316284,0.0,13.829999923706055,0.9593714475631714,-1.1401571035385132,23.984289169311523,1.0,0.05999999865889549,-0.009999999776482582,-11.850000381469727,-0.012529723346233368,-0.006264861673116684,-6.611485958099365,2.9600000381469727,1.0700000524520874,-0.0,1.3899999856948853,0.8847312331199646,1.1211827993392944,5.118274688720703,-0.8999999761581421,-1.3700000047683716,0.0,13.979999542236328,-0.8297210931777954,-1.5874302387237549,-21.743022918701172,1.0,-0.05000000074505806,-0.009999999776482582,8.59000015258789,-0.06192215532064438,-0.03096107766032219,1.91889226436615,-2.319999933242798,0.9300000071525574,0.0,-13.739999771118164,0.231941819190979,0.9579854011535645,2.798539400100708,-1.7000000476837158,-1.3799999952316284,0.0,11.09000015258789,-0.15326057374477386,-1.4183151721954346,-3.8315176963806152,1.0,-0.029999999329447746,-0.009999999776482582,9.479999542236328,0.8227009773254395,0.4113504886627197,44.150047302246094,-1.2799999713897705,1.0800000429153442,0.0,1.3200000524520874,0.576861560344696,1.0442153215408325,-3.578472137451172,-1.7000000476837158,-1.3700000047683716,-0.009999999776482582,13.399999618530273,1.6530139446258545,-0.9667465090751648,40.34034729003906,1.0
4404,282114,0.0,0.0,0.0,0.05999999865889549,0.009999999776482582,-9.529999732971191,-0.6242426037788391,-0.31212130188941956,-37.22713088989258,-4.289999961853027,0.9100000262260437,-0.009999999776482582,-12.960000038146973,-0.5760948657989502,0.7559762597084045,-15.387375831604004,-1.7000000476837158,-1.3799999952316284,-0.0,11.59000015258789,0.956957221031189,-1.1407606601715088,23.923933029174805,1.0,0.05999999865889549,-0.0,-11.779999732971191,-0.012305006384849548,-0.006152503192424774,-6.6152496337890625,2.9600000381469727,1.0700000524520874,0.009999999776482582,1.440000057220459,0.8906040787696838,1.1226509809494019,5.25009298324585,-0.8999999761581421,-1.3700000047683716,0.009999999776482582,13.619999885559082,-0.8338059186935425,-1.5884515047073364,-21.860149383544922,1.0,-0.05000000074505806,-0.009999999776482582,8.470000267028809,-0.06235826760530472,-0.03117913380265236,1.8970867395401,-2.319999933242798,0.9300000071525574,-0.009999999776482582,-14.609999656677246,0.2331688106060028,0.9582921862602234,2.8442180156707764,-1.7000000476837158,-1.3799999952316284,-0.009999999776482582,12.34000015258789,-0.15287227928638458,-1.4182180166244507,-3.8068020343780518,1.0,-0.029999999329447746,-0.009999999776482582,9.25,0.8237482309341431,0.41187411546707153,44.20241165161133,-1.2799999713897705,1.0800000429153442,-0.009999999776482582,1.0099999904632568,0.5779656171798706,1.0444914102554321,-3.535863161087036,-1.7000000476837158,-1.3700000047683716,-0.0,13.079999923706055,1.6525323390960693,-0.9668669104576111,40.31330871582031,1.0
4424,282418,0.0,0.0,0.0,0.05999999865889549,0.009999999776482582,-8.850000381469727,-0.6258054375648499,-0.3129027187824249,-37.30527114868164,-4.289999961853027,0.9100000262260437,-0.0,-12.40999984741211,-0.5778026580810547,0.7555493116378784,-15.44507122039795,-1.7000000476837158,-1.3799999952316284,-0.0,12.8100004196167,0.9520196914672852,-1.1419950723648071,23.800491333007812,1.0,0.05999999865889549,-0.019999999552965164,-11.720000267028809,-0.011265784502029419,-0.0056328922510147095,-6.533289432525635,2.9600000381469727,1.0700000524520874,-0.009999999776482582,1.159999966621399,0.8689427971839905,1.1172356605529785,4.738560676574707,-0.8999999761581421,-1.3700000047683716,0.0,14.069999694824219,-0.8236925005912781,-1.5859230756759644,-21.592308044433594,1.0,-0.05000000074505806,0.009999999776482582,8.720000267028809,-0.062315307557582855,-0.031157653778791428,1.8692346811294556,-2.319999933242798,0.9300000071525574,-0.009999999776482582,-14.039999961853027,0.23056581616401672,0.9576414227485657,2.779141664505005,-1.7000000476837158,-1.3799999952316284,0.009999999776482582,11.550000190734863,-0.1515646129846573,-1.4178911447525024,-3.804115056991577,1.0,-0.029999999329447746,0.019999999552965164,9.170000076293945,0.8194619417190552,0.4097309708595276,43.94309997558594,-1.2799999713897705,1.0800000429153442,-0.0,1.4700000286102295,0.5765489935874939,1.0441372394561768,-3.586280345916748,-1.7000000476837158,-1.3700000047683716,-0.009999999776482582,13.449999809265137,1.6487631797790527,-0.9678092002868652,40.23408126831055,1.0
4444,282722,0.0,0.0,0.0,0.05999999865889549,-0.009999999776482582,-9.539999961853027,-0.6232237815856934,-0.3116118907928467,-37.14619064331055,-4.289999961853027,0.9100000262260437,-0.009999999776482582,-12.4399995803833,-0.5739260911941528,0.7565184831619263,-15.33315372467041,-1.7000000476837158,-1.3799999952316284,-0.009999999776482582,12.470000267028809,0.9577399492263794,-1.140565037727356,23.95849609375,1.0,0.05999999865889549,-0.009999999776482582,-11.550000190734863,-0.012383520603179932,-0.006191760301589966,-6.6041765213012695,2.9600000381469727,1.0700000524520874,0.009999999776482582,1.600000023841858,0.8758666515350342,1.1189665794372559,4.88165283203125,-0.8999999761581421,-1.3700000047683716,-0.0,13.40999984741211,-0.8268680572509766,-1.5867170095443726,-21.67169952392578,1.0,-0.05000000074505806,0.0,8.84000015258789,-0.0617913082242012,-0.0308956541121006,1.9104347229003906,-2.319999933242798,0.9300000071525574,0.009999999776482582,-14.149999618530273,0.23016342520713806,0.9575408101081848,2.7390801906585693,-1.7000000476837158,-1.3799999952316284,0.0,12.279999732971191,-0.15413713455200195,-1.418534278869629,-3.853428363800049,1.0,-0.029999999329447746,0.019999999552965164,9.640000343322754,0.8199232816696167,0.40996164083480835,43.966163635253906,-1.2799999713897705,1.0800000429153442,-0.009999999776482582,1.2000000476837158,0.5767361521720886,1.0441839694976807,-3.5666072368621826,-1.7000000476837158,-1.3700000047683716,0.009999999776482582,12.300000190734863,1.6514661312103271,-0.9671334624290466,40.27165603637695,1.0
4465,283041,0.0,0.0,0.0,0.05999999865889549,-0.009999999776482582,-9.800000190734863,-0.623706579208374,-0.311853289604187,-37.17033004760742,-4.289999961853027,0.9100000262260437,0.009999999776482582,-12.40999984741211,-0.5772092342376709,0.7556976675987244,-15.445236206054688,-1.7000000476837158,-1.3799999952316284,0.009999999776482582,11.989999771118164,0.9572666883468628,-1.1406832933425903,23.916671752929688,1.0,0.05999999865889549,-0.019999999552965164,-11.579999923706055,-0.012338876724243164,-0.006169438362121582,-6.586944103240967,2.9600000381469727,1.0700000524520874,0.0,1.909999966621399,0.8733066916465759,1.1183266639709473,4.832661151885986,-0.8999999761581421,-1.3700000047683716,-0.009999999776482582,14.729999542236328,-0.8253041505813599,-1.586326003074646,-21.617599487304688,1.0,-0.05000000074505806,-0.0,8.770000457763672,-0.06297629326581955,-0.031488146632909775,1.8511854410171509,-2.319999933242798,0.9300000071525574,-0.0,-14.25,0.23008853197097778,0.9575220942497253,2.752208709716797,-1.7000000476837158,-1.3799999952316284,-0.009999999776482582,11.34000015258789,-0.15122370421886444,-1.4178059101104736,-3.7655913829803467,1.0,-0.029999999329447746,0.0,9.1899995803833,0.8211715221405029,0.41058576107025146,44.05857467651367,-1.2799999713897705,1.0800000429153442,-0.019999999552965164,0.9399999976158142,0.57679682970047,1.0441992282867432,-3.550081491470337,-1.7000000476837158,-1.3700000047683716,0.0,12.989999771118164,1.6495866775512695,-0.967603325843811,40.23966979980469,1.0
4485,283345,0.0,0.0,0.0,0.05999999865889549,-0.0,-9.25,-0.6244443655014038,-0.3122221827507019,-37.22221755981445,-4.289999961853027,0.9100000262260437,-0.0,-12.140000343322754,-0.57826167345047,0.7554345726966858,-15.456544876098633,-1.7000000476837158,-1.3799999952316284,0.009999999776482582,12.09000015258789,0.9579979181289673,-1.140500545501709,23.934946060180664,1.0,0.05999999865889549,0.009999999776482582,-11.430000305175781,-0.012827962636947632,-0.006413981318473816,-6.656398296356201,2.9600000381469727,1.0700000524520874,0.0,1.3600000143051147,0.8810857534408569,1.1202714443206787,5.027139186859131,-0.8999999761581421,-1.3700000047683716,0.009999999776482582,13.930000305175781,-0.8288798332214355,-1.5872199535369873,-21.73699378967285,1.0,-0.05000000074505806,0.009999999776482582,8.6899995803833,-0.06212969124317169,-0.031064845621585846,1.8785154819488525,-2.319999933242798,0.9300000071525574,0.009999999776482582,-14.079999923706055,0.23078912496566772,0.9576972723007202,2.7547264099121094,-1.7000000476837158,-1.3799999952316284,0.0,10.569999694824219,-0.15563930571079254,-1.4189097881317139,-3.890979290008545,1.0,-0.029999999329447746,-0.009999999776482582,9.029999732971191,0.8228769302368164,0.4114384651184082,44.15884780883789,-1.2799999713897705,1.0800000429153442,0.009999999776482582,0.8999999761581421,0.5752893090248108,1.0438222885131836,-3.6327755451202393,-1.7000000476837158,-1.3700000047683716,0.009999999776482582,12.760000228881836,1.651524305343628,-0.9671189188957214,40.273109436035156,1.0
4505,283649,0.0,0.0,0.0,0.05999999865889549,-0.009999999776482582,-8.600000381469727,-0.6235734820365906,-0.3117867410182953,-37.163673400878906,-4.289999961853027,0.9100000262260437,0.0,-12.65999984741211,-0.5756604671478271,0.7560848593711853,-15.39151668548584,-1.7000000476837158,-1.3799999952316284,-0.009999999776482582,13.199999809265137,0.959731936454773,-1.1400669813156128,24.00830078125,1.0,0.05999999865889549,-0.029999999329447746,-11.65999984741211,-0.012912079691886902,-0.006456039845943451,-6.6006035804748535,2.9600000381469727,1.0700000524520874,0.0,1.9299999475479126,0.8743078708648682,1.118577003479004,4.85769510269165,-0.8999999761581421,-1.3700000047683716,-0.0,13.899999618530273,-0.8259573578834534,-1.5864893198013306,-21.6489315032959,1.0,-0.05000000074505806,0.009999999776482582,8.569999694824219,-0.06295717507600784,-0.03147858753800392,1.8371413946151733,-2.319999933242798,0.9300000071525574,0.009999999776482582,-14.020000457763672,0.22888630628585815,0.9572215676307678,2.70715594291687,-1.7000000476837158,-1.3799999952316284,0.0,11.569999694824219,-0.1525271087884903,-1.4181318283081055,-3.813183307647705,1.0,-0.029999999329447746,-0.019999999552965164,9.449999809265137,0.8224002122879028,0.4112001061439514,44.15000915527344,-1.2799999713897705,1.0800000429153442,-0.009999999776482582,0.8600000143051147,0.5772015452384949,1.0443003177642822,-3.5549724102020264,-1.7000000476837158,-1.3700000047683716,-0.0,13.0,1.6507465839385986,-0.9673133492469788,40.2686653137207,1.0
4525,283953,0.0,0.0,0.0,0.05999999865889549,-0.009999999776482582,-9.5,-0.6235024333000183,-0.31175121665000916,-37.16012191772461,-4.289999961853027,0.9100000262260437,0.009999999776482582,-12.329999923706055,-0.5822959542274475,0.7544260025024414,-15.572402954101562,-1.7000000476837158,-1.3799999952316284,0.0,14.289999961853027,0.9584029912948608,-1.1403992176055908,23.9600772857666,1.0,0.05999999865889549,0.029999999329447746,-11.289999961853027,-0.012385785579681396,-0.006192892789840698,-6.664289474487305,2.9600000381469727,1.0700000524520874,-0.009999999776482582,1.9600000381469727,0.8925794959068298,1.1231448650360107,5.32948112487793,-0.8999999761581421,-1.3700000047683716,0.029999999329447746,14.899999618530273,-0.8323125839233398,-1.5880781412124634,-21.852813720703125,1.0,-0.05000000074505806,0.009999999776482582,8.770000457763672,-0.06202448159456253,-0.031012240797281265,1.883776068687439,-2.319999933242798,0.9300000071525574,-0.009999999776482582,-14.0600004196167,0.2348337173461914,0.9587084054946899,2.8858399391174316,-1.7000000476837158,-1.3799999952316284,0.0,11.300000190734863,-0.15311633050441742,-1.4182790517807007,-3.8279056549072266,1.0,-0.029999999329447746,0.009999999776482582,9.289999961853027,0.8237649202346802,0.4118824601173401,44.173248291015625,-1.2799999713897705,1.0800000429153442,0.03999999910593033,0.8899999856948853,0.5730499029159546,1.0432624816894531,-3.7337560653686523,-1.7000000476837158,-1.3700000047683716,-0.019999999552965164,13.300000190734863,1.654662847518921,-0.9663342833518982,40.39657211303711,1.0
4545,284257,0.0,0.0,0.0,0.05999999865889549,-0.009999999776482582,-9.449999809265137,-0.6252173185348511,-0.31260865926742554,-37.24586486816406,-4.289999961853027,0.9100000262260437,-0.009999999776482582,-12.430000305175781,-0.5757512450218201,0.7560621500015259,-15.37878704071045,-1.7000000476837158,-1.3799999952316284,0.009999999776482582,13.390000343322754,0.9586856365203857,-1.1403286457061768,23.95213508605957,1.0,0.05999999865889549,-0.029999999329447746,-11.5,-0.012767300009727478,-0.006383650004863739,-6.593364238739014,2.9600000381469727,1.0700000524520874,0.009999999776482582,1.1299999952316284,0.8789176940917969,1.1197293996810913,4.957934856414795,-0.8999999761581421,-1.3700000047683716,0.0,14.25,-0.8285647630691528,-1.5871411561965942,-21.714115142822266,1.0,-0.05000000074505806,-0.009999999776482582,8.239999771118164,-0.062254875898361206,-0.031127437949180603,1.9022562503814697,-2.319999933242798,0.9300000071525574,-0.0,-14.260000228881836,0.22951051592826843,0.9573776125907898,2.737760543823242,-1.7000000476837158,-1.3799999952316284,0.0,11.239999771118164,-0.15240740776062012,-1.4181017875671387,-3.8101792335510254,1.0,-0.029999999329447746,-0.019999999552965164,9.229999542236328,0.8224232196807861,0.41121160984039307,44.151161193847656,-1.2799999713897705,1.0800000429153442,-0.0,1.190000057220459,0.5766214728355408,1.0441553592681885,-3.584468364715576,-1.7000000476837158,-1.3700000047683716,0.0,12.359999656677246,1.6506907939910889,-0.9673272967338562,40.267269134521484,1.0
4565,284561,0.0,0.0,0.0,0.05999999865889549,-0.009999999776482582,-9.420000076293945,-0.6235677599906921,-0.31178387999534607,-37.163387298583984,-4.289999961853027,0.9100000262260437,-0.0,-12.300000190734863,-0.5770957469940186,0.7557260394096375,-15.427398681640625,-1.7000000476837158,-1.3799999952316284,0.0,13.630000114440918,0.9563499689102173,-1.1409125328063965,23.90874671936035,1.0,0.05999999865889549,-0.009999999776482582,-11.5,-0.01229928433895111,-0.006149642169475555,-6.599963665008545,2.9600000381469727,1.0700000524520874,-0.0,2.0399999618530273,0.88019859790802,1.1200495958328247,5.0049543380737305,-0.8999999761581421,-1.3700000047683716,0.009999999776482582,13.869999885559082,-0.8294273614883423,-1.5873568058013916,-21.75067901611328,1.0,-0.05000000074505806,0.009999999776482582,8.869999885559082,-0.06277700513601303,-0.031388502568006516,1.8461498022079468,-2.319999933242798,0.9300000071525574,-0.0,-14.1899995803833,0.23052680492401123,0.9576317071914673,2.763170003890991,-1.7000000476837158,-1.3799999952316284,0.0,11.380000114440918,-0.15409763157367706,-1.4185243844985962,-3.8524389266967773,1.0,-0.029999999329447746,0.0,9.180000305175781,0.8223814964294434,0.4111907482147217,44.119075775146484,-1.2799999713897705,1.0800000429153442,0.0,0.7400000095367432,0.5770836472511292,1.0442708730697632,-3.5729169845581055,-1.7000000476837158,-1.3700000047683716,-0.0,13.890000343322754,1.6512768268585205,-0.9671807885169983,40.28192138671875,1.0
4585,284865,0.0,0.0,0.0,0.05999999865889549,-0.0,-9.40999984741211,-0.6250130534172058,-0.3125065267086029,-37.25065231323242,-4.289999961853027,0.9100000262260437,-0.009999999776482582,-12.569999694824219,-0.5772906541824341,0.755677342414856,-15.417267799377441,-1.7000000476837158,-1.3799999952316284,-0.009999999776482582,13.369999885559082,0.957537055015564,-1.140615701675415,23.953428268432617,1.0,0.05999999865889549,-0.009999999776482582,-11.779999732971191,-0.012193456292152405,-0.006096728146076202,-6.594672679901123,2.9600000381469727,1.0700000524520874,-0.009999999776482582,1.440000057220459,0.8747113943099976,1.1186778545379639,4.882780075073242,-0.8999999761581421,-1.3700000047683716,0.0,14.069999694824219,-0.8257682919502258,-1.5864421129226685,-21.644210815429688,1.0,-0.05000000074505806,-0.009999999776482582,8.670000076293945,-0.061833351850509644,-0.030916675925254822,1.9233324527740479,-2.319999933242798,0.9300000071525574,0.009999999776482582,-14.0,0.22982200980186462,0.9574554562568665,2.7305448055267334,-1.7000000476837158,-1.3799999952316284,-0.0,12.850000381469727,-0.1525082141160965,-1.4181270599365234,-3.812706470489502,1.0,-0.029999999329447746,-0.009999999776482582,9.359999656677246,0.8211299180984497,0.41056495904922485,44.071495056152344,-1.2799999713897705,1.0800000429153442,0.0,1.2999999523162842,0.57496577501297,1.0437414646148682,-3.6258578300476074,-1.7000000476837158,-1.3700000047683716,0.0,13.640000343322754,1.6486167907714844,-0.9678457975387573,40.21541976928711,1.0
4605,285184,0.0,0.0,0.0,0.05999999865889549,0.0,-9.430000305175781,-0.6241406202316284,-0.3120703101158142,-37.20703125,-4.289999961853027,0.9100000262260437,0.019999999552965164,-12.350000381469727,-0.5832363367080688,0.7541909217834473,-15.610910415649414,-1.7000000476837158,-1.3799999952316284,-0.0,11.430000305175781,0.9557806253433228,-1.1410548686981201,23.894512176513672,1.0,0.05999999865889549,0.009999999776482582,-11.550000190734863,-0.011832505464553833,-0.0059162527322769165,-6.606625556945801,2.9600000381469727,1.0700000524520874,0.0,1.25,0.8803071975708008,1.1200767755508423,5.007672309875488,-0.8999999761581421,-1.3700000047683716,-0.0,13.680000305175781,-0.8279244899749756,-1.5869810581207275,-21.698104858398438,1.0,-0.05000000074505806,0.009999999776482582,8.819999694824219,-0.06322581321001053,-0.031612906605005264,1.8237093687057495,-2.319999933242798,0.9300000071525574,-0.009999999776482582,-13.8100004196167,0.2329690158367157,0.9582422375679016,2.8392231464385986,-1.7000000476837158,-1.3799999952316284,-0.009999999776482582,11.539999961853027,-0.1494814157485962,-1.417370319366455,-3.722032308578491,1.0,-0.029999999329447746,-0.0,9.59000015258789,0.823293924331665,0.4116469621658325,44.164695739746094,-1.2799999713897705,1.0800000429153442,0.009999999776482582,0.9700000286102295,0.5737083554267883,1.0434271097183228,-3.6722934246063232,-1.7000000476837158,-1.3700000047683716,-0.0,12.25,1.6501975059509277,-0.9674506187438965,40.254940032958984,1.0
4625,285488,0.0,0.0,0.0,0.05999999865889549,-0.0,-9.539999961853027,-0.6241441965103149,-0.31207209825515747,-37.207210540771484,-4.289999961853027,0.9100000262260437,-0.009999999776482582,-12.430000305175781,-0.575474739074707,0.7561312913894653,-15.371872901916504,-1.7000000476837158,-1.3799999952316284,-0.009999999776482582,10.6899995803833,0.959159255027771,-1.1402101516723633,23.99398422241211,1.0,0.05999999865889549,-0.009999999776482582,-11.760000228881836,-0.012904077768325806,-0.006452038884162903,-6.630204200744629,2.9600000381469727,1.0700000524520874,0.0,0.949999988079071,0.8847514390945435,1.1211878061294556,5.118775367736816,-0.8999999761581421,-1.3700000047683716,0.009999999776482582,14.170000076293945,-0.8306440114974976,-1.5876610279083252,-21.78110122680664,1.0,-0.05000000074505806,-0.0,8.890000343322754,-0.06193538010120392,-0.03096769005060196,1.9032310247421265,-2.319999933242798,0.9300000071525574,-0.009999999776482582,-14.319999694824219,0.232098788022995,0.9580246806144714,2.817467451095581,-1.7000000476837158,-1.3799999952316284,-0.0,11.600000381469727,-0.15452326834201813,-1.418630838394165,-3.863084316253662,1.0,-0.029999999329447746,-0.009999999776482582,9.359999656677246,0.8231860399246216,0.4115930199623108,44.17430114746094,-1.2799999713897705,1.0800000429153442,0.009999999776482582,1.0299999713897705,0.5767349004745483,1.0441837310791016,-3.5966312885284424,-1.7000000476837158,-1.3700000047683716,-0.009999999776482582,12.420000076293945,1.653773307800293,-0.9665566682815552,40.35933303833008,1.0
4645,285792,0.0,0.0,0.0,0.05999999865889549,0.0,-9.770000457763672,-0.624325692653656,-0.312162846326828,-37.216285705566406,-4.289999961853027,0.9100000262260437,-0.009999999776482582,-12.699999809265137,-0.5746829509735107,0.7563292384147644,-15.352078437805176,-1.7000000476837158,-1.3799999952316284,-0.009999999776482582,11.289999961853027,0.9598406553268433,-1.1400398015975952,24.011018753051758,1.0,0.05999999865889549,0.0,-11.699999809265137,-0.013034984469413757,-0.006517492234706879,-6.6517486572265625,2.9600000381469727,1.0700000524520874,0.009999999776482582,0.8999999761581421,0.8774514198303223,1.1193628311157227,4.92127799987793,-0.8999999761581421,-1.3700000047683716,0.0,14.079999923706055,-0.8266922831535339,-1.5866730213165283,-21.667301177978516,1.0,-0.05000000074505806,-0.009999999776482582,8.460000038146973,-0.06104732304811478,-0.03052366152405739,1.9626339673995972,-2.319999933242798,0.9300000071525574,0.009999999776482582,-14.079999923706055,0.22990980744361877,0.9574774503707886,2.7327442169189453,-1.7000000476837158,-1.3799999952316284,0.009999999776482582,11.329999923706055,-0.15332843363285065,-1.4183320999145508,-3.848210573196411,1.0,-0.029999999329447746,0.009999999776482582,8.9399995803833,0.8208603858947754,0.4104301929473877,44.028018951416016,-1.2799999713897705,1.0800000429153442,0.009999999776482582,1.090000033378601,0.5759528279304504,1.0439882278442383,-3.6161816120147705,-1.7000000476837158,-1.3700000047683716,-0.0,13.149999618530273,1.652221918106079,-0.9669445157051086,40.30554962158203,1.0
4665,286096,0.0,0.0,0.0,0.05999999865889549,-0.009999999776482582,-9.4399995803833,-0.6237576603889465,-0.31187883019447327,-37.172882080078125,-4.289999961853027,0.9100000262260437,0.0,-12.25,-0.5768550634384155,0.7557861804962158,-15.421384811401367,-1.7000000476837158,-1.3799999952316284,0.0,11.680000305175781,0.9574534893035889,-1.140636682510376,23.936330795288086,1.0,0.05999999865889549,-0.0,-11.579999923706055,-0.012548550963401794,-0.006274275481700897,-6.627427101135254,2.9600000381469727,1.0700000524520874,0.009999999776482582,1.2599999904632568,0.8743295669555664,1.1185823678970337,4.843231678009033,-0.8999999761581421,-1.3700000047683716,-0.0,13.869999885559082,-0.8263789415359497,-1.5865947008132935,-21.659469604492188,1.0,-0.05000000074505806,-0.009999999776482582,8.529999732971191,-0.06180031597614288,-0.03090015798807144,1.9249842166900635,-2.319999933242798,0.9300000071525574,-0.0,-14.079999923706055,0.2297498881816864,0.9574374556541443,2.7437448501586914,-1.7000000476837158,-1.3799999952316284,0.0,11.0600004196167,-0.15152187645435333,-1.4178804159164429,-3.7880420684814453,1.0,-0.029999999329447746,0.009999999776482582,9.069999694824219,0.8208566904067993,0.41042834520339966,44.027835845947266,-1.2799999713897705,1.0800000429153442,-0.0,1.1299999952316284,0.5761207938194275,1.0440301895141602,-3.596985340118408,-1.7000000476837158,-1.3700000047683716,0.0,13.680000305175781,1.6497714519500732,-0.9675571322441101,40.244285583496094,1.0
4685,286400,0.0,0.0,0.0,0.05999999865889549,-0.019999999552965164,-9.460000038146973,-0.6236616969108582,-0.3118308484554291,-37.1530876159668,-4.289999961853027,0.9100000262260437,0.009999999776482582,-12.260000228881836,-0.5818408727645874,0.7545397281646729,-15.561030387878418,-1.7000000476837158,-1.3799999952316284,0.0,14.579999923706055,0.9555875062942505,-1.1411031484603882,23.889684677124023,1.0,0.05999999865889549,-0.0,-11.649999618530273,-0.011811554431915283,-0.005905777215957642,-6.590578079223633,2.9600000381469727,1.0700000524520874,0.0,1.2599999904632568,0.8793582916259766,1.1198395490646362,4.983949661254883,-0.8999999761581421,-1.3700000047683716,-0.0,14.300000190734863,-0.8272505402565002,-1.5868126153945923,-21.68126106262207,1.0,-0.05000000074505806,0.009999999776482582,8.710000038146973,-0.06322391331195831,-0.031611956655979156,1.8238043785095215,-2.319999933242798,0.9300000071525574,-0.009999999776482582,-14.119999885559082,0.23194420337677002,0.9579859972000122,2.813599109649658,-1.7000000476837158,-1.3799999952316284,-0.0,11.5600004196167,-0.15059508383274078,-1.4176487922668457,-3.7648797035217285,1.0,-0.029999999329447746,0.009999999776482582,9.220000267028809,0.8226608037948608,0.4113304018974304,44.1180419921875,-1.2799999713897705,1.0800000429153442,-0.009999999776482582,1.2200000286102295,0.5748608112335205,1.043715238571167,-3.61348032951355,-1.7000000476837158,-1.3700000047683716,-0.0,12.800000190734863,1.6493244171142578,-0.967668890953064,40.23311233520508,1.0
4705,286704,0.0,0.0,0.0,0.05999999865889549,0.0,-9.449999809265137,-0.6245232820510864,-0.3122616410255432,-37.226165771484375,-4.289999961853027,0.9100000262260437,0.009999999776482582,-12.170000076293945,-0.5770512819290161,0.7557371854782104,-15.4412841796875,-1.7000000476837158,-1.3799999952316284,-0.009999999776482582,14.819999694824219,0.9594312906265259,-1.1401422023773193,24.000778198242188,1.0,0.05999999865889549,-0.009999999776482582,-11.579999923706055,-0.01307956874370575,-0.006539784371852875,-6.638978004455566,2.9600000381469727,1.0700000524520874,0.009999999776482582,1.75,0.876341700553894,1.119085431098938,4.893537998199463,-0.8999999761581421,-1.3700000047683716,-0.009999999776482582,14.1899995803833,-0.8270138502120972,-1.586753487586975,-21.660348892211914,1.0,-0.05000000074505806,0.0,8.550000190734863,-0.06195998936891556,-0.03097999468445778,1.9020006656646729,-2.319999933242798,0.9300000071525574,-0.0,-14.229999542236328,0.23035496473312378,0.9575887322425842,2.7588725090026855,-1.7000000476837158,-1.3799999952316284,0.009999999776482582,12.489999771118164,-0.15422981977462769,-1.4185574054718018,-3.870741128921509,1.0,-0.029999999329447746,-0.009999999776482582,9.149999618530273,0.822364330291748,0.411182165145874,44.133216857910156,-1.2799999713897705,1.0800000429153442,-0.0,1.4600000381469727,0.576410174369812,1.0441025495529175,-3.589749336242676,-1.7000000476837158,-1.3700000047683716,0.009999999776482582,13.550000190734863,1.6518611907958984,-0.9670346975326538,40.281532287597656,1.0
4725,287008,0.0,0.0,0.0,0.05999999865889549,0.019999999552965164,-9.75,-0.6255678534507751,-0.3127839267253876,-37.30839157104492,-4.289999961853027,0.9100000262260437,0.0,-12.199999809265137,-0.5763096213340759,0.7559225559234619,-15.407747268676758,-1.7000000476837158,-1.3799999952316284,0.0,10.4399995803833,0.9577676057815552,-1.140558123588562,23.94418716430664,1.0,0.05999999865889549,-0.009999999776482582,-11.149999618530273,-0.012244179844856262,-0.006122089922428131,-6.597208499908447,2.9600000381469727,1.0700000524520874,0.009999999776482582,1.8799999952316284,0.8809621930122375,1.120240569114685,5.00905179977417,-0.8999999761581421,-1.3700000047683716,0.009999999776482582,15.140000343322754,-0.8286451697349548,-1.5871613025665283,-21.731128692626953,1.0,-0.05000000074505806,-0.009999999776482582,8.59000015258789,-0.06140638142824173,-0.030703190714120865,1.9446810483932495,-2.319999933242798,0.9300000071525574,0.009999999776482582,-14.220000267028809,0.23154136538505554,0.9578853249549866,2.773531675338745,-1.7000000476837158,-1.3799999952316284,-0.0,11.050000190734863,-0.15457184612751007,-1.4186429977416992,-3.86430025100708,1.0,-0.029999999329447746,0.0,9.020000457763672,0.8215228319168091,0.41076141595840454,44.076141357421875,-1.2799999713897705,1.0800000429153442,0.0,1.5,0.576860249042511,1.0442150831222534,-3.578495979309082,-1.7000000476837158,-1.3700000047683716,0.0,14.359999656677246,1.6532154083251953,-0.9666961431503296,40.330387115478516,1.0
4765,287631,0.0,0.0,0.0,0.05999999865889549,0.029999999329447746,-9.84000015258789,-0.6264542937278748,-0.3132271468639374,-37.367713928222656,-4.289999961853027,0.9100000262260437,-0.009999999776482582,-12.09000015258789,-0.57490074634552,0.7562748193740845,-15.35752010345459,-1.7000000476837158,-1.3799999952316284,-0.0,14.180000305175781,0.9571901559829712,-1.140702486038208,23.929750442504883,1.0,0.05999999865889549,0.009999999776482582,-11.520000457763672,-0.012734472751617432,-0.006367236375808716,-6.651723861694336,2.9600000381469727,1.0700000524520874,0.0,0.8100000023841858,0.8792060613632202,1.1198015213012695,4.980146884918213,-0.8999999761581421,-1.3700000047683716,0.009999999776482582,14.819999694824219,-0.8278626799583435,-1.5869656801223755,-21.711566925048828,1.0,-0.05000000074505806,0.0,8.970000267028809,-0.0619439035654068,-0.0309719517827034,1.9028048515319824,-2.319999933242798,0.9300000071525574,-0.009999999776482582,-13.640000343322754,0.2321455180644989,0.9580363631248474,2.8186357021331787,-1.7000000476837158,-1.3799999952316284,0.0,11.220000267028809,-0.15005967020988464,-1.4175149202346802,-3.751492500305176,1.0,-0.029999999329447746,-0.019999999552965164,9.319999694824219,0.8224500417709351,0.41122502088546753,44.15250015258789,-1.2799999713897705,1.0800000429153442,0.0,0.8100000023841858,0.5773902535438538,1.0443475246429443,-3.5652518272399902,-1.7000000476837158,-1.3700000047683716,-0.0,13.350000381469727,1.6531493663787842,-0.9667126536369324,40.3287353515625,1.0
4785,287935,0.0,0.0,0.0,0.05999999865889549,0.009999999776482582,-9.319999694824219,-0.6253369450569153,-0.31266847252845764,-37.28184509277344,-4.289999961853027,0.9100000262260437,0.009999999776482582,-12.069999694824219,-0.5797673463821411,0.7550581693649292,-15.509185791015625,-1.7000000476837158,-1.3799999952316284,-0.0,12.880000114440918,0.9536672830581665,-1.1415832042694092,23.841678619384766,1.0,0.05999999865889549,-0.019999999552965164,-11.34000015258789,-0.011381298303604126,-0.005690649151802063,-6.539064884185791,2.9600000381469727,1.0700000524520874,-0.009999999776482582,1.0199999809265137,0.8722076416015625,1.1180518865585327,4.820183277130127,-0.8999999761581421,-1.3700000047683716,-0.009999999776482582,14.329999923706055,-0.8253412246704102,-1.586335301399231,-21.6185302734375,1.0,-0.05000000074505806,0.029999999329447746,8.899999618530273,-0.0634554848074913,-0.03172774240374565,1.7822258472442627,-2.319999933242798,0.9300000071525574,-0.0,-13.75,0.23046863079071045,0.9576171636581421,2.7617156505584717,-1.7000000476837158,-1.3799999952316284,0.0,11.510000228881836,-0.15288735926151276,-1.4182218313217163,-3.822183609008789,1.0,-0.029999999329447746,0.0,9.4399995803833,0.8222352266311646,0.4111176133155823,44.11176300048828,-1.2799999713897705,1.0800000429153442,-0.0,1.1699999570846558,0.5766841769218445,1.0441709756851196,-3.582906723022461,-1.7000000476837158,-1.3700000047683716,0.0,13.649999618530273,1.6494677066802979,-0.967633068561554,40.2366943359375,1.0
4805,288239,0.0,0.0,0.0,0.05999999865889549,-0.009999999776482582,-9.670000076293945,-0.6224388480186462,-0.3112194240093231,-37.1069450378418,-4.289999961853027,0.9100000262260437,-0.009999999776482582,-12.1899995803833,-0.57607102394104,0.7559822201728821,-15.386780738830566,-1.7000000476837158,-1.3799999952316284,-0.0,13.34000015258789,0.9572392702102661,-1.1406902074813843,23.930978775024414,1.0,0.05999999865889549,0.019999999552965164,-11.550000190734863,-0.012821674346923828,-0.006410837173461914,-6.671083927154541,2.9600000381469727,1.0700000524520874,-0.0,1.4800000190734863,0.8693615794181824,1.117340326309204,4.73402738571167,-0.8999999761581421,-1.3700000047683716,-0.009999999776482582,13.720000267028809,-0.8232055902481079,-1.585801362991333,-21.565135955810547,1.0,-0.05000000074505806,0.0,8.729999542236328,-0.06257224082946777,-0.03128612041473389,1.8713880777359009,-2.319999933242798,0.9300000071525574,0.0,-14.039999961853027,0.22952154278755188,0.9573803544044495,2.738034725189209,-1.7000000476837158,-1.3799999952316284,-0.009999999776482582,11.5600004196167,-0.14970701932907104,-1.4174267053604126,-3.727670907974243,1.0,-0.029999999329447746,-0.0,9.619999885559082,0.8209600448608398,0.4104800224304199,44.048004150390625,-1.2799999713897705,1.0800000429153442,-0.0,0.550000011920929,0.5752637982368469,1.0438159704208374,-3.6184072494506836,-1.7000000476837158,-1.3700000047683716,-0.0,13.569999694824219,1.6488735675811768,-0.9677816033363342,40.221839904785156,1.0
4825,288543,0.0,0.0,0.0,0.05999999865889549,-0.009999999776482582,-9.300000190734863,-0.6231009364128113,-0.31155046820640564,-37.14004898071289,-4.289999961853027,0.9100000262260437,-0.019999999552965164,-12.4399995803833,-0.5736862421035767,0.7565784454345703,-15.312158584594727,-1.7000000476837158,-1.3799999952316284,-0.009999999776482582,13.619999885559082,0.9582387208938599,-1.1404403448104858,23.970964431762695,1.0,0.05999999865889549,0.009999999776482582,-11.319999694824219,-0.01322244107723236,-0.00661122053861618,-6.676121234893799,2.9600000381469727,1.0700000524520874,-0.0,1.2699999809265137,0.8767654299736023,1.119191288948059,4.919123649597168,-0.8999999761581421,-1.3700000047683716,-0.009999999776482582,13.680000305175781,-0.8278574347496033,-1.5869643688201904,-21.68143653869629,1.0,-0.05000000074505806,0.009999999776482582,8.729999542236328,-0.06222579628229141,-0.031112898141145706,1.87371027469635,-2.319999933242798,0.9300000071525574,-0.009999999776482582,-14.15999984741211,0.22999414801597595,0.9574984908103943,2.764848470687866,-1.7000000476837158,-1.3799999952316284,-0.0,11.399999618530273,-0.15229551494121552,-1.4180738925933838,-3.807389736175537,1.0,-0.029999999329447746,0.009999999776482582,9.369999885559082,0.822163462638855,0.4110817313194275,44.09317398071289,-1.2799999713897705,1.0800000429153442,0.009999999776482582,1.2899999618530273,0.5769197344779968,1.0442298650741577,-3.592017889022827,-1.7000000476837158,-1.3700000047683716,-0.0,14.119999885559082,1.6526565551757812,-0.9668358564376831,40.31641387939453,1.0
4845,288847,0.0,0.0,0.0,0.05999999865889549,0.0,-9.460000038146973,-0.6244820952415466,-0.3122410476207733,-37.22410583496094,-4.289999961853027,0.9100000262260437,-0.0,-12.180000305175781,-0.576694905757904,0.7558262348175049,-15.417379379272461,-1.7000000476837158,-1.3799999952316284,-0.0,12.34000015258789,0.9586652517318726,-1.140333652496338,23.96663475036621,1.0,0.05999999865889549,-0.019999999552965164,-11.4399995803833,-0.012706249952316284,-0.006353124976158142,-6.605312347412109,2.9600000381469727,1.0700000524520874,0.009999999776482582,1.590000033378601,0.879741907119751,1.1199355125427246,4.978546142578125,-0.8999999761581421,-1.3700000047683716,0.009999999776482582,13.739999771118164,-0.8299443125724792,-1.5874860286712646,-21.763601303100586,1.0,-0.05000000074505806,0.029999999329447746,9.529999732971191,-0.06333376467227936,-0.03166688233613968,1.7883118391036987,-2.319999933242798,0.9300000071525574,0.0,-14.229999542236328,0.230663001537323,0.957665741443634,2.766573429107666,-1.7000000476837158,-1.3799999952316284,-0.0,13.470000267028809,-0.15392450988292694,-1.4184811115264893,-3.848111629486084,1.0,-0.029999999329447746,-0.009999999776482582,9.25,0.8242855072021484,0.4121427536010742,44.22927474975586,-1.2799999713897705,1.0800000429153442,0.0,1.0800000429153442,0.577723503112793,1.0444308519363403,-3.5569190979003906,-1.7000000476837158,-1.3700000047683716,0.009999999776482582,13.210000038146973,1.6535990238189697,-0.966600239276886,40.32497787475586,1.0
4865,289151,0.0,0.0,0.0,0.05999999865889549,0.0,-9.460000038146973,-0.6224621534347534,-0.3112310767173767,-37.12310791015625,-4.289999961853027,0.9100000262260437,0.009999999776482582,-12.460000038146973,-0.5765105485916138,0.755872368812561,-15.427765846252441,-1.7000000476837158,-1.3799999952316284,-0.0,14.3100004196167,0.9572979211807251,-1.1406755447387695,23.932445526123047,1.0,0.05999999865889549,0.009999999776482582,-11.529999732971191,-0.012732595205307007,-0.006366297602653503,-6.65162992477417,2.9600000381469727,1.0700000524520874,-0.009999999776482582,1.2100000381469727,0.8772616982460022,1.1193153858184814,4.946533203125,-0.8999999761581421,-1.3700000047683716,-0.009999999776482582,14.359999656677246,-0.8267794251441956,-1.5866948366165161,-21.654483795166016,1.0,-0.05000000074505806,-0.0,9.130000114440918,-0.062008827924728394,-0.031004413962364197,1.899558663368225,-2.319999933242798,0.9300000071525574,0.009999999776482582,-14.470000267028809,0.22984406352043152,0.9574609994888306,2.7310991287231445,-1.7000000476837158,-1.3799999952316284,-0.009999999776482582,11.329999923706055,-0.153066948056221,-1.418266773223877,-3.8116776943206787,1.0,-0.029999999329447746,-0.0,9.449999809265137,0.8212642669677734,0.4106321334838867,44.06321334838867,-1.2799999713897705,1.0800000429153442,-0.019999999552965164,0.8899999856948853,0.5774397253990173,1.0443599224090576,-3.5340120792388916,-1.7000000476837158,-1.3700000047683716,-0.0,13.890000343322754,1.65016770362854,-0.9674580693244934,40.25419235229492,1.0
4885,289455,0.0,0.0,0.0,0.05999999865889549,0.0,-9.460000038146973,-0.6249188780784607,-0.31245943903923035,-37.24594497680664,-4.289999961853027,0.9100000262260437,-0.0,-12.279999732971191,-0.5791482925415039,0.7552129030227661,-15.47871208190918,-1.7000000476837158,-1.3799999952316284,0.019999999552965164,15.0600004196167,0.9563250541687012,-1.1409187316894531,23.87812614440918,1.0,0.05999999865889549,-0.019999999552965164,-11.390000343322754,-0.012202799320220947,-0.006101399660110474,-6.580140113830566,2.9600000381469727,1.0700000524520874,-0.0,1.649999976158142,0.8710145950317383,1.1177536249160767,4.775357246398926,-0.8999999761581421,-1.3700000047683716,-0.0,13.720000267028809,-0.8242353200912476,-1.5860588550567627,-21.605884552001953,1.0,-0.05000000074505806,-0.019999999552965164,8.789999961853027,-0.06185081601142883,-0.030925408005714417,1.9374592304229736,-2.319999933242798,0.9300000071525574,-0.0,-13.899999618530273,0.2295687198638916,0.957392156124115,2.7392148971557617,-1.7000000476837158,-1.3799999952316284,0.009999999776482582,11.350000381469727,-0.15185104310512543,-1.4179627895355225,-3.811279535293579,1.0,-0.029999999329447746,-0.009999999776482582,9.3100004196167,0.8206392526626587,0.41031962633132935,44.04696273803711,-1.2799999713897705,1.0800000429153442,0.0,1.0499999523162842,0.5749632120132446,1.0437407493591309,-3.625929355621338,-1.7000000476837158,-1.3700000047683716,0.0,11.390000343322754,1.6476504802703857,-0.968087375164032,40.191261291503906,1.0
4905,289759,0.0,0.0,0.0,0.05999999865889549,0.0,-9.479999542236328,-0.6235933899879456,-0.3117966949939728,-37.17966842651367,-4.289999961853027,0.9100000262260437,0.009999999776482582,-12.0600004196167,-0.580549955368042,0.7548624873161316,-15.528754234313965,-1.7000000476837158,-1.3799999952316284,0.0,11.979999542236328,0.9558764696121216,-1.1410309076309204,23.896907806396484,1.0,0.05999999865889549,0.019999999552965164,-11.010000228881836,-0.011959254741668701,-0.005979627370834351,-6.627963066101074,2.9600000381469727,1.0700000524520874,-0.0,1.0399999618530273,0.8811383247375488,1.1202845573425293,5.0284504890441895,-0.8999999761581421,-1.3700000047683716,-0.0,13.819999694824219,-0.8284585475921631,-1.5871145725250244,-21.711456298828125,1.0,-0.05000000074505806,-0.009999999776482582,8.539999961853027,-0.06160309910774231,-0.030801549553871155,1.9348450899124146,-2.319999933242798,0.9300000071525574,-0.0,-14.100000381469727,0.23222967982292175,0.9580574035644531,2.805739641189575,-1.7000000476837158,-1.3799999952316284,-0.0,11.420000076293945,-0.15340624749660492,-1.4183515310287476,-3.835153579711914,1.0,-0.029999999329447746,0.009999999776482582,9.279999732971191,0.8214619159698486,0.4107309579849243,44.05809783935547,-1.2799999713897705,1.0800000429153442,0.009999999776482582,0.9800000190734863,0.5744348168373108,1.0436086654663086,-3.6541378498077393,-1.7000000476837158,-1.3700000047683716,-0.0,13.0600004196167,1.6500790119171143,-0.9674802422523499,40.251976013183594,1.0
4945,290382,0.0,0.0,0.0,0.05999999865889549,-0.0,-9.649999618530273,-0.6245460510253906,-0.3122730255126953,-37.22730255126953,-4.289999961853027,0.9100000262260437,0.009999999776482582,-12.59000015258789,-0.5791736841201782,0.7552065849304199,-15.494344711303711,-1.7000000476837158,-1.3799999952316284,0.009999999776482582,12.300000190734863,0.9554020166397095,-1.1411495208740234,23.87004852294922,1.0,0.05999999865889549,-0.019999999552965164,-11.539999961853027,-0.011585518717765808,-0.005792759358882904,-6.5492753982543945,2.9600000381469727,1.0700000524520874,0.009999999776482582,1.2100000381469727,0.8738295435905457,1.118457317352295,4.830726623535156,-0.8999999761581421,-1.3700000047683716,0.0,13.59000015258789,-0.8271059989929199,-1.5867764949798584,-21.677648544311523,1.0,-0.05000000074505806,0.009999999776482582,8.569999694824219,-0.06325166672468185,-0.03162583336234093,1.8224167823791504,-2.319999933242798,0.9300000071525574,0.0,-14.050000190734863,0.22999602556228638,0.9574989676475525,2.7498960494995117,-1.7000000476837158,-1.3799999952316284,-0.009999999776482582,11.420000076293945,-0.1514149159193039,-1.4178537130355835,-3.770371675491333,1.0,-0.029999999329447746,-0.0,9.5,0.8214279413223267,0.41071397066116333,44.07139587402344,-1.2799999713897705,1.0800000429153442,-0.009999999776482582,0.9300000071525574,0.5761093497276306,1.044027328491211,-3.5822713375091553,-1.7000000476837158,-1.3700000047683716,0.009999999776482582,13.100000381469727,1.6484510898590088,-0.9678872227668762,40.1962776184082,1.0
4965,290686,0.0,0.0,0.0,0.05999999865889549,0.019999999552965164,-9.6899995803833,-0.6250646710395813,-0.31253233551979065,-37.283233642578125,-4.289999961853027,0.9100000262260437,-0.009999999776482582,-12.279999732971191,-0.5755232572555542,0.7561191320419312,-15.373088836669922,-1.7000000476837158,-1.3799999952316284,-0.009999999776482582,12.670000076293945,0.9576776027679443,-1.140580654144287,23.956933975219727,1.0,0.05999999865889549,-0.0,-11.15999984741211,-0.012427933514118195,-0.006213966757059097,-6.621396541595459,2.9600000381469727,1.0700000524520874,0.0,2.059999942779541,0.882713258266449,1.1206783056259155,5.0678253173828125,-0.8999999761581421,-1.3700000047683716,0.019999999552965164,14.380000114440918,-0.8309676051139832,-1.5877418518066406,-21.80418586730957,1.0,-0.05000000074505806,0.009999999776482582,8.510000228881836,-0.06204885244369507,-0.031024426221847534,1.8825575113296509,-2.319999933242798,0.9300000071525574,-0.009999999776482582,-14.369999885559082,0.2322482466697693,0.9580620527267456,2.821204662322998,-1.7000000476837158,-1.3799999952316284,0.0,12.5,-0.1516881138086319,-1.417922019958496,-3.7922024726867676,1.0,-0.029999999329447746,0.009999999776482582,9.359999656677246,0.8233259916305542,0.4116629958152771,44.15129852294922,-1.2799999713897705,1.0800000429153442,0.0,1.0499999523162842,0.5769833922386169,1.0442458391189575,-3.575420379638672,-1.7000000476837158,-1.3700000047683716,0.009999999776482582,12.489999771118164,1.6542389392852783,-0.9664402604103088,40.34097671508789,1.0
4985,290990,0.0,0.0,0.0,0.05999999865889549,-0.019999999552965164,-9.380000114440918,-0.6219054460525513,-0.31095272302627563,-37.06527328491211,-4.289999961853027,0.9100000262260437,-0.009999999776482582,-12.220000267028809,-0.5788043737411499,0.7552988529205322,-15.455117225646973,-1.7000000476837158,-1.3799999952316284,0.0,12.039999961853027,0.954992413520813,-1.1412519216537476,23.874807357788086,1.0,0.05999999865889549,0.019999999552965164,-11.680000305175781,-0.011850744485855103,-0.005925372242927551,-6.622537612915039,2.9600000381469727,1.0700000524520874,-0.019999999552965164,1.6699999570846558,0.8758460283279419,1.1189614534378052,4.926140308380127,-0.8999999761581421,-1.3700000047683716,0.009999999776482582,13.859999656677246,-0.8248806595802307,-1.586220145225525,-21.637012481689453,1.0,-0.05000000074505806,0.0,8.75,-0.06252693384885788,-0.03126346692442894,1.8736534118652344,-2.319999933242798,0.9300000071525574,0.009999999776482582,-13.979999542236328,0.23067954182624817,0.9576698541641235,2.7519845962524414,-1.7000000476837158,-1.3799999952316284,-0.0,12.029999732971191,-0.1520700752735138,-1.4180175065994263,-3.801751136779785,1.0,-0.029999999329447746,0.0,9.170000076293945,0.8206866979598999,0.41034334897994995,44.03433609008789,-1.2799999713897705,1.0800000429153442,-0.019999999552965164,1.3300000429153442,0.5752269625663757,1.0438066720962524,-3.589337110519409,-1.7000000476837158,-1.3700000047683716,-0.0,12.34000015258789,1.6465823650360107,-0.9683544039726257,40.16455841064453,1.0
5005,291294,0.0,0.0,0.0,0.05999999865889549,0.0,-9.5,-0.6241517066955566,-0.3120758533477783,-37.207584381103516,-4.289999961853027,0.9100000262260437,-0.009999999776482582,-12.210000038146973,-0.5751640796661377,0.7562089562416077,-15.364106178283691,-1.7000000476837158,-1.3799999952316284,-0.0,13.829999923706055,0.9586012363433838,-1.1403496265411377,23.965036392211914,1.0,0.05999999865889549,-0.0,-11.449999809265137,-0.01258857548236847,-0.006294287741184235,-6.629428386688232,2.9600000381469727,1.0700000524520874,0.009999999776482582,1.559999942779541,0.8781435489654541,1.1195359230041504,4.938587188720703,-0.8999999761581421,-1.3700000047683716,-0.009999999776482582,14.9399995803833,-0.828686535358429,-1.5871716737747192,-21.702167510986328,1.0,-0.05000000074505806,0.009999999776482582,8.670000076293945,-0.06220795214176178,-0.03110397607088089,1.8746024370193481,-2.319999933242798,0.9300000071525574,0.009999999776482582,-14.100000381469727,0.23016542196273804,0.9575413465499878,2.739133834838867,-1.7000000476837158,-1.3799999952316284,0.0,11.350000381469727,-0.15380360186100006,-1.418450951576233,-3.845095634460449,1.0,-0.029999999329447746,-0.0,9.100000381469727,0.8218553066253662,0.4109276533126831,44.09276580810547,-1.2799999713897705,1.0800000429153442,-0.009999999776482582,1.1200000047683716,0.5771469473838806,1.0442867279052734,-3.5563313961029053,-1.7000000476837158,-1.3700000047683716,0.009999999776482582,11.770000457763672,1.6520133018493652,-0.9669966697692871,40.285335540771484,1.0
5025,291598,0.0,0.0,0.0,0.05999999865889549,0.009999999776482582,-9.520000457763672,-0.6241685748100281,-0.31208428740501404,-37.223426818847656,-4.289999961853027,0.9100000262260437,-0.009999999776482582,-12.210000038146973,-0.5757338404655457,0.7560665011405945,-15.378352165222168,-1.7000000476837158,-1.3799999952316284,-0.009999999776482582,13.010000228881836,0.9579280614852905,-1.1405179500579834,23.96320343017578,1.0,0.05999999865889549,0.009999999776482582,-11.630000114440918,-0.01309119164943695,-0.006545595824718475,-6.669559001922607,2.9600000381469727,1.0700000524520874,0.009999999776482582,1.9800000190734863,0.8769145011901855,1.1192286014556885,4.907855033874512,-0.8999999761581421,-1.3700000047683716,0.019999999552965164,15.050000190734863,-0.8268632888793945,-1.586715817451477,-21.701581954956055,1.0,-0.05000000074505806,-0.0,8.4399995803833,-0.06210855394601822,-0.03105427697300911,1.894572377204895,-2.319999933242798,0.9300000071525574,0.0,-13.880000114440918,0.23108944296836853,0.9577723145484924,2.777230739593506,-1.7000000476837158,-1.3799999952316284,-0.009999999776482582,11.260000228881836,-0.1515643447637558,-1.417891025543213,-3.7741029262542725,1.0,-0.029999999329447746,-0.009999999776482582,9.489999771118164,0.8224049806594849,0.41120249032974243,44.135250091552734,-1.2799999713897705,1.0800000429153442,0.0,0.9200000166893005,0.5754884481430054,1.0438721179962158,-3.612792491912842,-1.7000000476837158,-1.3700000047683716,0.009999999776482582,12.9399995803833,1.650770664215088,-0.9673073291778564,40.254268646240234,1.0
5045,291902,0.0,0.0,0.0,0.05999999865889549,0.009999999776482582,-9.829999923706055,-0.6243982315063477,-0.31219911575317383,-37.23491287231445,-4.289999961853027,0.9100000262260437,0.019999999552965164,-12.09000015258789,-0.5783582925796509,0.7554104328155518,-15.488959312438965,-1.7000000476837158,-1.3799999952316284,-0.009999999776482582,10.65999984741211,0.956151008605957,-1.1409622430801392,23.918773651123047,1.0,0.05999999865889549,-0.0,-11.180000305175781,-0.012383908033370972,-0.006191954016685486,-6.619195461273193,2.9600000381469727,1.0700000524520874,-0.0,1.149999976158142,0.875514566898346,1.1188786029815674,4.887855052947998,-0.8999999761581421,-1.3700000047683716,-0.0,14.34000015258789,-0.8267959952354431,-1.5866990089416504,-21.66990089416504,1.0,-0.05000000074505806,0.009999999776482582,8.770000457763672,-0.06325331330299377,-0.03162665665149689,1.8223344087600708,-2.319999933242798,0.9300000071525574,-0.009999999776482582,-13.979999542236328,0.23124536871910095,0.9578112959861755,2.796128988265991,-1.7000000476837158,-1.3799999952316284,-0.019999999552965164,11.6899995803833,-0.15047268569469452,-1.4176181554794312,-3.731816053390503,1.0,-0.029999999329447746,-0.009999999776482582,9.300000190734863,0.8228822946548462,0.4114411473274231,44.159114837646484,-1.2799999713897705,1.0800000429153442,-0.019999999552965164,0.8399999737739563,0.578065037727356,1.0445162057876587,-3.518383741378784,-1.7000000476837158,-1.3700000047683716,-0.0,12.550000190734863,1.6507940292358398,-0.9673014879226685,40.26985168457031,1.0
5065,292206,0.0,0.0,0.0,0.05999999865889549,-0.009999999776482582,-9.289999961853027,-0.6255360245704651,-0.31276801228523254,-37.261802673339844,-4.289999961853027,0.9100000262260437,-0.0,-12.449999809265137,-0.581133246421814,0.7547166347503662,-15.528339385986328,-1.7000000476837158,-1.3799999952316284,0.0,13.569999694824219,0.9551080465316772,-1.1412229537963867,23.877704620361328,1.0,0.05999999865889549,-0.019999999552965164,-11.4399995803833,-0.011408478021621704,-0.005704239010810852,-6.54042387008667,2.9600000381469727,1.0700000524520874,0.009999999776482582,1.0399999618530273,0.8761737942695618,1.1190434694290161,4.889341831207275,-0.8999999761581421,-1.3700000047683716,-0.0,14.350000381469727,-0.8275620937347412,-1.586890459060669,-21.689044952392578,1.0,-0.05000000074505806,0.009999999776482582,8.75,-0.06353580951690674,-0.03176790475845337,1.8082096576690674,-2.319999933242798,0.9300000071525574,-0.009999999776482582,-14.050000190734863,0.23115035891532898,0.9577875733375549,2.7937567234039307,-1.7000000476837158,-1.3799999952316284,-0.009999999776482582,11.4399995803833,-0.14933167397975922,-1.4173328876495361,-3.7182891368865967,1.0,-0.029999999329447746,-0.0,9.489999771118164,0.8225529193878174,0.4112764596939087,44.127647399902344,-1.2799999713897705,1.0800000429153442,0.009999999776482582,0.800000011920929,0.5734140872955322,1.04335355758667,-3.6796486377716064,-1.7000000476837158,-1.3700000047683716,0.009999999776482582,12.510000228881836,1.6479980945587158,-0.9680004715919495,40.18495559692383,1.0
5105,292829,0.0,0.0,0.0,0.05999999865889549,0.0,-9.640000343322754,-0.6244708299636841,-0.31223541498184204,-37.223541259765625,-4.289999961853027,0.9100000262260437,0.0,-12.140000343322754,-0.5792199969291687,0.7551949620246887,-15.480506896972656,-1.7000000476837158,-1.3799999952316284,0.009999999776482582,13.369999885559082,0.9546761512756348,-1.1413309574127197,23.851903915405273,1.0,0.05999999865889549,0.009999999776482582,-11.600000381469727,-0.012404628098011017,-0.006202314049005508,-6.635231018066406,2.9600000381469727,1.0700000524520874,-0.0,1.2200000286102295,0.8670057654380798,1.1167514324188232,4.675137996673584,-0.8999999761581421,-1.3700000047683716,-0.009999999776482582,13.75,-0.8208373188972473,-1.5852093696594238,-21.505937576293945,1.0,-0.05000000074505806,-0.009999999776482582,9.020000457763672,-0.06163196265697479,-0.030815981328487396,1.9334019422531128,-2.319999933242798,0.9300000071525574,-0.009999999776482582,-13.979999542236328,0.23073041439056396,0.9576826095581055,2.7832603454589844,-1.7000000476837158,-1.3799999952316284,0.019999999552965164,12.270000457763672,-0.15064559876918793,-1.417661428451538,-3.7961432933807373,1.0,-0.029999999329447746,0.009999999776482582,9.300000190734863,0.8191838264465332,0.4095919132232666,43.944190979003906,-1.2799999713897705,1.0800000429153442,-0.0,0.949999988079071,0.5741954445838928,1.043548822402954,-3.6451220512390137,-1.7000000476837158,-1.3700000047683716,-0.009999999776482582,12.819999694824219,1.6475958824157715,-0.9681010246276855,40.204898834228516,1.0
5124,293118,0.0,0.0,0.0,0.05999999865889549,-0.0,-9.460000038146973,-0.6252102255821228,-0.3126051127910614,-37.26051330566406,-4.289999961853027,0.9100000262260437,0.0,-12.34000015258789,-0.5792703032493591,0.7551823854446411,-15.48176383972168,-1.7000000476837158,-1.3799999952316284,0.0,12.489999771118164,0.9577670097351074,-1.1405582427978516,23.944175720214844,1.0,0.05999999865889549,-0.019999999552965164,-11.460000038146973,-0.012286968529224396,-0.006143484264612198,-6.584348201751709,2.9600000381469727,1.0700000524520874,0.009999999776482582,1.3899999856948853,0.8784195184707642,1.1196048259735107,4.945477485656738,-0.8999999761581421,-1.3700000047683716,-0.009999999776482582,13.850000381469727,-0.8280690908432007,-1.587017297744751,-21.686729431152344,1.0,-0.05000000074505806,-0.009999999776482582,8.720000267028809,-0.0622679740190506,-0.0311339870095253,1.9016013145446777,-2.319999933242798,0.9300000071525574,-0.009999999776482582,-13.880000114440918,0.23119285702705383,0.957798182964325,2.7948176860809326,-1.7000000476837158,-1.3799999952316284,0.009999999776482582,11.050000190734863,-0.15209901332855225,-1.4180247783660889,-3.8174784183502197,1.0,-0.029999999329447746,-0.009999999776482582,9.390000343322754,0.8223589658737183,0.41117948293685913,44.1329460144043,-1.2799999713897705,1.0800000429153442,0.019999999552965164,1.090000033378601,0.5726572275161743,1.0431642532348633,-3.713578939437866,-1.7000000476837158,-1.3700000047683716,0.019999999552965164,13.270000457763672,1.6491286754608154,-0.9677178263664246,40.198219299316406,1.0
5164,293741,0.0,0.0,0.0,0.05999999865889549,-0.0,-9.369999885559082,-0.6244732141494751,-0.31223660707473755,-37.22365951538086,-4.289999961853027,0.9100000262260437,-0.019999999552965164,-12.149999618530273,-0.5725759267807007,0.7568559646606445,-15.284406661987305,-1.7000000476837158,-1.3799999952316284,-0.0,12.720000267028809,0.9606117010116577,-1.1398470401763916,24.015295028686523,1.0,0.05999999865889549,0.0,-11.520000457763672,-0.013500317931175232,-0.006750158965587616,-6.675015449523926,2.9600000381469727,1.0700000524520874,0.009999999776482582,1.840000033378601,0.8784765005111694,1.1196191310882568,4.946907997131348,-0.8999999761581421,-1.3700000047683716,-0.009999999776482582,14.319999694824219,-0.8276102542877197,-1.5869026184082031,-21.675262451171875,1.0,-0.05000000074505806,-0.009999999776482582,8.800000190734863,-0.06132568418979645,-0.030662842094898224,1.9487158060073853,-2.319999933242798,0.9300000071525574,0.0,-14.220000267028809,0.23017621040344238,0.9575440287590027,2.7544021606445312,-1.7000000476837158,-1.3799999952316284,0.009999999776482582,11.640000343322754,-0.15313448011875153,-1.4182835817337036,-3.8433587551116943,1.0,-0.029999999329447746,-0.009999999776482582,9.800000190734863,0.8216480016708374,0.4108240008354187,44.0974006652832,-1.2799999713897705,1.0800000429153442,0.0,1.0099999904632568,0.577745258808136,1.0444363355636597,-3.556370735168457,-1.7000000476837158,-1.3700000047683716,-0.009999999776482582,12.9399995803833,1.6538808345794678,-0.9665297865867615,40.362022399902344,1.0
5184,294045,0.0,0.0,0.0,0.05999999865889549,-0.009999999776482582,-9.609999656677246,-0.6226566433906555,-0.31132832169532776,-37.11783218383789,-4.289999961853027,0.9100000262260437,-0.019999999552965164,-11.960000038146973,-0.5741751790046692,0.756456196308136,-15.324383735656738,-1.7000000476837158,-1.3799999952316284,0.009999999776482582,13.4399995803833,0.9584391117095947,-1.140390157699585,23.94598388671875,1.0,0.05999999865889549,0.009999999776482582,-11.949999809265137,-0.012745141983032227,-0.006372570991516113,-6.652257442474365,2.9600000381469727,1.0700000524520874,-0.0,1.25,0.8794859051704407,1.1198714971542358,4.987144470214844,-0.8999999761581421,-1.3700000047683716,-0.0,14.25,-0.828555703163147,-1.5871388912200928,-21.71388816833496,1.0,-0.05000000074505806,0.009999999776482582,8.75,-0.06228582561016083,-0.031142912805080414,1.8707088232040405,-2.319999933242798,0.9300000071525574,0.0,-14.229999542236328,0.23029598593711853,0.9575739502906799,2.757394313812256,-1.7000000476837158,-1.3799999952316284,0.009999999776482582,11.979999542236328,-0.15361477434635162,-1.4184037446975708,-3.855375051498413,1.0,-0.029999999329447746,-0.0,9.369999885559082,0.8218902349472046,0.4109451174736023,44.094512939453125,-1.2799999713897705,1.0800000429153442,-0.019999999552965164,2.049999952316284,0.5783668756484985,1.0445916652679443,-3.5108377933502197,-1.7000000476837158,-1.3700000047683716,-0.0,12.460000038146973,1.6521735191345215,-0.966956615447998,40.30434036254883,1.0
5204,294349,0.0,0.0,0.0,0.05999999865889549,0.0,-9.40999984741211,-0.6226146817207336,-0.3113073408603668,-37.130733489990234,-4.289999961853027,0.9100000262260437,-0.009999999776482582,-12.270000457763672,-0.5765089988708496,0.7558727264404297,-15.397729873657227,-1.7000000476837158,-1.3799999952316284,-0.0,14.390000343322754,0.9575313329696655,-1.1406171321868896,23.93828582763672,1.0,0.05999999865889549,0.019999999552965164,-11.430000305175781,-0.013019964098930359,-0.0065099820494651794,-6.680997848510742,2.9600000381469727,1.0700000524520874,-0.0,1.6100000143051147,0.8821945190429688,1.1205486059188843,5.0548553466796875,-0.8999999761581421,-1.3700000047683716,0.0,14.170000076293945,-0.8290496468544006,-1.5872623920440674,-21.726238250732422,1.0,-0.05000000074505806,0.0,8.829999923706055,-0.06229440122842789,-0.031147200614213943,1.8852800130844116,-2.319999933242798,0.9300000071525574,-0.009999999776482582,-13.890000343322754,0.2322251796722412,0.9580562710762024,2.8206264972686768,-1.7000000476837158,-1.3799999952316284,-0.0,11.789999961853027,-0.15246431529521942,-1.4181160926818848,-3.8116097450256348,1.0,-0.029999999329447746,-0.009999999776482582,9.15999984741211,0.8228964805603027,0.41144824028015137,44.15982437133789,-1.2799999713897705,1.0800000429153442,-0.009999999776482582,1.0800000429153442,0.5763661861419678,1.0440914630889893,-3.5758578777313232,-1.7000000476837158,-1.3700000047683716,0.0,13.640000343322754,1.6518714427947998,-0.9670321345329285,40.29678726196289,1.0
5224,294653,0.0,0.0,0.0,0.05999999865889549,-0.009999999776482582,-9.239999771118164,-0.6232267022132874,-0.3116133511066437,-37.14633560180664,-4.289999961853027,0.9100000262260437,0.009999999776482582,-12.09000015258789,-0.5785831212997437,0.7553541660308838,-15.479586601257324,-1.7000000476837158,-1.3799999952316284,-0.009999999776482582,13.449999809265137,0.9576445817947388,-1.1405888795852661,23.956111907958984,1.0,0.05999999865889549,-0.0,-11.630000114440918,-0.012195758521556854,-0.006097879260778427,-6.609787940979004,2.9600000381469727,1.0700000524520874,-0.009999999776482582,1.309999942779541,0.8726879954338074,1.1181719303131104,4.832187652587891,-0.8999999761581421,-1.3700000047683716,0.009999999776482582,14.029999732971191,-0.8235601782798767,-1.5858900547027588,-21.60400390625,1.0,-0.05000000074505806,0.009999999776482582,8.789999961853027,-0.06249900162220001,-0.031249500811100006,1.8600499629974365,-2.319999933242798,0.9300000071525574,0.009999999776482582,-13.949999809265137,0.2307073175907135,0.9576768279075623,2.7526819705963135,-1.7000000476837158,-1.3799999952316284,0.0,11.199999809265137,-0.1512770801782608,-1.4178192615509033,-3.7819266319274902,1.0,-0.029999999329447746,0.009999999776482582,8.869999885559082,0.8205682039260864,0.4102841019630432,44.01341247558594,-1.2799999713897705,1.0800000429153442,0.009999999776482582,0.7799999713897705,0.5746062994003296,1.0436515808105469,-3.649846315383911,-1.7000000476837158,-1.3700000047683716,-0.0,13.020000457763672,1.6509747505187988,-0.9672563076019287,40.27436828613281,1.0
5244,294957,0.0,0.0,0.0,0.05999999865889549,-0.009999999776482582,-9.699999809265137,-0.621515154838562,-0.310757577419281,-37.060760498046875,-4.289999961853027,0.9100000262260437,0.019999999552965164,-12.260000228881836,-0.5809953808784485,0.7547511458396912,-15.554887771606445,-1.7000000476837158,-1.3799999952316284,0.009999999776482582,14.229999542236328,0.9578355550765991,-1.1405410766601562,23.930892944335938,1.0,0.05999999865889549,0.019999999552965164,-11.760000228881836,-0.012735553085803986,-0.006367776542901993,-6.666777610778809,2.9600000381469727,1.0700000524520874,-0.009999999776482582,1.4700000286102295,0.87940913438797,1.1198523044586182,5.000225067138672,-0.8999999761581421,-1.3700000047683716,-0.0,14.59000015258789,-0.8273822069168091,-1.5868455171585083,-21.684551239013672,1.0,-0.05000000074505806,0.0,8.569999694824219,-0.06237226724624634,-0.03118613362312317,1.8813867568969727,-2.319999933242798,0.9300000071525574,-0.0,-14.109999656677246,0.2319333553314209,0.9579833149909973,2.798330783843994,-1.7000000476837158,-1.3799999952316284,0.009999999776482582,11.020000457763672,-0.15284615755081177,-1.418211579322815,-3.836158514022827,1.0,-0.029999999329447746,0.0,9.59000015258789,0.821932315826416,0.410966157913208,44.096614837646484,-1.2799999713897705,1.0800000429153442,-0.0,1.2400000095367432,0.5731770992279053,1.0432941913604736,-3.6705851554870605,-1.7000000476837158,-1.3700000047683716,0.009999999776482582,12.5,1.6490516662597656,-0.967737078666687,40.2112922668457,1.0
5264,295261,0.0,0.0,0.0,0.05999999865889549,-0.0,-9.5,-0.6225984692573547,-0.31129923462867737,-37.12992477416992,-4.289999961853027,0.9100000262260437,-0.0,-12.619999885559082,-0.5762076377868652,0.7559480667114258,-15.405196189880371,-1.7000000476837158,-1.3799999952316284,-0.0,12.050000190734863,0.958389163017273,-1.1404026746749878,23.959732055664062,1.0,0.05999999865889549,-0.0,-11.420000076293945,-0.01287984848022461,-0.006439924240112305,-6.6439924240112305,2.9600000381469727,1.0700000524520874,0.0,1.0099999904632568,0.8800041675567627,1.1200010776519775,5.000102519989014,-0.8999999761581421,-1.3700000047683716,-0.0,13.520000457763672,-0.8286850452423096,-1.5871713161468506,-21.717130661010742,1.0,-0.05000000074505806,-0.009999999776482582,8.9399995803833,-0.061665698885917664,-0.030832849442958832,1.9317151308059692,-2.319999933242798,0.9300000071525574,0.009999999776482582,-13.960000038146973,0.23014381527900696,0.9575359225273132,2.738591432571411,-1.7000000476837158,-1.3799999952316284,0.0,11.399999618530273,-0.15420018136501312,-1.4185500144958496,-3.855001926422119,1.0,-0.029999999329447746,-0.0,9.359999656677246,0.8218355178833008,0.4109177589416504,44.09177780151367,-1.2799999713897705,1.0800000429153442,-0.0,1.3600000143051147,0.5759109854698181,1.0439777374267578,-3.6022305488586426,-1.7000000476837158,-1.3700000047683716,0.009999999776482582,13.0,1.6506621837615967,-0.9673344492912292,40.251556396484375,1.0
5284,295565,0.0,0.0,0.0,0.05999999865889549,-0.009999999776482582,-9.779999732971191,-0.6223132610321045,-0.31115663051605225,-37.10066223144531,-4.289999961853027,0.9100000262260437,0.0,-12.229999542236328,-0.5748191475868225,0.7562952041625977,-15.370482444763184,-1.7000000476837158,-1.3799999952316284,-0.019999999552965164,13.59000015258789,0.9616671800613403,-1.1395832300186157,24.07167625427246,1.0,0.05999999865889549,-0.009999999776482582,-11.65999984741211,-0.013362333178520203,-0.006681166589260101,-6.653116226196289,2.9600000381469727,1.0700000524520874,0.0,1.159999966621399,0.877326488494873,1.1193315982818604,4.933154582977295,-0.8999999761581421,-1.3700000047683716,0.009999999776482582,14.09000015258789,-0.826170802116394,-1.5865427255630493,-21.66927146911621,1.0,-0.05000000074505806,-0.019999999552965164,8.569999694824219,-0.06063015013933182,-0.03031507506966591,1.9984924793243408,-2.319999933242798,0.9300000071525574,0.009999999776482582,-14.380000114440918,0.23022624850273132,0.9575565457344055,2.7406537532806396,-1.7000000476837158,-1.3799999952316284,0.009999999776482582,11.720000267028809,-0.15447625517845154,-1.4186190366744995,-3.876904249191284,1.0,-0.029999999329447746,0.009999999776482582,9.40999984741211,0.8203941583633423,0.41019707918167114,44.00470733642578,-1.2799999713897705,1.0800000429153442,0.0,1.2300000190734863,0.5759257078170776,1.0439814329147339,-3.601861000061035,-1.7000000476837158,-1.3700000047683716,-0.009999999776482582,12.0,1.6523394584655762,-0.9669151306152344,40.323486328125,1.0
5305,295884,0.0,0.0,0.0,0.05999999865889549,0.019999999552965164,-9.609999656677246,-0.6245984435081482,-0.3122992217540741,-37.25992202758789,-4.289999961853027,0.9100000262260437,0.019999999552965164,-12.40999984741211,-0.579849123954773,0.7550376653671265,-15.526235580444336,-1.7000000476837158,-1.3799999952316284,-0.0,14.010000228881836,0.9567675590515137,-1.14080810546875,23.919189453125,1.0,0.05999999865889549,-0.0,-11.220000267028809,-0.011925622820854187,-0.0059628114104270935,-6.596280574798584,2.9600000381469727,1.0700000524520874,-0.0,1.4700000286102295,0.878638744354248,1.119659662246704,4.96596097946167,-0.8999999761581421,-1.3700000047683716,-0.0,13.930000305175781,-0.8274761438369751,-1.5868690013885498,-21.686899185180664,1.0,-0.05000000074505806,-0.009999999776482582,9.399999618530273,-0.061862021684646606,-0.030931010842323303,1.9218989610671997,-2.319999933242798,0.9300000071525574,0.0,-14.3100004196167,0.2323036789894104,0.9580758810043335,2.8075873851776123,-1.7000000476837158,-1.3799999952316284,-0.009999999776482582,12.510000228881836,-0.1516944020986557,-1.4179235696792603,-3.777357339859009,1.0,-0.029999999329447746,0.0,9.15999984741211,0.8211449384689331,0.41057246923446655,44.057247161865234,-1.2799999713897705,1.0800000429153442,0.0,1.1399999856948853,0.5743787288665771,1.0435945987701416,-3.6405444145202637,-1.7000000476837158,-1.3700000047683716,-0.0,13.029999732971191,1.6498043537139893,-0.9675489068031311,40.24510955810547,1.0
5325,296188,0.0,0.0,0.0,0.05999999865889549,0.009999999776482582,-9.0,-0.6244092583656311,-0.31220462918281555,-37.2354621887207,-4.289999961853027,0.9100000262260437,-0.019999999552965164,-12.050000190734863,-0.5752776861190796,0.7561805248260498,-15.351950645446777,-1.7000000476837158,-1.3799999952316284,0.0,12.449999809265137,0.9573023319244385,-1.140674352645874,23.93256378173828,1.0,0.05999999865889549,-0.009999999776482582,-11.75,-0.012432798743247986,-0.006216399371623993,-6.606639385223389,2.9600000381469727,1.0700000524520874,0.0,1.5700000524520874,0.8815679550170898,1.1203919649124146,5.039191246032715,-0.8999999761581421,-1.3700000047683716,0.0,14.260000228881836,-0.8284802436828613,-1.5871200561523438,-21.712005615234375,1.0,-0.05000000074505806,-0.009999999776482582,9.079999923706055,-0.062302641570568085,-0.031151320785284042,1.8998680114746094,-2.319999933242798,0.9300000071525574,-0.0,-14.1899995803833,0.23145529627799988,0.9578638076782227,2.7863800525665283,-1.7000000476837158,-1.3799999952316284,-0.009999999776482582,11.239999771118164,-0.15125198662281036,-1.4178129434585571,-3.7662947177886963,1.0,-0.029999999329447746,-0.019999999552965164,9.430000305175781,0.8222312927246094,0.4111156463623047,44.141563415527344,-1.2799999713897705,1.0800000429153442,0.0,1.3799999952316284,0.5762369632720947,1.0440592765808105,-3.594076633453369,-1.7000000476837158,-1.3700000047683716,-0.0,12.600000381469727,1.6511106491088867,-0.9672223329544067,40.277767181396484,1.0
5345,296492,0.0,0.0,0.0,0.05999999865889549,-0.019999999552965164,-9.720000267028809,-0.6215868592262268,-0.3107934296131134,-37.04934310913086,-4.289999961853027,0.9100000262260437,-0.009999999776482582,-12.319999694824219,-0.5775477886199951,0.7556130290031433,-15.423699378967285,-1.7000000476837158,-1.3799999952316284,-0.0,11.289999961853027,0.9555470943450928,-1.14111328125,23.888671875,1.0,0.05999999865889549,0.029999999329447746,-11.869999885559082,-0.012556701898574829,-0.0062783509492874146,-6.672835350036621,2.9600000381469727,1.0700000524520874,-0.009999999776482582,1.159999966621399,0.8715522289276123,1.1178879737854004,4.8037919998168945,-0.8999999761581421,-1.3700000047683716,-0.009999999776482582,14.149999618530273,-0.8234927654266357,-1.5858731269836426,-21.57231330871582,1.0,-0.05000000074505806,0.009999999776482582,8.5600004196167,-0.06244311481714249,-0.031221557408571243,1.8628443479537964,-2.319999933242798,0.9300000071525574,0.0,-14.319999694824219,0.23032036423683167,0.9575800895690918,2.7580082416534424,-1.7000000476837158,-1.3799999952316284,0.0,11.949999809265137,-0.1504640281200409,-1.4176160097122192,-3.761601448059082,1.0,-0.029999999329447746,0.019999999552965164,8.930000305175781,0.8204100131988525,0.41020500659942627,43.990501403808594,-1.2799999713897705,1.0800000429153442,0.009999999776482582,0.8100000023841858,0.5745137333869934,1.043628454208374,-3.6521589756011963,-1.7000000476837158,-1.3700000047683716,-0.009999999776482582,13.010000228881836,1.6489498615264893,-0.9677625298500061,40.238746643066406,1.0
5365,296796,0.0,0.0,0.0,0.05999999865889549,-0.009999999776482582,-9.460000038146973,-0.6228604912757874,-0.3114302456378937,-37.12802505493164,-4.289999961853027,0.9100000262260437,0.0,-12.050000190734863,-0.5782667994499207,0.7554332613945007,-15.456676483154297,-1.7000000476837158,-1.3799999952316284,-0.009999999776482582,12.069999694824219,0.9594842195510864,-1.1401289701461792,24.00210189819336,1.0,0.05999999865889549,0.019999999552965164,-11.5,-0.013139002025127411,-0.0065695010125637054,-6.686950206756592,2.9600000381469727,1.0700000524520874,0.0,1.1100000143051147,0.8802783489227295,1.1200695037841797,5.0069451332092285,-0.8999999761581421,-1.3700000047683716,0.019999999552965164,14.680000305175781,-0.8278695344924927,-1.5869673490524292,-21.726736068725586,1.0,-0.05000000074505806,0.019999999552965164,8.800000190734863,-0.0630032941699028,-0.0315016470849514,1.8198354244232178,-2.319999933242798,0.9300000071525574,-0.019999999552965164,-14.109999656677246,0.2329484224319458,0.9582370519638062,2.8537044525146484,-1.7000000476837158,-1.3799999952316284,0.009999999776482582,10.960000038146973,-0.15011066198349,-1.417527675628662,-3.767768144607544,1.0,-0.029999999329447746,-0.0,9.149999618530273,0.8236804008483887,0.41184020042419434,44.18402099609375,-1.2799999713897705,1.0800000429153442,0.0,1.159999966621399,0.5745604038238525,1.04364013671875,-3.635990619659424,-1.7000000476837158,-1.3700000047683716,-0.0,12.569999694824219,1.6524884700775146,-0.9668778777122498,40.31221389770508,1.0
5385,297100,0.0,0.0,0.0,0.05999999865889549,0.0,-9.220000267028809,-0.6230319738388062,-0.3115159869194031,-37.1515998840332,-4.289999961853027,0.9100000262260437,-0.0,-12.550000190734863,-0.5781807899475098,0.7554547786712646,-15.454524993896484,-1.7000000476837158,-1.3799999952316284,0.0,12.300000190734863,0.9557121992111206,-1.1410719156265259,23.892807006835938,1.0,0.05999999865889549,0.009999999776482582,-11.399999618530273,-0.011855289340019226,-0.005927644670009613,-6.607763767242432,2.9600000381469727,1.0700000524520874,0.009999999776482582,0.9900000095367432,0.8814055323600769,1.1203513145446777,5.0201263427734375,-0.8999999761581421,-1.3700000047683716,0.0,13.960000038146973,-0.8300892114639282,-1.587522268295288,-21.752225875854492,1.0,-0.05000000074505806,-0.0,9.15999984741211,-0.062487684190273285,-0.031243842095136642,1.8756158351898193,-2.319999933242798,0.9300000071525574,-0.0,-13.859999656677246,0.23154202103614807,0.9578855037689209,2.7885496616363525,-1.7000000476837158,-1.3799999952316284,0.0,11.4399995803833,-0.15125612914562225,-1.417814016342163,-3.781402111053467,1.0,-0.029999999329447746,0.0,8.760000228881836,0.8221182823181152,0.4110591411590576,44.10591506958008,-1.2799999713897705,1.0800000429153442,0.0,0.800000011920929,0.57535320520401,1.0438382625579834,-3.616178035736084,-1.7000000476837158,-1.3700000047683716,0.019999999552965164,13.539999961853027,1.649935007095337,-0.9675162434577942,40.21837615966797,1.0
5404,297389,0.0,0.0,0.0,0.05999999865889549,-0.009999999776482582,-9.579999923706055,-0.6225704550743103,-0.31128522753715515,-37.113525390625,-4.289999961853027,0.9100000262260437,0.019999999552965164,-12.40999984741211,-0.5798639059066772,0.7550339698791504,-15.526605606079102,-1.7000000476837158,-1.3799999952316284,-0.0,13.420000076293945,0.9580140113830566,-1.1404964923858643,23.950349807739258,1.0,0.05999999865889549,-0.0,-11.319999694824219,-0.012479528784751892,-0.006239764392375946,-6.62397575378418,2.9600000381469727,1.0700000524520874,-0.0,1.5800000429153442,0.8773047924041748,1.119326114654541,4.932606220245361,-0.8999999761581421,-1.3700000047683716,0.009999999776482582,13.789999961853027,-0.8267160654067993,-1.5866789817810059,-21.682897567749023,1.0,-0.05000000074505806,0.009999999776482582,9.100000381469727,-0.06297003477811813,-0.03148501738905907,1.8364983797073364,-2.319999933242798,0.9300000071525574,0.0,-14.289999961853027,0.23176681995391846,0.9579416513442993,2.7941644191741943,-1.7000000476837158,-1.3799999952316284,-0.009999999776482582,11.010000228881836,-0.150349423289299,-1.417587399482727,-3.7437403202056885,1.0,-0.029999999329447746,0.0,9.109999656677246,0.822054386138916,0.411027193069458,44.102718353271484,-1.2799999713897705,1.0800000429153442,-0.009999999776482582,0.8899999856948853,0.5748867988586426,1.0437216758728027,-3.6128365993499756,-1.7000000476837158,-1.3700000047683716,0.0,11.119999885559082,1.64992356300354,-0.9675191044807434,40.24808883666992,1.0
5424,297708,0.0,0.0,0.0013000000035390258,0.05999999865889549,0.0,-9.029999732971191,-0.6259549260139465,-0.31297746300697327,-37.29774475097656,-4.289999961853027,0.9100000262260437,0.009999999776482582,-12.130000114440918,-0.5783659219741821,0.755408525466919,-15.474150657653809,-1.7000000476837158,-1.3799999952316284,-0.0,14.449999809265137,0.9569883346557617,-1.140752911567688,23.92470932006836,1.0,0.05999999865889549,-0.019999999552965164,-11.510000228881836,-0.011952273547649384,-0.005976136773824692,-6.567613124847412,2.9600000381469727,1.0700000524520874,-0.0,1.409999966621399,0.8814769983291626,1.1203691959381104,5.036914348602295,-0.8999999761581421,-1.3700000047683716,-0.0,14.460000038146973,-0.829397439956665,-1.5873494148254395,-21.734941482543945,1.0,-0.05000000074505806,0.0,9.239999771118164,-0.061873167753219604,-0.030936583876609802,1.9063416719436646,-2.319999933242798,0.9300000071525574,0.0,-14.15999984741211,0.2306807041168213,0.9576701521873474,2.767014503479004,-1.7000000476837158,-1.3799999952316284,-0.0,11.09000015258789,-0.15287940204143524,-1.418219804763794,-3.8219809532165527,1.0,-0.029999999329447746,0.009999999776482582,9.420000076293945,0.8218883275985718,0.4109441637992859,44.07941818237305,-1.2799999713897705,1.0800000429153442,-0.009999999776482582,0.7599999904632568,0.5783987641334534,1.0445996522903442,-3.525038957595825,-1.7000000476837158,-1.3700000047683716,-0.009999999776482582,13.329999923706055,1.6528582572937012,-0.9667854309082031,40.336456298828125,1.0
5444,298012,0.0,0.0,0.0,0.05999999865889549,0.009999999776482582,-9.59000015258789,-0.6159766316413879,-0.30798831582069397,-36.8138313293457,-4.289999961853027,0.9100000262260437,0.009999999776482582,-12.59000015258789,-0.5621061325073242,0.759473443031311,-15.067658424377441,-1.7000000476837158,-1.3799999952316284,0.0,12.880000114440918,0.9658113718032837,-1.1385471820831299,24.145280838012695,1.0,0.05999999865889549,-0.009999999776482582,-11.75,-0.013985782861709595,-0.006992891430854797,-6.684289455413818,2.9600000381469727,1.0700000524520874,0.009999999776482582,1.9500000476837158,0.8642010688781738,1.1160502433776855,4.590019226074219,-0.8999999761581421,-1.3700000047683716,-0.009999999776482582,14.569999694824219,-0.8215481042861938,-1.5853869915008545,-21.523698806762695,1.0,-0.05000000074505806,-0.009999999776482582,8.9399995803833,-0.06135043501853943,-0.030675217509269714,1.9474782943725586,-2.319999933242798,0.9300000071525574,0.0,-14.069999694824219,0.23002436757087708,0.9575060606002808,2.750605344772339,-1.7000000476837158,-1.3799999952316284,0.0,11.420000076293945,-0.14667180180549622,-1.4166679382324219,-3.6667943000793457,1.0,-0.029999999329447746,-0.009999999776482582,9.449999809265137,0.8119082450866699,0.40595412254333496,43.61041259765625,-1.2799999713897705,1.0800000429153442,-0.009999999776482582,1.309999942779541,0.5707246661186218,1.042681097984314,-3.7168943881988525,-1.7000000476837158,-1.3700000047683716,-0.009999999776482582,11.460000038146973,1.6445717811584473,-0.9688570499420166,40.129295349121094,1.0
5464,298316,0.0,0.0,0.0,0.05999999865889549,0.019999999552965164,-9.569999694824219,-0.6213020086288452,-0.3106510043144226,-37.09510040283203,-4.289999961853027,0.9100000262260437,0.009999999776482582,-12.380000114440918,-0.5703631639480591,0.7574092149734497,-15.274081230163574,-1.7000000476837158,-1.3799999952316284,0.009999999776482582,13.460000038146973,0.9637571573257446,-1.1390607357025146,24.07892608642578,1.0,0.05999999865889549,-0.019999999552965164,-11.569999694824219,-0.013924375176429749,-0.006962187588214874,-6.666218280792236,2.9600000381469727,1.0700000524520874,0.009999999776482582,1.149999976158142,0.8797619342803955,1.1199405193328857,4.979046821594238,-0.8999999761581421,-1.3700000047683716,0.009999999776482582,14.069999694824219,-0.8305659294128418,-1.5876414775848389,-21.779146194458008,1.0,-0.05000000074505806,0.019999999552965164,8.859999656677246,-0.06298612058162689,-0.031493060290813446,1.820694088935852,-2.319999933242798,0.9300000071525574,-0.009999999776482582,-13.960000038146973,0.23165997862815857,0.9579149484634399,2.8064942359924316,-1.7000000476837158,-1.3799999952316284,-0.0,11.470000267028809,-0.14869508147239685,-1.4171737432479858,-3.717374801635742,1.0,-0.029999999329447746,-0.019999999552965164,9.4399995803833,0.8220502138137817,0.41102510690689087,44.132511138916016,-1.2799999713897705,1.0800000429153442,0.0,0.6600000262260437,0.5757937431335449,1.0439484119415283,-3.605163097381592,-1.7000000476837158,-1.3700000047683716,0.009999999776482582,12.890000343322754,1.6546738147735596,-0.9663315415382385,40.35184860229492,1.0
5483,298605,0.0,0.0,0.0,0.05999999865889549,-0.009999999776482582,-9.579999923706055,-0.6219421625137329,-0.31097108125686646,-37.08210754394531,-4.289999961853027,0.9100000262260437,0.009999999776482582,-12.15999984741211,-0.5798050165176392,0.7550487518310547,-15.510128021240234,-1.7000000476837158,-1.3799999952316284,0.0,11.640000343322754,0.957260251045227,-1.140684962272644,23.931503295898438,1.0,0.05999999865889549,0.019999999552965164,-11.420000076293945,-0.012186460196971893,-0.006093230098485947,-6.6393232345581055,2.9600000381469727,1.0700000524520874,0.009999999776482582,1.2799999713897705,0.8809981942176819,1.1202495098114014,5.009945869445801,-0.8999999761581421,-1.3700000047683716,0.0,14.449999809265137,-0.829301118850708,-1.5873253345489502,-21.732532501220703,1.0,-0.05000000074505806,0.0,8.699999809265137,-0.062274008989334106,-0.031137004494667053,1.8862996101379395,-2.319999933242798,0.9300000071525574,-0.009999999776482582,-14.130000114440918,0.23222926259040833,0.9580572843551636,2.820727825164795,-1.7000000476837158,-1.3799999952316284,0.009999999776482582,12.3100004196167,-0.1511867791414261,-1.4177967309951782,-3.7946736812591553,1.0,-0.029999999329447746,0.009999999776482582,9.25,0.8211619853973389,0.41058099269866943,44.04309844970703,-1.2799999713897705,1.0800000429153442,0.009999999776482582,1.659999966621399,0.5719922780990601,1.0429980754852295,-3.7151968479156494,-1.7000000476837158,-1.3700000047683716,0.019999999552965164,12.430000305175781,1.6488792896270752,-0.9677801728248596,40.191986083984375,1.0
5503,298909,0.0,0.0,0.0,0.05999999865889549,0.019999999552965164,-9.600000381469727,-0.625594437122345,-0.3127972185611725,-37.30971908569336,-4.289999961853027,0.9100000262260437,0.0,-12.229999542236328,-0.575160026550293,0.7562099695205688,-15.379005432128906,-1.7000000476837158,-1.3799999952316284,0.0,12.579999923706055,0.9568753242492676,-1.1407811641693115,23.92188262939453,1.0,0.05999999865889549,-0.019999999552965164,-11.470000267028809,-0.011908449232578278,-0.005954224616289139,-6.565422058105469,2.9600000381469727,1.0700000524520874,0.009999999776482582,1.3600000143051147,0.8726017475128174,1.1181504726409912,4.800042152404785,-0.8999999761581421,-1.3700000047683716,-0.009999999776482582,14.170000076293945,-0.8261345624923706,-1.5865336656570435,-21.63836669921875,1.0,-0.05000000074505806,-0.009999999776482582,8.720000267028809,-0.06219636648893356,-0.03109818324446678,1.9051817655563354,-2.319999933242798,0.9300000071525574,0.009999999776482582,-14.239999771118164,0.2291603684425354,0.9572900533676147,2.7140045166015625,-1.7000000476837158,-1.3799999952316284,0.0,11.229999542236328,-0.14959965646266937,-1.4173998832702637,-3.7399888038635254,1.0,-0.029999999329447746,-0.019999999552965164,9.0600004196167,0.8203549385070801,0.41017746925354004,44.04774475097656,-1.2799999713897705,1.0800000429153442,-0.019999999552965164,0.9700000286102295,0.5763305425643921,1.0440826416015625,-3.5617401599884033,-1.7000000476837158,-1.3700000047683716,0.009999999776482582,12.65999984741211,1.648721694946289,-0.9678195714950562,40.20304489135742,1.0
5523,299213,0.0,0.0,0.0,0.05999999865889549,0.009999999776482582,-9.65999984741211,-0.6259200572967529,-0.31296002864837646,-37.31100082397461,-4.289999961853027,0.9100000262260437,0.019999999552965164,-12.260000228881836,-0.579704999923706,0.7550737261772156,-15.522629737854004,-1.7000000476837158,-1.3799999952316284,0.0,12.119999885559082,0.9558507204055786,-1.1410373449325562,23.896265029907227,1.0,0.05999999865889549,-0.019999999552965164,-11.520000457763672,-0.011175602674484253,-0.0055878013372421265,-6.528779983520508,2.9600000381469727,1.0700000524520874,0.009999999776482582,2.0999999046325684,0.8819621801376343,1.120490550994873,5.034049987792969,-0.8999999761581421,-1.3700000047683716,-0.0,14.699999809265137,-0.830378532409668,-1.5875946283340454,-21.759462356567383,1.0,-0.05000000074505806,0.0,8.859999656677246,-0.062160708010196686,-0.031080354005098343,1.8919646739959717,-2.319999933242798,0.9300000071525574,0.009999999776482582,-13.800000190734863,0.23126500844955444,0.9578162431716919,2.7666234970092773,-1.7000000476837158,-1.3799999952316284,-0.0,11.34000015258789,-0.1544346958398819,-1.4186086654663086,-3.8608670234680176,1.0,-0.029999999329447746,-0.0,9.369999885559082,0.8215219974517822,0.4107609987258911,44.07609939575195,-1.2799999713897705,1.0800000429153442,0.0,1.2000000476837158,0.576343834400177,1.04408597946167,-3.5914063453674316,-1.7000000476837158,-1.3700000047683716,0.009999999776482582,13.319999694824219,1.6506037712097168,-0.9673490524291992,40.25009536743164,1.0
5543,299532,0.0,0.0,0.0,0.05999999865889549,0.009999999776482582,-9.609999656677246,-0.6243128180503845,-0.31215640902519226,-37.23064041137695,-4.289999961853027,0.9100000262260437,-0.0,-12.5,-0.5755591988563538,0.7561101913452148,-15.388983726501465,-1.7000000476837158,-1.3799999952316284,-0.009999999776482582,12.970000267028809,0.9569317102432251,-1.1407670974731445,23.938289642333984,1.0,0.05999999865889549,0.0,-11.84000015258789,-0.01258433610200882,-0.00629216805100441,-6.62921667098999,2.9600000381469727,1.0700000524520874,-0.0,1.649999976158142,0.8759236335754395,1.118980884552002,4.898083209991455,-0.8999999761581421,-1.3700000047683716,-0.0,14.09000015258789,-0.827521026134491,-1.5868802070617676,-21.688020706176758,1.0,-0.05000000074505806,-0.0,8.779999732971191,-0.06226059049367905,-0.031130295246839523,1.8869705200195312,-2.319999933242798,0.9300000071525574,-0.009999999776482582,-14.010000228881836,0.23106864094734192,0.957767128944397,2.7917122840881348,-1.7000000476837158,-1.3799999952316284,-0.009999999776482582,11.470000267028809,-0.15052928030490875,-1.4176323413848877,-3.748234510421753,1.0,-0.029999999329447746,0.0,9.399999618530273,0.8218237161636353,0.4109118580818176,44.0911865234375,-1.2799999713897705,1.0800000429153442,0.0,1.2000000476837158,0.5773139595985413,1.0443284511566162,-3.5671591758728027,-1.7000000476837158,-1.3700000047683716,-0.009999999776482582,12.680000305175781,1.6519792079925537,-0.96700519323349,40.31447982788086,1.0
5563,299836,0.0,0.0,0.0,0.05999999865889549,-0.019999999552965164,-9.729999542236328,-0.6227284073829651,-0.31136420369148254,-37.106422424316406,-4.289999961853027,0.9100000262260437,-0.009999999776482582,-11.989999771118164,-0.5776734352111816,0.7555816173553467,-15.426840782165527,-1.7000000476837158,-1.3799999952316284,-0.009999999776482582,13.029999732971191,0.9577016830444336,-1.14057457447052,23.957542419433594,1.0,0.05999999865889549,0.009999999776482582,-11.470000267028809,-0.012487493455410004,-0.006243746727705002,-6.639374256134033,2.9600000381469727,1.0700000524520874,-0.009999999776482582,1.7100000381469727,0.8752169609069824,1.1188042163848877,4.895416259765625,-0.8999999761581421,-1.3700000047683716,-0.009999999776482582,13.90999984741211,-0.82612144947052,-1.586530327796936,-21.638032913208008,1.0,-0.05000000074505806,0.019999999552965164,9.079999923706055,-0.06287439912557602,-0.03143719956278801,1.826280117034912,-2.319999933242798,0.9300000071525574,-0.0,-13.960000038146973,0.2303575575351715,0.9575893878936768,2.7589380741119385,-1.7000000476837158,-1.3799999952316284,-0.0,12.180000305175781,-0.1521611511707306,-1.4180402755737305,-3.804028034210205,1.0,-0.029999999329447746,0.009999999776482582,9.210000038146973,0.8219685554504395,0.4109842777252197,44.08342742919922,-1.2799999713897705,1.0800000429153442,0.009999999776482582,1.0199999809265137,0.5746002793312073,1.0436500310897827,-3.650001287460327,-1.7000000476837158,-1.3700000047683716,-0.009999999776482582,14.319999694824219,1.6501336097717285,-0.9674665927886963,40.268341064453125,1.0
5583,300140,0.0,0.0,0.0,0.05999999865889549,-0.009999999776482582,-9.479999542236328,-0.6237288117408752,-0.3118644058704376,-37.17144012451172,-4.289999961853027,0.9100000262260437,-0.0,-11.9399995803833,-0.577805757522583,0.7555485367774963,-15.445148468017578,-1.7000000476837158,-1.3799999952316284,0.0,11.600000381469727,0.956039547920227,-1.140990138053894,23.900985717773438,1.0,0.05999999865889549,-0.009999999776482582,-11.569999694824219,-0.01226063072681427,-0.006130315363407135,-6.598031044006348,2.9600000381469727,1.0700000524520874,-0.009999999776482582,1.190000057220459,0.8692471385002136,1.117311716079712,4.746166229248047,-0.8999999761581421,-1.3700000047683716,0.0,14.380000114440918,-0.8227875232696533,-1.5856969356536865,-21.569692611694336,1.0,-0.05000000074505806,-0.0,8.970000267028809,-0.06246573477983475,-0.031232867389917374,1.8767132759094238,-2.319999933242798,0.9300000071525574,0.009999999776482582,-14.3100004196167,0.22889593243598938,0.9572239518165588,2.7073943614959717,-1.7000000476837158,-1.3799999952316284,0.0,11.09000015258789,-0.1519099920988083,-1.4179774522781372,-3.797745704650879,1.0,-0.029999999329447746,-0.009999999776482582,9.710000038146973,0.8200181722640991,0.41000908613204956,44.015907287597656,-1.2799999713897705,1.0800000429153442,-0.009999999776482582,0.9200000166893005,0.5748671889305115,1.0437167882919312,-3.613325357437134,-1.7000000476837158,-1.3700000047683716,-0.0,12.350000381469727,1.6472206115722656,-0.968194842338562,40.18051528930664,1.0
5603,300444,0.0,0.0,0.0,0.05999999865889549,0.009999999776482582,-9.029999732971191,-0.624775230884552,-0.312387615442276,-37.253761291503906,-4.289999961853027,0.9100000262260437,-0.009999999776482582,-12.109999656677246,-0.5764994025230408,0.7558751106262207,-15.397491455078125,-1.7000000476837158,-1.3799999952316284,-0.009999999776482582,13.539999961853027,0.9581576585769653,-1.1404606103897095,23.968936920166016,1.0,0.05999999865889549,-0.009999999776482582,-11.8100004196167,-0.01258230209350586,-0.00629115104675293,-6.614115238189697,2.9600000381469727,1.0700000524520874,-0.009999999776482582,1.25,0.8845784068107605,1.1211445331573486,5.129447937011719,-0.8999999761581421,-1.3700000047683716,0.009999999776482582,14.420000076293945,-0.8299349546432495,-1.5874837636947632,-21.76337432861328,1.0,-0.05000000074505806,0.019999999552965164,8.550000190734863,-0.06302542239427567,-0.03151271119713783,1.8187289237976074,-2.319999933242798,0.9300000071525574,-0.009999999776482582,-13.899999618530273,0.23267769813537598,0.9581694006919861,2.831939458847046,-1.7000000476837158,-1.3799999952316284,-0.0,11.59000015258789,-0.1538856476545334,-1.4184714555740356,-3.8471460342407227,1.0,-0.029999999329447746,-0.019999999552965164,9.4399995803833,0.8244587182998657,0.41222935914993286,44.252933502197266,-1.2799999713897705,1.0800000429153442,-0.0,0.9599999785423279,0.5764801502227783,1.0441200733184814,-3.5879969596862793,-1.7000000476837158,-1.3700000047683716,0.0,11.989999771118164,1.6537983417510986,-0.9665504097938538,40.3449592590332,1.0
5623,300748,0.0,0.0,0.0,0.05999999865889549,0.009999999776482582,-9.729999542236328,-0.6238716244697571,-0.31193581223487854,-37.208580017089844,-4.289999961853027,0.9100000262260437,0.009999999776482582,-12.039999961853027,-0.575107216835022,0.756223201751709,-15.392683029174805,-1.7000000476837158,-1.3799999952316284,0.0,13.279999732971191,0.9590312242507935,-1.1402422189712524,23.97577667236328,1.0,0.05999999865889549,0.0,-11.670000076293945,-0.013345897197723389,-0.006672948598861694,-6.667294979095459,2.9600000381469727,1.0700000524520874,0.009999999776482582,1.2899999618530273,0.8786518573760986,1.1196630001068115,4.951294898986816,-0.8999999761581421,-1.3700000047683716,-0.0,14.319999694824219,-0.8281428217887878,-1.5870356559753418,-21.70356559753418,1.0,-0.05000000074505806,0.009999999776482582,8.539999961853027,-0.06229095160961151,-0.031145475804805756,1.8704525232315063,-2.319999933242798,0.9300000071525574,0.0,-14.0600004196167,0.23081475496292114,0.9577036499977112,2.770364284515381,-1.7000000476837158,-1.3799999952316284,-0.009999999776482582,11.890000343322754,-0.1532074362039566,-1.4183018207550049,-3.8151824474334717,1.0,-0.029999999329447746,-0.009999999776482582,9.470000267028809,0.8227732181549072,0.4113866090774536,44.15365982055664,-1.2799999713897705,1.0800000429153442,-0.0,1.0800000429153442,0.5773702263832092,1.0443425178527832,-3.5657525062561035,-1.7000000476837158,-1.3700000047683716,0.009999999776482582,13.09000015258789,1.6533541679382324,-0.9666614532470703,40.31885528564453,1.0
5643,301052,0.0,0.0,0.0,0.05999999865889549,0.009999999776482582,-9.510000228881836,-0.624333918094635,-0.3121669590473175,-37.23169708251953,-4.289999961853027,0.9100000262260437,0.0,-12.890000343322754,-0.5775388479232788,0.755615234375,-15.43847942352295,-1.7000000476837158,-1.3799999952316284,0.0,13.449999809265137,0.9577914476394653,-1.1405521631240845,23.944782257080078,1.0,0.05999999865889549,0.009999999776482582,-11.930000305175781,-0.012971051037311554,-0.006485525518655777,-6.663552284240723,2.9600000381469727,1.0700000524520874,0.0,1.2999999523162842,0.8798263072967529,1.1199564933776855,4.9956440925598145,-0.8999999761581421,-1.3700000047683716,0.0,14.680000305175781,-0.8281587362289429,-1.5870397090911865,-21.703969955444336,1.0,-0.05000000074505806,-0.0,8.619999885559082,-0.06192503124475479,-0.030962515622377396,1.9037485122680664,-2.319999933242798,0.9300000071525574,-0.009999999776482582,-14.170000076293945,0.23208999633789062,0.9580224752426147,2.817246913909912,-1.7000000476837158,-1.3799999952316284,0.009999999776482582,12.239999771118164,-0.15307210385799408,-1.4182679653167725,-3.841797113418579,1.0,-0.029999999329447746,-0.009999999776482582,9.539999961853027,0.8226354122161865,0.41131770610809326,44.14677047729492,-1.2799999713897705,1.0800000429153442,0.009999999776482582,1.0,0.5757196545600891,1.043929934501648,-3.6220109462738037,-1.7000000476837158,-1.3700000047683716,-0.0,12.760000228881836,1.652942419052124,-0.9667643904685974,40.32356262207031,1.0
5663,301356,0.0,0.0,0.0,0.05999999865889549,-0.019999999552965164,-8.539999961853027,-0.623468279838562,-0.311734139919281,-37.14341735839844,-4.289999961853027,0.9100000262260437,0.009999999776482582,-11.899999618530273,-0.5767020583152771,0.7558244466781616,-15.432558059692383,-1.7000000476837158,-1.3799999952316284,0.0,15.180000305175781,0.9602024555206299,-1.1399493217468262,24.005067825317383,1.0,0.05999999865889549,-0.009999999776482582,-11.520000457763672,-0.012864142656326294,-0.006432071328163147,-6.628207683563232,2.9600000381469727,1.0700000524520874,0.009999999776482582,0.8799999952316284,0.882460355758667,1.120615005493164,5.04649543762207,-0.8999999761581421,-1.3700000047683716,-0.0,14.59000015258789,-0.829193651676178,-1.5872983932495117,-21.729839324951172,1.0,-0.05000000074505806,-0.009999999776482582,8.720000267028809,-0.06163042038679123,-0.030815210193395615,1.9334790706634521,-2.319999933242798,0.9300000071525574,-0.0,-14.079999923706055,0.23075535893440247,0.9576888084411621,2.7688801288604736,-1.7000000476837158,-1.3799999952316284,-0.0,12.4399995803833,-0.15339171886444092,-1.418347954750061,-3.8347959518432617,1.0,-0.029999999329447746,0.009999999776482582,9.579999923706055,0.8214046955108643,0.41070234775543213,44.05523681640625,-1.2799999713897705,1.0800000429153442,-0.019999999552965164,0.9399999976158142,0.5781770348548889,1.0445442199707031,-3.515582323074341,-1.7000000476837158,-1.3700000047683716,-0.009999999776482582,12.869999885559082,1.6530628204345703,-0.9667342901229858,40.34157180786133,1.0
5683,301675,0.0,0.0,0.0,0.05999999865889549,0.009999999776482582,-9.6899995803833,-0.6245753169059753,-0.31228765845298767,-37.24376678466797,-4.289999961853027,0.9100000262260437,-0.019999999552965164,-12.210000038146973,-0.5741481781005859,0.7564629316329956,-15.323709487915039,-1.7000000476837158,-1.3799999952316284,0.009999999776482582,13.65999984741211,0.9592481851577759,-1.1401879787445068,23.966201782226562,1.0,0.05999999865889549,0.0,-11.479999542236328,-0.013083823025226593,-0.0065419115126132965,-6.654191017150879,2.9600000381469727,1.0700000524520874,0.0,1.6299999952316284,0.8819594383239746,1.1204898357391357,5.048978328704834,-0.8999999761581421,-1.3700000047683716,0.009999999776482582,14.710000038146973,-0.8293882608413696,-1.5873470306396484,-21.74970245361328,1.0,-0.05000000074505806,0.009999999776482582,8.829999923706055,-0.0615730881690979,-0.03078654408454895,1.9063457250595093,-2.319999933242798,0.9300000071525574,0.009999999776482582,-14.229999542236328,0.23019123077392578,0.9575477838516235,2.7397775650024414,-1.7000000476837158,-1.3799999952316284,0.009999999776482582,11.6899995803833,-0.1562931090593338,-1.419073224067688,-3.922322988510132,1.0,-0.029999999329447746,-0.009999999776482582,8.890000343322754,0.8230404853820801,0.41152024269104004,44.167022705078125,-1.2799999713897705,1.0800000429153442,0.0,0.949999988079071,0.5775513648986816,1.0443878173828125,-3.561222553253174,-1.7000000476837158,-1.3700000047683716,0.009999999776482582,12.729999542236328,1.654069185256958,-0.9664826989173889,40.33673095703125,1.0
5703,301979,0.0,0.0,0.0,0.05999999865889549,0.009999999776482582,-9.510000228881836,-0.6255713701248169,-0.31278568506240845,-37.2935676574707,-4.289999961853027,0.9100000262260437,0.0,-12.34000015258789,-0.5757328867912292,0.7560667395591736,-15.393328666687012,-1.7000000476837158,-1.3799999952316284,0.009999999776482582,13.09000015258789,0.9565497636795044,-1.1408625841140747,23.89874267578125,1.0,0.05999999865889549,-0.009999999776482582,-11.420000076293945,-0.012666270136833191,-0.0063331350684165955,-6.618313312530518,2.9600000381469727,1.0700000524520874,-0.0,1.559999942779541,0.8707435131072998,1.1176857948303223,4.768574237823486,-0.8999999761581421,-1.3700000047683716,-0.009999999776482582,13.819999694824219,-0.8245279788970947,-1.5861320495605469,-21.59820556640625,1.0,-0.05000000074505806,-0.009999999776482582,8.579999923706055,-0.062146157026290894,-0.031073078513145447,1.9076921939849854,-2.319999933242798,0.9300000071525574,0.0,-14.069999694824219,0.22892999649047852,0.9572324752807617,2.7232468128204346,-1.7000000476837158,-1.3799999952316284,0.0,11.350000381469727,-0.15080149471759796,-1.4177004098892212,-3.7700414657592773,1.0,-0.029999999329447746,-0.019999999552965164,9.59000015258789,0.8211945295333862,0.4105972647666931,44.089725494384766,-1.2799999713897705,1.0800000429153442,-0.009999999776482582,1.190000057220459,0.576770007610321,1.0441924333572388,-3.565760850906372,-1.7000000476837158,-1.3700000047683716,-0.0,12.899999618530273,1.6489522457122803,-0.9677619338035583,40.22380828857422,1.0
5723,302284,0.0,0.0,0.0,0.05999999865889549,-0.0,-9.609999656677246,-0.6255158185958862,-0.3127579092979431,-37.27579116821289,-4.289999961853027,0.9100000262260437,0.0,-12.5,-0.5774838328361511,0.7556290030479431,-15.437102317810059,-1.7000000476837158,-1.3799999952316284,0.0,12.859999656677246,0.9560812711715698,-1.1409796476364136,23.902034759521484,1.0,0.05999999865889549,-0.019999999552965164,-11.619999885559082,-0.011900864541530609,-0.0059504322707653046,-6.565042972564697,2.9600000381469727,1.0700000524520874,0.009999999776482582,1.3700000047683716,0.8751200437545776,1.1187800168991089,4.862996578216553,-0.8999999761581421,-1.3700000047683716,-0.0,14.390000343322754,-0.8272148966789246,-1.586803674697876,-21.68036651611328,1.0,-0.05000000074505806,0.0,8.289999961853027,-0.06166549026966095,-0.030832745134830475,1.916725516319275,-2.319999933242798,0.9300000071525574,-0.0,-14.0,0.23071008920669556,0.9576774835586548,2.767747640609741,-1.7000000476837158,-1.3799999952316284,0.009999999776482582,11.220000267028809,-0.15416409075260162,-1.4185410737991333,-3.869107961654663,1.0,-0.029999999329447746,0.019999999552965164,9.130000114440918,0.8205822706222534,0.4102911353111267,43.999114990234375,-1.2799999713897705,1.0800000429153442,0.0,1.0,0.5772209763526917,1.0443052053451538,-3.569483757019043,-1.7000000476837158,-1.3700000047683716,0.0,12.34000015258789,1.6519289016723633,-0.9670177698135376,40.29822540283203,1.0
5743,302588,0.0,0.0,0.0,0.05999999865889549,0.0,-8.779999732971191,-0.6249048113822937,-0.31245240569114685,-37.2452392578125,-4.289999961853027,0.9100000262260437,0.009999999776482582,-11.899999618530273,-0.5797201991081238,0.75506991147995,-15.508011817932129,-1.7000000476837158,-1.3799999952316284,-0.009999999776482582,12.0600004196167,0.954849362373352,-1.1412876844406128,23.88623046875,1.0,0.05999999865889549,-0.009999999776482582,-11.579999923706055,-0.011345446109771729,-0.005672723054885864,-6.552272796630859,2.9600000381469727,1.0700000524520874,0.0,1.25,0.875860869884491,1.1189651489257812,4.896509647369385,-0.8999999761581421,-1.3700000047683716,0.009999999776482582,13.579999923706055,-0.8254683017730713,-1.586367130279541,-21.65171241760254,1.0,-0.05000000074505806,-0.0,8.550000190734863,-0.06171722710132599,-0.030858613550662994,1.914138674736023,-2.319999933242798,0.9300000071525574,-0.0,-14.069999694824219,0.23207244277000427,0.9580180644989014,2.8018057346343994,-1.7000000476837158,-1.3799999952316284,0.009999999776482582,11.020000457763672,-0.1523987054824829,-1.4180996417999268,-3.824964761734009,1.0,-0.029999999329447746,0.019999999552965164,9.3100004196167,0.8195888996124268,0.4097944498062134,43.94944763183594,-1.2799999713897705,1.0800000429153442,0.0,1.190000057220459,0.5755698084831238,1.0438923835754395,-3.6107659339904785,-1.7000000476837158,-1.3700000047683716,-0.0,13.449999809265137,1.6494793891906738,-0.96763014793396,40.23698425292969,1.0
5763,302892,0.0,0.0,0.0,0.05999999865889549,0.0,-9.550000190734863,-0.6246289610862732,-0.3123144805431366,-37.231449127197266,-4.289999961853027,0.9100000262260437,0.0,-12.199999809265137,-0.5779876708984375,0.7555030584335327,-15.44969654083252,-1.7000000476837158,-1.3799999952316284,0.009999999776482582,11.449999809265137,0.9565722942352295,-1.1408569812774658,23.899301528930664,1.0,0.05999999865889549,0.009999999776482582,-11.710000038146973,-0.012538231909275055,-0.0062691159546375275,-6.641911506652832,2.9600000381469727,1.0700000524520874,-0.0,1.5399999618530273,0.8778539896011353,1.1194634437561035,4.946339130401611,-0.8999999761581421,-1.3700000047683716,-0.009999999776482582,14.40999984741211,-0.8269550800323486,-1.5867388248443604,-21.65888214111328,1.0,-0.05000000074505806,0.0,8.670000076293945,-0.06216374784708023,-0.031081873923540115,1.8918126821517944,-2.319999933242798,0.9300000071525574,-0.0,-14.100000381469727,0.23062342405319214,0.9576558470726013,2.7655839920043945,-1.7000000476837158,-1.3799999952316284,0.0,11.529999732971191,-0.15102872252464294,-1.4177571535110474,-3.7757158279418945,1.0,-0.029999999329447746,-0.0,9.539999961853027,0.8217430114746094,0.4108715057373047,44.08715057373047,-1.2799999713897705,1.0800000429153442,0.0,1.4900000095367432,0.5760820508003235,1.0440205335617065,-3.5979509353637695,-1.7000000476837158,-1.3700000047683716,-0.009999999776482582,12.90999984741211,1.6513514518737793,-0.9671621322631836,40.29878616333008,1.0
5783,303196,0.0,0.0,0.0,0.05999999865889549,-0.009999999776482582,-9.5600004196167,-0.6229545474052429,-0.31147727370262146,-37.132728576660156,-4.289999961853027,0.9100000262260437,0.009999999776482582,-12.199999809265137,-0.580369234085083,0.7549076676368713,-15.524235725402832,-1.7000000476837158,-1.3799999952316284,0.0,11.859999656677246,0.9581362009048462,-1.1404659748077393,23.953401565551758,1.0,0.05999999865889549,0.009999999776482582,-11.760000228881836,-0.012686580419540405,-0.006343290209770203,-6.64932918548584,2.9600000381469727,1.0700000524520874,0.0,1.0399999618530273,0.8746316432952881,1.1186578273773193,4.865777492523193,-0.8999999761581421,-1.3700000047683716,0.009999999776482582,13.819999694824219,-0.8251439332962036,-1.586285948753357,-21.643592834472656,1.0,-0.05000000074505806,0.009999999776482582,8.65999984741211,-0.06271135061979294,-0.03135567530989647,1.8494325876235962,-2.319999933242798,0.9300000071525574,0.009999999776482582,-14.430000305175781,0.23025819659233093,0.9575645327568054,2.74145245552063,-1.7000000476837158,-1.3799999952316284,0.009999999776482582,11.90999984741211,-0.15284810960292816,-1.4182120561599731,-3.8362061977386475,1.0,-0.029999999329447746,-0.009999999776482582,9.5,0.8225252628326416,0.4112626314163208,44.14126205444336,-1.2799999713897705,1.0800000429153442,0.009999999776482582,0.8299999833106995,0.5738841891288757,1.0434709787368774,-3.6679065227508545,-1.7000000476837158,-1.3700000047683716,0.0,13.239999771118164,1.6485621929168701,-0.9678594470024109,40.214054107666016,1.0
5803,303500,0.0,0.0,0.0,0.05999999865889549,0.0,-8.949999809265137,-0.6237773299217224,-0.3118886649608612,-37.188865661621094,-4.289999961853027,0.9100000262260437,0.009999999776482582,-12.399999618530273,-0.5786922574043274,0.7553269267082214,-15.48231029510498,-1.7000000476837158,-1.3799999952316284,0.0,12.739999771118164,0.9560047388076782,-1.1409988403320312,23.900115966796875,1.0,0.05999999865889549,-0.0,-11.670000076293945,-0.011990882456302643,-0.005995441228151321,-6.599544048309326,2.9600000381469727,1.0700000524520874,0.0,1.7200000286102295,0.8765757083892822,1.1191439628601074,4.914391040802002,-0.8999999761581421,-1.3700000047683716,-0.0,13.760000228881836,-0.8261351585388184,-1.586533784866333,-21.653377532958984,1.0,-0.05000000074505806,-0.009999999776482582,8.789999961853027,-0.061735816299915314,-0.030867908149957657,1.9282091856002808,-2.319999933242798,0.9300000071525574,0.009999999776482582,-14.34000015258789,0.23111963272094727,0.9577798843383789,2.7629876136779785,-1.7000000476837158,-1.3799999952316284,-0.009999999776482582,11.600000381469727,-0.15225453674793243,-1.4180636405944824,-3.7913644313812256,1.0,-0.029999999329447746,0.009999999776482582,9.329999923706055,0.8201620578765869,0.41008102893829346,43.99310302734375,-1.2799999713897705,1.0800000429153442,-0.0,1.5499999523162842,0.5753040313720703,1.0438259840011597,-3.617405891418457,-1.7000000476837158,-1.3700000047683716,-0.0,12.369999885559082,1.6500890254974365,-0.9674777388572693,40.252227783203125,1.0
5842,304108,0.0,0.0,0.0,0.05999999865889549,-0.0,-9.6899995803833,-0.6237429976463318,-0.3118714988231659,-37.18714904785156,-4.289999961853027,0.9100000262260437,-0.0,-12.34000015258789,-0.5792250037193298,0.7551937103271484,-15.480631828308105,-1.7000000476837158,-1.3799999952316284,0.0,13.390000343322754,0.956932783126831,-1.1407668590545654,23.92331314086914,1.0,0.05999999865889549,0.009999999776482582,-11.829999923706055,-0.01201360672712326,-0.00600680336356163,-6.61568021774292,2.9600000381469727,1.0700000524520874,-0.009999999776482582,0.9599999785423279,0.880626916885376,1.1201567649841309,5.030671119689941,-0.8999999761581421,-1.3700000047683716,0.009999999776482582,13.4399995803833,-0.8277651071548462,-1.5869412422180176,-21.709123611450195,1.0,-0.05000000074505806,-0.009999999776482582,8.739999771118164,-0.06096716225147247,-0.030483581125736237,1.966641902923584,-2.319999933242798,0.9300000071525574,0.009999999776482582,-14.170000076293945,0.23097780346870422,0.9577444195747375,2.7594411373138428,-1.7000000476837158,-1.3799999952316284,0.019999999552965164,11.199999809265137,-0.15336307883262634,-1.418340802192688,-3.8640806674957275,1.0,-0.029999999329447746,0.009999999776482582,9.380000114440918,0.8206212520599365,0.41031062602996826,44.01606369018555,-1.2799999713897705,1.0800000429153442,-0.0,0.5,0.5746518969535828,1.0436629056930542,-3.633713722229004,-1.7000000476837158,-1.3700000047683716,-0.0,12.5600004196167,1.6497812271118164,-0.9675546884536743,40.244529724121094,1.0
5862,304412,0.0,0.0,0.0,0.05999999865889549,0.009999999776482582,-9.9399995803833,-0.6238704323768616,-0.3119352161884308,-37.20852279663086,-4.289999961853027,0.9100000262260437,-0.009999999776482582,-12.449999809265137,-0.5763921737670898,0.7559019327163696,-15.394808769226074,-1.7000000476837158,-1.3799999952316284,0.009999999776482582,11.130000114440918,0.9545536041259766,-1.1413615942001343,23.848840713500977,1.0,0.05999999865889549,-0.009999999776482582,-11.319999694824219,-0.011809557676315308,-0.005904778838157654,-6.5754780769348145,2.9600000381469727,1.0700000524520874,-0.009999999776482582,1.3600000143051147,0.8685895800590515,1.1171473264694214,4.729727268218994,-0.8999999761581421,-1.3700000047683716,-0.0,14.359999656677246,-0.8239251375198364,-1.5859812498092651,-21.598125457763672,1.0,-0.05000000074505806,-0.0,8.970000267028809,-0.06208420544862747,-0.031042102724313736,1.8957898616790771,-2.319999933242798,0.9300000071525574,0.009999999776482582,-13.949999809265137,0.22943338751792908,0.9573583006858826,2.7208292484283447,-1.7000000476837158,-1.3799999952316284,-0.009999999776482582,11.680000305175781,-0.1505204439163208,-1.4176300764083862,-3.7480080127716064,1.0,-0.029999999329447746,0.019999999552965164,9.119999885559082,0.8192696571350098,0.4096348285675049,43.9334831237793,-1.2799999713897705,1.0800000429153442,0.009999999776482582,1.2999999523162842,0.5743747353553772,1.0435936450958252,-3.655639886856079,-1.7000000476837158,-1.3700000047683716,-0.0,12.710000038146973,1.6489582061767578,-0.967760443687439,40.22395706176758,1.0
5883,304731,0.0,0.0,0.0,0.05999999865889549,-0.009999999776482582,-9.470000267028809,-0.6229349970817566,-0.3114674985408783,-37.131752014160156,-4.289999961853027,0.9100000262260437,0.0,-12.220000267028809,-0.5764647722244263,0.7558838129043579,-15.41162109375,-1.7000000476837158,-1.3799999952316284,0.009999999776482582,13.9399995803833,0.9584037065505981,-1.1403990983963013,23.945091247558594,1.0,0.05999999865889549,-0.0,-11.359999656677246,-0.012733303010463715,-0.006366651505231857,-6.636664867401123,2.9600000381469727,1.0700000524520874,-0.0,1.659999966621399,0.8776167035102844,1.1194041967391968,4.9404144287109375,-0.8999999761581421,-1.3700000047683716,0.009999999776482582,14.170000076293945,-0.8261702060699463,-1.5865426063537598,-21.669260025024414,1.0,-0.05000000074505806,-0.019999999552965164,8.899999618530273,-0.06042730063199997,-0.030213650315999985,2.0086350440979004,-2.319999933242798,0.9300000071525574,0.019999999552965164,-14.15999984741211,0.22986158728599548,0.9574653506278992,2.716534376144409,-1.7000000476837158,-1.3799999952316284,-0.009999999776482582,11.289999961853027,-0.15492793917655945,-1.418731927871704,-3.8581931591033936,1.0,-0.029999999329447746,0.029999999329447746,9.449999809265137,0.819218635559082,0.409609317779541,43.91593551635742,-1.2799999713897705,1.0800000429153442,0.009999999776482582,0.8299999833106995,0.5767995715141296,1.044199824333191,-3.595021963119507,-1.7000000476837158,-1.3700000047683716,-0.009999999776482582,11.569999694824219,1.6527633666992188,-0.9668091535568237,40.334083557128906,1.0
5903,305035,0.0,0.0,0.0,0.05999999865889549,0.0,-9.670000076293945,-0.6236474514007568,-0.3118237257003784,-37.182373046875,-4.289999961853027,0.9100000262260437,0.0,-12.789999961853027,-0.5770036578178406,0.7557490468025208,-15.425098419189453,-1.7000000476837158,-1.3799999952316284,-0.009999999776482582,12.699999809265137,0.9557534456253052,-1.1410616636276245,23.908832550048828,1.0,0.05999999865889549,-0.0,-11.550000190734863,-0.012454450130462646,-0.006227225065231323,-6.622722625732422,2.9600000381469727,1.0700000524520874,-0.009999999776482582,2.0199999809265137,0.8694645166397095,1.117366075515747,4.7516021728515625,-0.8999999761581421,-1.3700000047683716,-0.0,14.930000305175781,-0.8233967423439026,-1.5858491659164429,-21.584915161132812,1.0,-0.05000000074505806,0.029999999329447746,8.949999809265137,-0.06319867074489594,-0.03159933537244797,1.7950665950775146,-2.319999933242798,0.9300000071525574,-0.0,-13.84000015258789,0.23056957125663757,0.9576423764228821,2.7642369270324707,-1.7000000476837158,-1.3799999952316284,0.009999999776482582,11.9399995803833,-0.1528383493423462,-1.4182095527648926,-3.835955858230591,1.0,-0.029999999329447746,-0.009999999776482582,8.960000038146973,0.8217781782150269,0.4108890891075134,44.10390853881836,-1.2799999713897705,1.0800000429153442,-0.009999999776482582,0.949999988079071,0.5758482217788696,1.043962001800537,-3.588804006576538,-1.7000000476837158,-1.3700000047683716,0.009999999776482582,13.25,1.6495001316070557,-0.9676249623298645,40.222503662109375,1.0
5923,305339,0.0,0.0,0.0,0.05999999865889549,0.009999999776482582,-9.75,-0.6249454617500305,-0.31247273087501526,-37.262271881103516,-4.289999961853027,0.9100000262260437,-0.009999999776482582,-12.220000267028809,-0.5775314569473267,0.7556171417236328,-15.423288345336914,-1.7000000476837158,-1.3799999952316284,0.0,12.510000228881836,0.9575645923614502,-1.140608787536621,23.93912124633789,1.0,0.05999999865889549,0.009999999776482582,-11.5,-0.01251479983329773,-0.006257399916648865,-6.640739917755127,2.9600000381469727,1.0700000524520874,0.0,1.8799999952316284,0.8778166174888611,1.1194541454315186,4.945409297943115,-0.8999999761581421,-1.3700000047683716,-0.0,14.630000114440918,-0.8273544311523438,-1.5868386030197144,-21.683860778808594,1.0,-0.05000000074505806,-0.009999999776482582,8.859999656677246,-0.06155429035425186,-0.03077714517712593,1.9372855424880981,-2.319999933242798,0.9300000071525574,-0.0,-14.050000190734863,0.23034799098968506,0.9575870037078857,2.758699655532837,-1.7000000476837158,-1.3799999952316284,0.009999999776482582,11.34000015258789,-0.15259937942028046,-1.4181498289108276,-3.8299834728240967,1.0,-0.029999999329447746,-0.019999999552965164,9.670000076293945,0.8218899965286255,0.41094499826431274,44.1245002746582,-1.2799999713897705,1.0800000429153442,0.009999999776482582,0.5099999904632568,0.5744561553001404,1.0436140298843384,-3.6536014080047607,-1.7000000476837158,-1.3700000047683716,0.009999999776482582,12.09000015258789,1.649451732635498,-0.9676370620727539,40.22129440307617,1.0
5943,305643,0.0,0.0,0.0,0.05999999865889549,-0.009999999776482582,-9.399999618530273,-0.6235058903694153,-0.31175294518470764,-37.16029357910156,-4.289999961853027,0.9100000262260437,-0.009999999776482582,-12.199999809265137,-0.5775545835494995,0.7556113004684448,-15.423871994018555,-1.7000000476837158,-1.3799999952316284,0.0,12.960000038146973,0.9546042680740356,-1.141348958015442,23.86510467529297,1.0,0.05999999865889549,0.0,-11.680000305175781,-0.012202918529510498,-0.006101459264755249,-6.6101460456848145,2.9600000381469727,1.0700000524520874,-0.009999999776482582,1.440000057220459,0.8702198266983032,1.1175549030303955,4.770484924316406,-0.8999999761581421,-1.3700000047683716,-0.009999999776482582,14.420000076293945,-0.8245788216590881,-1.5861446857452393,-21.599468231201172,1.0,-0.05000000074505806,0.019999999552965164,9.029999732971191,-0.06322900950908661,-0.031614504754543304,1.8085496425628662,-2.319999933242798,0.9300000071525574,-0.0,-14.069999694824219,0.22917237877845764,0.9572930932044983,2.729308605194092,-1.7000000476837158,-1.3799999952316284,0.0,11.40999984741211,-0.15093791484832764,-1.4177345037460327,-3.7734508514404297,1.0,-0.029999999329447746,-0.0,9.239999771118164,0.8213164806365967,0.41065824031829834,44.06582260131836,-1.2799999713897705,1.0800000429153442,-0.0,1.2799999713897705,0.5755016207695007,1.0438753366470337,-3.6124706268310547,-1.7000000476837158,-1.3700000047683716,-0.0,12.15999984741211,1.6489417552947998,-0.9677645564079285,40.22354507446289,1.0
5963,305947,0.0,0.0,0.0,0.05999999865889549,-0.0,-9.569999694824219,-0.6244292855262756,-0.3122146427631378,-37.221466064453125,-4.289999961853027,0.9100000262260437,-0.009999999776482582,-12.050000190734863,-0.5772055387496948,0.755698561668396,-15.415145874023438,-1.7000000476837158,-1.3799999952316284,-0.0,12.699999809265137,0.9559085369110107,-1.1410229206085205,23.897706985473633,1.0,0.05999999865889549,-0.009999999776482582,-11.779999732971191,-0.011328920722007751,-0.005664460361003876,-6.551445484161377,2.9600000381469727,1.0700000524520874,-0.009999999776482582,1.1399999856948853,0.8745529055595398,1.1186381578445435,4.878810405731201,-0.8999999761581421,-1.3700000047683716,-0.009999999776482582,14.640000343322754,-0.8266829252243042,-1.5866707563400269,-21.652076721191406,1.0,-0.05000000074505806,-0.009999999776482582,8.449999809265137,-0.06210511922836304,-0.03105255961418152,1.909744143486023,-2.319999933242798,0.9300000071525574,0.009999999776482582,-13.84000015258789,0.22980424761772156,0.9574510455131531,2.7301037311553955,-1.7000000476837158,-1.3799999952316284,-0.009999999776482582,10.920000076293945,-0.14968903362751007,-1.4174222946166992,-3.7272298336029053,1.0,-0.029999999329447746,0.009999999776482582,9.579999923706055,0.8198999166488647,0.4099499583244324,43.97999572753906,-1.2799999713897705,1.0800000429153442,0.009999999776482582,1.0700000524520874,0.5757166743278503,1.043929100036621,-3.6220943927764893,-1.7000000476837158,-1.3700000047683716,-0.0,12.430000305175781,1.6498773097991943,-0.9675306677818298,40.24693298339844,1.0
5983,306251,0.0,0.0,0.0,0.05999999865889549,-0.019999999552965164,-9.460000038146973,-0.6226511001586914,-0.3113255500793457,-37.10255813598633,-4.289999961853027,0.9100000262260437,0.009999999776482582,-12.380000114440918,-0.5775842666625977,0.7556039094924927,-15.454611778259277,-1.7000000476837158,-1.3799999952316284,-0.0,12.220000267028809,0.9591217041015625,-1.1402195692062378,23.978042602539062,1.0,0.05999999865889549,-0.009999999776482582,-11.140000343322754,-0.012888789176940918,-0.006444394588470459,-6.629439830780029,2.9600000381469727,1.0700000524520874,0.0,1.2400000095367432,0.8713489770889282,1.1178371906280518,4.7837138175964355,-0.8999999761581421,-1.3700000047683716,-0.009999999776482582,13.289999961853027,-0.8248143196105957,-1.5862035751342773,-21.605358123779297,1.0,-0.05000000074505806,0.029999999329447746,8.979999542236328,-0.0640336126089096,-0.0320168063044548,1.753319501876831,-2.319999933242798,0.9300000071525574,0.0,-14.270000457763672,0.22918322682380676,0.9572957754135132,2.729576826095581,-1.7000000476837158,-1.3799999952316284,0.0,12.199999809265137,-0.15004126727581024,-1.4175102710723877,-3.7510275840759277,1.0,-0.029999999329447746,-0.019999999552965164,9.720000267028809,0.822832465171814,0.411416232585907,44.17162322998047,-1.2799999713897705,1.0800000429153442,-0.009999999776482582,0.8600000143051147,0.5757339596748352,1.0439335107803345,-3.5916531085968018,-1.7000000476837158,-1.3700000047683716,-0.009999999776482582,12.609999656677246,1.650054693222046,-0.9674863219261169,40.2663688659668,1.0
6023,306874,0.0,0.0,0.0,0.05999999865889549,0.009999999776482582,-9.9399995803833,-0.6233838200569153,-0.31169191002845764,-37.18418884277344,-4.289999961853027,0.9100000262260437,0.009999999776482582,-11.890000343322754,-0.5762827396392822,0.7559292912483215,-15.422074317932129,-1.7000000476837158,-1.3799999952316284,0.009999999776482582,13.170000076293945,0.9598370790481567,-1.1400407552719116,23.980924606323242,1.0,0.05999999865889549,0.009999999776482582,-11.65999984741211,-0.013125613331794739,-0.006562806665897369,-6.6712799072265625,2.9600000381469727,1.0700000524520874,0.0,1.0499999523162842,0.884512186050415,1.1211280822753906,5.112802982330322,-0.8999999761581421,-1.3700000047683716,0.0,13.449999809265137,-0.8299577832221985,-1.5874894857406616,-21.748947143554688,1.0,-0.05000000074505806,-0.009999999776482582,8.75,-0.0618542805314064,-0.0309271402657032,1.922286033630371,-2.319999933242798,0.9300000071525574,0.0,-14.210000038146973,0.2323881983757019,0.9580970406532288,2.8097033500671387,-1.7000000476837158,-1.3799999952316284,-0.009999999776482582,11.210000038146973,-0.15286652743816376,-1.418216586112976,-3.806658983230591,1.0,-0.029999999329447746,-0.009999999776482582,9.140000343322754,0.8226642608642578,0.4113321304321289,44.14821243286133,-1.2799999713897705,1.0800000429153442,-0.019999999552965164,1.2000000476837158,0.5779051780700684,1.0444762706756592,-3.5223772525787354,-1.7000000476837158,-1.3700000047683716,0.009999999776482582,12.489999771118164,1.6534247398376465,-0.9666438102722168,40.320621490478516,1.0
6043,307178,0.0,0.0,0.0,0.05999999865889549,0.019999999552965164,-8.920000076293945,-0.6259577870368958,-0.3129788935184479,-37.32788848876953,-4.289999961853027,0.9100000262260437,-0.0,-12.4399995803833,-0.5773389339447021,0.7556652426719666,-15.433478355407715,-1.7000000476837158,-1.3799999952316284,0.009999999776482582,13.949999809265137,0.9562824964523315,-1.1409293413162231,23.892066955566406,1.0,0.05999999865889549,-0.009999999776482582,-12.09000015258789,-0.012148559093475342,-0.006074279546737671,-6.592428207397461,2.9600000381469727,1.0700000524520874,0.009999999776482582,1.090000033378601,0.8813697695732117,1.1203423738479614,5.019232273101807,-0.8999999761581421,-1.3700000047683716,-0.009999999776482582,14.3100004196167,-0.830548882484436,-1.587637186050415,-21.74871826171875,1.0,-0.05000000074505806,0.009999999776482582,8.869999885559082,-0.0623241662979126,-0.0311620831489563,1.8687918186187744,-2.319999933242798,0.9300000071525574,0.009999999776482582,-14.119999885559082,0.23093152046203613,0.9577328562736511,2.7582848072052,-1.7000000476837158,-1.3799999952316284,-0.019999999552965164,11.59000015258789,-0.15481296181678772,-1.4187031984329224,-3.840320348739624,1.0,-0.029999999329447746,-0.009999999776482582,9.149999618530273,0.8229238986968994,0.4114619493484497,44.16119384765625,-1.2799999713897705,1.0800000429153442,0.019999999552965164,1.0399999618530273,0.5767320990562439,1.0441830158233643,-3.6117026805877686,-1.7000000476837158,-1.3700000047683716,-0.0,13.180000305175781,1.6533269882202148,-0.9666682481765747,40.33317565917969,1.0
6063,307482,0.0,0.0,0.0,0.05999999865889549,-0.009999999776482582,-9.119999885559082,-0.6239811778068542,-0.3119905889034271,-37.184059143066406,-4.289999961853027,0.9100000262260437,-0.0,-12.289999961853027,-0.5800304412841797,0.7549923658370972,-15.500765800476074,-1.7000000476837158,-1.3799999952316284,-0.0,12.779999732971191,0.9569166898727417,-1.1407707929611206,23.92292022705078,1.0,0.05999999865889549,-0.0,-11.65999984741211,-0.011947005987167358,-0.005973502993583679,-6.597350597381592,2.9600000381469727,1.0700000524520874,-0.0,1.5499999523162842,0.8797647953033447,1.119941234588623,4.9941182136535645,-0.8999999761581421,-1.3700000047683716,-0.0,13.90999984741211,-0.8275472521781921,-1.5868867635726929,-21.688674926757812,1.0,-0.05000000074505806,-0.009999999776482582,8.760000228881836,-0.06256494671106339,-0.03128247335553169,1.886752724647522,-2.319999933242798,0.9300000071525574,0.0,-14.140000343322754,0.23152843117713928,0.9578821063041687,2.788209915161133,-1.7000000476837158,-1.3799999952316284,-0.019999999552965164,11.40999984741211,-0.15057776868343353,-1.4176443815231323,-3.73443865776062,1.0,-0.029999999329447746,-0.009999999776482582,9.319999694824219,0.8222142457962036,0.4111071228981018,44.12571334838867,-1.2799999713897705,1.0800000429153442,-0.0,1.0099999904632568,0.5743871927261353,1.0435967445373535,-3.6403298377990723,-1.7000000476837158,-1.3700000047683716,0.0,13.829999923706055,1.64888334274292,-0.9677791595458984,40.222084045410156,1.0
6083,307786,0.0,0.0,0.0,0.05999999865889549,0.009999999776482582,-9.699999809265137,-0.6254064440727234,-0.3127032220363617,-37.28532028198242,-4.289999961853027,0.9100000262260437,-0.009999999776482582,-12.289999961853027,-0.5762791633605957,0.7559301853179932,-15.391983985900879,-1.7000000476837158,-1.3799999952316284,-0.009999999776482582,13.220000267028809,0.954318642616272,-1.1414203643798828,23.872962951660156,1.0,0.05999999865889549,-0.019999999552965164,-11.760000228881836,-0.01155775785446167,-0.005778878927230835,-6.547887802124023,2.9600000381469727,1.0700000524520874,-0.009999999776482582,1.5800000429153442,0.8710974454879761,1.1177743673324585,4.792431354522705,-0.8999999761581421,-1.3700000047683716,0.0,14.100000381469727,-0.825226902961731,-1.5863066911697388,-21.63066864013672,1.0,-0.05000000074505806,0.0,8.729999542236328,-0.062274686992168427,-0.031137343496084213,1.886265754699707,-2.319999933242798,0.9300000071525574,0.0,-13.970000267028809,0.22960862517356873,0.9574021100997925,2.7402102947235107,-1.7000000476837158,-1.3799999952316284,-0.009999999776482582,11.65999984741211,-0.15069220960140228,-1.4176729917526245,-3.7522995471954346,1.0,-0.029999999329447746,0.009999999776482582,9.460000038146973,0.8201918601989746,0.4100959300994873,43.99459457397461,-1.2799999713897705,1.0800000429153442,0.009999999776482582,1.2899999618530273,0.5760136246681213,1.0440033674240112,-3.6146676540374756,-1.7000000476837158,-1.3700000047683716,0.0,11.65999984741211,1.6511974334716797,-0.9672006368637085,40.279937744140625,1.0
6103,308090,0.0,0.0,0.0,0.05999999865889549,-0.0,-8.399999618530273,-0.6252264976501465,-0.31261324882507324,-37.26132583618164,-4.289999961853027,0.9100000262260437,-0.009999999776482582,-12.449999809265137,-0.5754275321960449,0.7561430931091309,-15.37069320678711,-1.7000000476837158,-1.3799999952316284,-0.009999999776482582,14.34000015258789,0.9580157995223999,-1.140496015548706,23.965396881103516,1.0,0.05999999865889549,-0.009999999776482582,-11.270000457763672,-0.012066982686519623,-0.006033491343259811,-6.588349342346191,2.9600000381469727,1.0700000524520874,0.009999999776482582,1.5299999713897705,0.8721716403961182,1.1180429458618164,4.789289474487305,-0.8999999761581421,-1.3700000047683716,-0.009999999776482582,13.329999923706055,-0.8251734972000122,-1.586293339729309,-21.614334106445312,1.0,-0.05000000074505806,-0.0,8.829999923706055,-0.06175471097230911,-0.030877355486154556,1.9122645854949951,-2.319999933242798,0.9300000071525574,0.009999999776482582,-14.40999984741211,0.22923126816749573,0.9573078155517578,2.715780735015869,-1.7000000476837158,-1.3799999952316284,0.0,11.710000038146973,-0.1515301913022995,-1.4178825616836548,-3.7882566452026367,1.0,-0.029999999329447746,0.009999999776482582,8.90999984741211,0.8197120428085327,0.40985602140426636,43.970603942871094,-1.2799999713897705,1.0800000429153442,0.009999999776482582,0.949999988079071,0.5759016871452332,1.0439753532409668,-3.617469072341919,-1.7000000476837158,-1.3700000047683716,-0.009999999776482582,12.6899995803833,1.652641773223877,-0.9668395519256592,40.3310432434082,1.0
6123,308394,0.0,0.0,0.0,0.05999999865889549,-0.009999999776482582,-9.609999656677246,-0.6235657930374146,-0.3117828965187073,-37.163291931152344,-4.289999961853027,0.9100000262260437,-0.0,-12.1899995803833,-0.5804125070571899,0.754896879196167,-15.51031494140625,-1.7000000476837158,-1.3799999952316284,-0.0,13.680000305175781,0.9538973569869995,-1.1415256261825562,23.847436904907227,1.0,0.05999999865889549,-0.0,-11.350000381469727,-0.011459916830062866,-0.005729958415031433,-6.572996139526367,2.9600000381469727,1.0700000524520874,0.0,0.8100000023841858,0.8729126453399658,1.1182281970977783,4.822814464569092,-0.8999999761581421,-1.3700000047683716,-0.009999999776482582,14.800000190734863,-0.8262797594070435,-1.586569905281067,-21.641990661621094,1.0,-0.05000000074505806,0.009999999776482582,8.859999656677246,-0.06350988894701004,-0.03175494447350502,1.809505581855774,-2.319999933242798,0.9300000071525574,0.0,-14.15999984741211,0.22982004284858704,0.9574549794197083,2.745497226715088,-1.7000000476837158,-1.3799999952316284,-0.009999999776482582,11.390000343322754,-0.14920592308044434,-1.4173014163970947,-3.715142011642456,1.0,-0.029999999329447746,-0.0,9.289999961853027,0.8218586444854736,0.4109293222427368,44.092933654785156,-1.2799999713897705,1.0800000429153442,0.0,0.8299999833106995,0.5740532279014587,1.043513298034668,-3.648674488067627,-1.7000000476837158,-1.3700000047683716,0.009999999776482582,13.800000190734863,1.6463894844055176,-0.968402624130249,40.144737243652344,1.0
6143,308698,0.0,0.0,0.0,0.05999999865889549,0.009999999776482582,-9.800000190734863,-0.6257798075675964,-0.3128899037837982,-37.30398941040039,-4.289999961853027,0.9100000262260437,-0.0,-12.380000114440918,-0.5808358192443848,0.7547910213470459,-15.52090072631836,-1.7000000476837158,-1.3799999952316284,0.009999999776482582,14.390000343322754,0.9552507400512695,-1.141187310218811,23.866268157958984,1.0,0.05999999865889549,-0.0,-11.489999771118164,-0.011240102350711823,-0.005620051175355911,-6.562005043029785,2.9600000381469727,1.0700000524520874,-0.009999999776482582,1.600000023841858,0.8842793107032776,1.1210697889328003,5.121973514556885,-0.8999999761581421,-1.3700000047683716,0.019999999552965164,13.880000114440918,-0.8302236795425415,-1.5875558853149414,-21.78558921813965,1.0,-0.05000000074505806,-0.0,8.420000076293945,-0.061892636120319366,-0.030946318060159683,1.9053683280944824,-2.319999933242798,0.9300000071525574,0.009999999776482582,-13.90999984741211,0.23147812485694885,0.9578695297241211,2.7719521522521973,-1.7000000476837158,-1.3799999952316284,0.009999999776482582,11.119999885559082,-0.15427711606025696,-1.4185693264007568,-3.8719332218170166,1.0,-0.029999999329447746,-0.009999999776482582,9.4399995803833,0.822607159614563,0.4113035798072815,44.14535903930664,-1.2799999713897705,1.0800000429153442,0.009999999776482582,1.2599999904632568,0.575326144695282,1.043831467628479,-3.6318576335906982,-1.7000000476837158,-1.3700000047683716,-0.009999999776482582,13.039999961853027,1.6514062881469727,-0.9671484231948853,40.30015563964844,1.0
6183,309321,0.0,0.0,0.0,0.05999999865889549,0.009999999776482582,-9.729999542236328,-0.6260750889778137,-0.31303754448890686,-37.31875228881836,-4.289999961853027,0.9100000262260437,-0.009999999776482582,-12.199999809265137,-0.5747244358062744,0.7563188672065735,-15.353116035461426,-1.7000000476837158,-1.3799999952316284,-0.0,14.369999885559082,0.9563765525817871,-1.1409058570861816,23.909414291381836,1.0,0.05999999865889549,-0.029999999329447746,-11.079999923706055,-0.011663705110549927,-0.005831852555274963,-6.5381855964660645,2.9600000381469727,1.0700000524520874,-0.0,1.8300000429153442,0.8752880692481995,1.1188219785690308,4.882192611694336,-0.8999999761581421,-1.3700000047683716,-0.0,14.6899995803833,-0.8271074295043945,-1.586776852607727,-21.677684783935547,1.0,-0.05000000074505806,0.0,8.5600004196167,-0.06174854189157486,-0.03087427094578743,1.912572979927063,-2.319999933242798,0.9300000071525574,0.009999999776482582,-14.109999656677246,0.22928619384765625,0.9573215246200562,2.717151641845703,-1.7000000476837158,-1.3799999952316284,-0.0,12.050000190734863,-0.15376196801662445,-1.4184404611587524,-3.8440465927124023,1.0,-0.029999999329447746,-0.0,9.260000228881836,0.82004714012146,0.41002357006073,44.002357482910156,-1.2799999713897705,1.0800000429153442,0.0,0.8500000238418579,0.577250063419342,1.0443124771118164,-3.568756580352783,-1.7000000476837158,-1.3700000047683716,0.0,13.350000381469727,1.6505420207977295,-0.967364490032196,40.2635498046875,1.0
6202,309610,0.0,0.0,0.0,0.05999999865889549,0.009999999776482582,-9.680000305175781,-0.6249808669090271,-0.31249043345451355,-37.264041900634766,-4.289999961853027,0.9100000262260437,-0.009999999776482582,-12.069999694824219,-0.5786034464836121,0.7553490996360779,-15.450092315673828,-1.7000000476837158,-1.3799999952316284,-0.0,12.460000038146973,0.9541157484054565,-1.141471028327942,23.85289764404297,1.0,0.05999999865889549,-0.009999999776482582,-11.670000076293945,-0.01099899411201477,-0.005499497056007385,-6.534950256347656,2.9600000381469727,1.0700000524520874,-0.009999999776482582,1.5199999809265137,0.8804067969322205,1.1201016902923584,5.025163650512695,-0.8999999761581421,-1.3700000047683716,-0.0,14.149999618530273,-0.8295000791549683,-1.5873750448226929,-21.737503051757812,1.0,-0.05000000074505806,0.019999999552965164,8.760000228881836,-0.06280369311571121,-0.031401846557855606,1.82981538772583,-2.319999933242798,0.9300000071525574,0.009999999776482582,-14.09000015258789,0.23118892312049866,0.9577972292900085,2.7647221088409424,-1.7000000476837158,-1.3799999952316284,-0.009999999776482582,10.770000457763672,-0.15340910851955414,-1.4183522462844849,-3.8202250003814697,1.0,-0.029999999329447746,0.009999999776482582,9.229999542236328,0.8218988180160522,0.4109494090080261,44.07994079589844,-1.2799999713897705,1.0800000429153442,-0.0,0.9800000190734863,0.5765084028244019,1.044127106666565,-3.5872936248779297,-1.7000000476837158,-1.3700000047683716,0.0,12.449999809265137,1.6506152153015137,-0.96734619140625,40.265380859375,1.0
6222,309914,0.0,0.0,0.0,0.05999999865889549,-0.009999999776482582,-9.229999542236328,-0.6233090758323669,-0.31165453791618347,-37.150455474853516,-4.289999961853027,0.9100000262260437,-0.019999999552965164,-12.220000267028809,-0.5762125253677368,0.7559468746185303,-15.37531566619873,-1.7000000476837158,-1.3799999952316284,0.0,12.84000015258789,0.9545799493789673,-1.141355037689209,23.8644962310791,1.0,0.05999999865889549,0.0,-11.6899995803833,-0.011899396777153015,-0.005949698388576508,-6.594969272613525,2.9600000381469727,1.0700000524520874,-0.019999999552965164,1.5399999618530273,0.8735924959182739,1.1183980703353882,4.869801998138428,-0.8999999761581421,-1.3700000047683716,0.0,13.789999961853027,-0.8249942064285278,-1.586248517036438,-21.62485122680664,1.0,-0.05000000074505806,0.0,8.6899995803833,-0.06226956844329834,-0.03113478422164917,1.8865216970443726,-2.319999933242798,0.9300000071525574,-0.0,-14.079999923706055,0.23043078184127808,0.9576076865196228,2.760767936706543,-1.7000000476837158,-1.3799999952316284,0.0,11.270000457763672,-0.15160025656223297,-1.4179000854492188,-3.790009021759033,1.0,-0.029999999329447746,0.009999999776482582,9.670000076293945,0.8203070163726807,0.41015350818634033,44.00035095214844,-1.2799999713897705,1.0800000429153442,-0.0,1.4700000286102295,0.5757569670677185,1.043939232826233,-3.606081008911133,-1.7000000476837158,-1.3700000047683716,0.0,12.079999923706055,1.6491062641143799,-0.9677234292030334,40.227657318115234,1.0
6242,310218,0.0,0.0,0.0,0.05999999865889549,-0.009999999776482582,-9.609999656677246,-0.6254077553749084,-0.3127038776874542,-37.25539016723633,-4.289999961853027,0.9100000262260437,0.019999999552965164,-12.100000381469727,-0.5813792943954468,0.754655122756958,-15.56449031829834,-1.7000000476837158,-1.3799999952316284,-0.0,13.199999809265137,0.9560874700546265,-1.1409780979156494,23.902189254760742,1.0,0.05999999865889549,-0.019999999552965164,-11.359999656677246,-0.011878833174705505,-0.005939416587352753,-6.56394100189209,2.9600000381469727,1.0700000524520874,0.0,1.2100000381469727,0.875114917755127,1.1187787055969238,4.877865314483643,-0.8999999761581421,-1.3700000047683716,-0.0,14.0,-0.8260619640350342,-1.5865154266357422,-21.65154266357422,1.0,-0.05000000074505806,-0.019999999552965164,8.880000114440918,-0.062303997576236725,-0.031151998788118362,1.9148001670837402,-2.319999933242798,0.9300000071525574,-0.019999999552965164,-13.960000038146973,0.23133724927902222,0.9578343033790588,2.813429594039917,-1.7000000476837158,-1.3799999952316284,-0.009999999776482582,11.210000038146973,-0.1490119993686676,-1.417253017425537,-3.7103021144866943,1.0,-0.029999999329447746,0.0,9.510000228881836,0.8207893371582031,0.41039466857910156,44.039466857910156,-1.2799999713897705,1.0800000429153442,0.009999999776482582,1.0700000524520874,0.57334303855896,1.0433356761932373,-3.681436777114868,-1.7000000476837158,-1.3700000047683716,0.0,13.260000228881836,1.647456407546997,-0.9681358933448792,40.1864128112793,1.0
6262,310522,0.0,0.0,0.0,0.05999999865889549,0.0,-9.199999809265137,-0.6258882284164429,-0.31294411420822144,-37.294410705566406,-4.289999961853027,0.9100000262260437,0.0,-12.479999542236328,-0.5790683031082153,0.7552329301834106,-15.476709365844727,-1.7000000476837158,-1.3799999952316284,0.009999999776482582,13.140000343322754,0.9554052352905273,-1.1411486864089966,23.870132446289062,1.0,0.05999999865889549,-0.009999999776482582,-11.4399995803833,-0.011349238455295563,-0.005674619227647781,-6.552462100982666,2.9600000381469727,1.0700000524520874,0.009999999776482582,1.3200000524520874,0.8790013790130615,1.1197502613067627,4.960021018981934,-0.8999999761581421,-1.3700000047683716,0.0,13.949999809265137,-0.8289691209793091,-1.5872422456741333,-21.724224090576172,1.0,-0.05000000074505806,0.0,8.789999961853027,-0.06179212033748627,-0.030896060168743134,1.9103940725326538,-2.319999933242798,0.9300000071525574,0.009999999776482582,-13.90999984741211,0.23061594367027283,0.9576539397239685,2.7503931522369385,-1.7000000476837158,-1.3799999952316284,0.0,11.390000343322754,-0.15323881804943085,-1.4183096885681152,-3.8309693336486816,1.0,-0.029999999329447746,0.019999999552965164,9.770000457763672,0.8207429647445679,0.41037148237228394,44.00714874267578,-1.2799999713897705,1.0800000429153442,0.009999999776482582,0.6100000143051147,0.5760586261749268,1.0440146923065186,-3.613535165786743,-1.7000000476837158,-1.3700000047683716,-0.0,12.819999694824219,1.6512348651885986,-0.9671912789344788,40.2808723449707,1.0
6282,310826,0.0,0.0,0.0,0.05999999865889549,-0.0,-9.520000457763672,-0.6234044432640076,-0.3117022216320038,-37.170223236083984,-4.289999961853027,0.9100000262260437,-0.0,-12.4399995803833,-0.5750384330749512,0.7562403678894043,-15.37596607208252,-1.7000000476837158,-1.3799999952316284,-0.009999999776482582,12.550000190734863,0.9559602737426758,-1.1410099267959595,23.914005279541016,1.0,0.05999999865889549,0.019999999552965164,-11.619999885559082,-0.012536361813545227,-0.0062681809067726135,-6.65681791305542,2.9600000381469727,1.0700000524520874,0.0,0.9900000095367432,0.8751341104507446,1.1187834739685059,4.878342151641846,-0.8999999761581421,-1.3700000047683716,0.009999999776482582,14.15999984741211,-0.8247948884963989,-1.5861986875534058,-21.634868621826172,1.0,-0.05000000074505806,-0.019999999552965164,8.739999771118164,-0.0602751150727272,-0.0301375575363636,2.016244411468506,-2.319999933242798,0.9300000071525574,-0.009999999776482582,-14.270000457763672,0.23221918940544128,0.958054780960083,2.8204774856567383,-1.7000000476837158,-1.3799999952316284,-0.0,11.239999771118164,-0.15212877094745636,-1.418032169342041,-3.8032174110412598,1.0,-0.029999999329447746,0.03999999910593033,9.449999809265137,0.817976713180542,0.408988356590271,43.83883285522461,-1.2799999713897705,1.0800000429153442,0.009999999776482582,1.0399999618530273,0.5761715769767761,1.0440428256988525,-3.6107218265533447,-1.7000000476837158,-1.3700000047683716,-0.009999999776482582,13.149999618530273,1.6520390510559082,-0.9669902324676514,40.315975189208984,1.0
6302,311130,0.0,0.0,0.0,0.05999999865889549,-0.009999999776482582,-9.260000228881836,-0.6236135959625244,-0.3118067979812622,-37.165679931640625,-4.289999961853027,0.9100000262260437,-0.009999999776482582,-12.550000190734863,-0.576860249042511,0.7557849287986755,-15.406509399414062,-1.7000000476837158,-1.3799999952316284,0.009999999776482582,11.859999656677246,0.9579358100891113,-1.1405160427093506,23.933395385742188,1.0,0.05999999865889549,0.009999999776482582,-11.649999618530273,-0.012157417833805084,-0.006078708916902542,-6.622870445251465,2.9600000381469727,1.0700000524520874,0.019999999552965164,1.3600000143051147,0.8889655470848083,1.1222413778305054,5.194132328033447,-0.8999999761581421,-1.3700000047683716,0.0,14.279999732971191,-0.8335428237915039,-1.5883857011795044,-21.83856964111328,1.0,-0.05000000074505806,0.009999999776482582,8.899999618530273,-0.06202683597803116,-0.03101341798901558,1.8836582899093628,-2.319999933242798,0.9300000071525574,0.0,-13.979999542236328,0.23252242803573608,0.9581305980682373,2.813059091567993,-1.7000000476837158,-1.3799999952316284,0.009999999776482582,11.010000228881836,-0.1552373617887497,-1.4188092947006226,-3.895930051803589,1.0,-0.029999999329447746,0.019999999552965164,9.550000190734863,0.8230189085006714,0.4115094542503357,44.12094497680664,-1.2799999713897705,1.0800000429153442,-0.0,0.7799999713897705,0.57761150598526,1.044402837753296,-3.559720516204834,-1.7000000476837158,-1.3700000047683716,0.0,12.829999923706055,1.6550967693328857,-0.966225802898407,40.377418518066406,1.0
6322,311434,0.0,0.0,0.0,0.05999999865889549,-0.009999999776482582,-9.600000381469727,-0.6239395141601562,-0.3119697570800781,-37.181976318359375,-4.289999961853027,0.9100000262260437,0.0,-12.210000038146973,-0.5793243646621704,0.7551689147949219,-15.483111381530762,-1.7000000476837158,-1.3799999952316284,-0.0,12.479999542236328,0.9555463790893555,-1.1411134004592896,23.888660430908203,1.0,0.05999999865889549,-0.019999999552965164,-11.6899995803833,-0.011836901307106018,-0.005918450653553009,-6.561844348907471,2.9600000381469727,1.0700000524520874,0.009999999776482582,1.8300000429153442,0.8796533346176147,1.1199133396148682,4.9763288497924805,-0.8999999761581421,-1.3700000047683716,-0.0,13.960000038146973,-0.8297725319862366,-1.5874431133270264,-21.74431037902832,1.0,-0.05000000074505806,-0.009999999776482582,8.569999694824219,-0.06291275471448898,-0.03145637735724449,1.8693623542785645,-2.319999933242798,0.9300000071525574,-0.019999999552965164,-14.09000015258789,0.23182877898216248,0.9579571485519409,2.825714111328125,-1.7000000476837158,-1.3799999952316284,-0.009999999776482582,12.020000457763672,-0.15040086209774017,-1.417600154876709,-3.745015859603882,1.0,-0.029999999329447746,0.0,9.079999923706055,0.8225657939910889,0.41128289699554443,44.12828826904297,-1.2799999713897705,1.0800000429153442,0.0,0.949999988079071,0.5748350024223328,1.0437086820602417,-3.629136085510254,-1.7000000476837158,-1.3700000047683716,0.009999999776482582,13.399999618530273,1.6483831405639648,-0.9679042100906372,40.194580078125,1.0
6342,311738,0.0,0.0,0.0,0.05999999865889549,-0.0,-9.399999618530273,-0.6241133213043213,-0.31205666065216064,-37.205665588378906,-4.289999961853027,0.9100000262260437,0.0,-12.100000381469727,-0.578376293182373,0.7554059028625488,-15.459412574768066,-1.7000000476837158,-1.3799999952316284,-0.009999999776482582,12.170000076293945,0.9574062824249268,-1.140648365020752,23.950162887573242,1.0,0.05999999865889549,-0.009999999776482582,-11.520000457763672,-0.012923777103424072,-0.006461888551712036,-6.631189346313477,2.9600000381469727,1.0700000524520874,0.0,2.0,0.8702214360237122,1.1175553798675537,4.755532741546631,-0.8999999761581421,-1.3700000047683716,-0.009999999776482582,14.789999961853027,-0.8238370418548584,-1.5859591960906982,-21.58091926574707,1.0,-0.05000000074505806,0.0,9.050000190734863,-0.0627693310379982,-0.0313846655189991,1.861533522605896,-2.319999933242798,0.9300000071525574,-0.009999999776482582,-14.050000190734863,0.229746013879776,0.9574365019798279,2.7586495876312256,-1.7000000476837158,-1.3799999952316284,0.009999999776482582,11.630000114440918,-0.1513998657464981,-1.4178500175476074,-3.800002336502075,1.0,-0.029999999329447746,-0.029999999329447746,9.149999618530273,0.8225373029708862,0.4112686514854431,44.1718635559082,-1.2799999713897705,1.0800000429153442,0.0,1.159999966621399,0.5736328959465027,1.0434081554412842,-3.659188747406006,-1.7000000476837158,-1.3700000047683716,0.019999999552965164,12.930000305175781,1.646874189376831,-0.9682814478874207,40.1418571472168,1.0
6362,312042,0.0,0.0,0.0,0.05999999865889549,0.019999999552965164,-9.220000267028809,-0.6257339715957642,-0.3128669857978821,-37.31669616699219,-4.289999961853027,0.9100000262260437,-0.0,-12.34000015258789,-0.5775961875915527,0.7556009292602539,-15.439909934997559,-1.7000000476837158,-1.3799999952316284,0.009999999776482582,12.289999961853027,0.9554544687271118,-1.1411364078521729,23.87135887145996,1.0,0.05999999865889549,-0.019999999552965164,-11.680000305175781,-0.011998623609542847,-0.005999311804771423,-6.5699310302734375,2.9600000381469727,1.0700000524520874,0.009999999776482582,1.5399999618530273,0.8785337209701538,1.119633436203003,4.948338508605957,-0.8999999761581421,-1.3700000047683716,0.0,14.40999984741211,-0.8292605876922607,-1.5873150825500488,-21.731508255004883,1.0,-0.05000000074505806,-0.009999999776482582,9.130000114440918,-0.06231827288866043,-0.031159136444330215,1.899086356163025,-2.319999933242798,0.9300000071525574,-0.009999999776482582,-13.819999694824219,0.23116081953048706,0.957790195941925,2.7940189838409424,-1.7000000476837158,-1.3799999952316284,-0.0,11.489999771118164,-0.15143471956253052,-1.4178587198257446,-3.785872459411621,1.0,-0.029999999329447746,-0.009999999776482582,8.979999542236328,0.8220525979995728,0.4110262989997864,44.11763000488281,-1.2799999713897705,1.0800000429153442,0.0,0.7699999809265137,0.5761882662773132,1.0440469980239868,-3.595304489135742,-1.7000000476837158,-1.3700000047683716,0.019999999552965164,12.640000343322754,1.6504755020141602,-0.9673811197280884,40.23188781738281,1.0
6382,312346,0.0,0.0,0.0,0.05999999865889549,0.009999999776482582,-9.40999984741211,-0.6235162019729614,-0.3117581009864807,-37.19081115722656,-4.289999961853027,0.9100000262260437,-0.009999999776482582,-11.979999542236328,-0.5761669278144836,0.7559582591056824,-15.389176368713379,-1.7000000476837158,-1.3799999952316284,0.0,12.430000305175781,0.9536526203155518,-1.1415867805480957,23.84132194519043,1.0,0.05999999865889549,0.009999999776482582,-11.149999618530273,-0.011842906475067139,-0.005921453237533569,-6.607145309448242,2.9600000381469727,1.0700000524520874,-0.0,1.3600000143051147,0.8771499395370483,1.1192874908447266,4.928743839263916,-0.8999999761581421,-1.3700000047683716,-0.0,13.569999694824219,-0.8281071782112122,-1.587026834487915,-21.702682495117188,1.0,-0.05000000074505806,0.009999999776482582,8.800000190734863,-0.06232719123363495,-0.031163595616817474,1.8686405420303345,-2.319999933242798,0.9300000071525574,-0.0,-13.920000076293945,0.23120397329330444,0.9578009843826294,2.780097723007202,-1.7000000476837158,-1.3799999952316284,0.0,11.15999984741211,-0.1530740112066269,-1.4182684421539307,-3.8268446922302246,1.0,-0.029999999329447746,0.009999999776482582,9.020000457763672,0.8210705518722534,0.4105352759361267,44.03852844238281,-1.2799999713897705,1.0800000429153442,-0.009999999776482582,1.090000033378601,0.5780858397483826,1.044521450996399,-3.5328590869903564,-1.7000000476837158,-1.3700000047683716,0.0,11.710000038146973,1.650346040725708,-0.9674134850502014,40.25865173339844,1.0
6402,312650,0.0,0.0,0.0,0.05999999865889549,0.009999999776482582,-9.670000076293945,-0.6244248747825623,-0.31221243739128113,-37.236244201660156,-4.289999961853027,0.9100000262260437,0.0,-12.380000114440918,-0.5764174461364746,0.7558956146240234,-15.410441398620605,-1.7000000476837158,-1.3799999952316284,-0.0,12.869999885559082,0.9548066854476929,-1.1412982940673828,23.87017059326172,1.0,0.05999999865889549,0.0,-11.489999771118164,-0.011951521039009094,-0.005975760519504547,-6.597575664520264,2.9600000381469727,1.0700000524520874,-0.0,1.5199999809265137,0.8766552209854126,1.1191637516021729,4.916369915008545,-0.8999999761581421,-1.3700000047683716,-0.009999999776482582,14.229999542236328,-0.8276798725128174,-1.5869200229644775,-21.677001953125,1.0,-0.05000000074505806,-0.0,9.020000457763672,-0.06199203431606293,-0.030996017158031464,1.9003983736038208,-2.319999933242798,0.9300000071525574,-0.009999999776482582,-14.100000381469727,0.23148533701896667,0.9578713178634644,2.802131175994873,-1.7000000476837158,-1.3799999952316284,0.0,10.350000381469727,-0.1526198387145996,-1.4181549549102783,-3.8154959678649902,1.0,-0.029999999329447746,0.019999999552965164,9.390000343322754,0.8207259178161621,0.41036295890808105,44.00629806518555,-1.2799999713897705,1.0800000429153442,-0.019999999552965164,1.340000033378601,0.5777966380119324,1.0444490909576416,-3.525095224380493,-1.7000000476837158,-1.3700000047683716,0.0,13.9399995803833,1.6513276100158691,-0.9671680927276611,40.2831916809082,1.0
6422,312954,0.0,0.0,0.0,0.05999999865889549,0.019999999552965164,-9.680000305175781,-0.6261591911315918,-0.3130795955657959,-37.33795928955078,-4.289999961853027,0.9100000262260437,0.009999999776482582,-12.25,-0.5770076513290405,0.7557480335235596,-15.440199851989746,-1.7000000476837158,-1.3799999952316284,-0.009999999776482582,13.819999694824219,0.9585696458816528,-1.1403576135635376,23.979236602783203,1.0,0.05999999865889549,-0.019999999552965164,-11.399999618530273,-0.012686669826507568,-0.006343334913253784,-6.604333400726318,2.9600000381469727,1.0700000524520874,-0.0,1.3200000524520874,0.8797212839126587,1.1199302673339844,4.993021488189697,-0.8999999761581421,-1.3700000047683716,-0.0,14.130000114440918,-0.8286383152008057,-1.5871596336364746,-21.71596336364746,1.0,-0.05000000074505806,0.009999999776482582,8.920000076293945,-0.06294789910316467,-0.031473949551582336,1.8376051187515259,-2.319999933242798,0.9300000071525574,-0.009999999776482582,-14.420000076293945,0.23151850700378418,0.9578796029090881,2.802959680557251,-1.7000000476837158,-1.3799999952316284,0.0,11.010000228881836,-0.1531451791524887,-1.4182863235473633,-3.8286328315734863,1.0,-0.029999999329447746,-0.029999999329447746,9.819999694824219,0.8241946697235107,0.41209733486175537,44.254730224609375,-1.2799999713897705,1.0800000429153442,-0.0,1.3799999952316284,0.5778000354766846,1.044450044631958,-3.554999828338623,-1.7000000476837158,-1.3700000047683716,-0.009999999776482582,13.359999656677246,1.6537201404571533,-0.9665699601173401,40.35800552368164,1.0
6462,313577,0.0,0.0,0.0,0.05999999865889549,0.009999999776482582,-9.460000038146973,-0.6239778399467468,-0.3119889199733734,-37.213890075683594,-4.289999961853027,0.9100000262260437,-0.009999999776482582,-12.279999732971191,-0.5776342749595642,0.7555913925170898,-15.425863265991211,-1.7000000476837158,-1.3799999952316284,0.0,12.15999984741211,0.9535716772079468,-1.1416070461273193,23.83929443359375,1.0,0.05999999865889549,0.009999999776482582,-11.640000343322754,-0.011607959866523743,-0.005803979933261871,-6.595397472381592,2.9600000381469727,1.0700000524520874,-0.009999999776482582,2.0899999141693115,0.870651125907898,1.117662787437439,4.781273365020752,-0.8999999761581421,-1.3700000047683716,-0.009999999776482582,14.210000038146973,-0.8236361742019653,-1.5859090089797974,-21.57590103149414,1.0,-0.05000000074505806,0.0,8.5,-0.0626722052693367,-0.03133610263466835,1.8663897514343262,-2.319999933242798,0.9300000071525574,0.0,-14.220000267028809,0.23038581013679504,0.9575964212417603,2.759641408920288,-1.7000000476837158,-1.3799999952316284,-0.009999999776482582,11.890000343322754,-0.1477196216583252,-1.4169299602508545,-3.6779963970184326,1.0,-0.029999999329447746,0.0,9.220000267028809,0.8198971748352051,0.40994858741760254,43.99485778808594,-1.2799999713897705,1.0800000429153442,0.009999999776482582,1.090000033378601,0.5731884837150574,1.0432970523834229,-3.6852991580963135,-1.7000000476837158,-1.3700000047683716,0.009999999776482582,12.470000267028809,1.6465394496917725,-0.9683651328086853,40.14848709106445,1.0
6481,313866,0.0,0.0,0.0,0.05999999865889549,0.0,-9.619999885559082,-0.6243653297424316,-0.3121826648712158,-37.218265533447266,-4.289999961853027,0.9100000262260437,0.0,-12.170000076293945,-0.5761824250221252,0.755954384803772,-15.404563903808594,-1.7000000476837158,-1.3799999952316284,0.0,12.289999961853027,0.956453800201416,-1.1408865451812744,23.911344528198242,1.0,0.05999999865889549,-0.009999999776482582,-11.5,-0.011630415916442871,-0.0058152079582214355,-6.566521167755127,2.9600000381469727,1.0700000524520874,0.009999999776482582,1.1399999856948853,0.8765476942062378,1.119136929512024,4.898687839508057,-0.8999999761581421,-1.3700000047683716,0.009999999776482582,13.529999732971191,-0.8278364539146423,-1.5869591236114502,-21.71091079711914,1.0,-0.05000000074505806,-0.009999999776482582,8.5600004196167,-0.06184668838977814,-0.03092334419488907,1.9226655960083008,-2.319999933242798,0.9300000071525574,-0.009999999776482582,-13.890000343322754,0.23087188601493835,0.9577179551124573,2.786794900894165,-1.7000000476837158,-1.3799999952316284,-0.0,11.5,-0.14922268688678741,-1.4173057079315186,-3.7305712699890137,1.0,-0.029999999329447746,0.029999999329447746,9.25,0.8197073936462402,0.4098536968231201,43.940372467041016,-1.2799999713897705,1.0800000429153442,0.009999999776482582,0.8700000047683716,0.575824499130249,1.0439560413360596,-3.6194002628326416,-1.7000000476837158,-1.3700000047683716,-0.0,12.760000228881836,1.6519818305969238,-0.9670045375823975,40.29954528808594,1.0
6501,314170,0.0,0.0,0.0,0.05999999865889549,0.009999999776482582,-8.960000038146973,-0.6261864900588989,-0.31309324502944946,-37.32432556152344,-4.289999961853027,0.9100000262260437,-0.009999999776482582,-12.539999961853027,-0.5773909091949463,0.7556522488594055,-15.419777870178223,-1.7000000476837158,-1.3799999952316284,0.009999999776482582,12.779999732971191,0.9572542905807495,-1.1406863927841187,23.91636085510254,1.0,0.05999999865889549,-0.009999999776482582,-11.199999809265137,-0.011959142982959747,-0.005979571491479874,-6.5829572677612305,2.9600000381469727,1.0700000524520874,0.009999999776482582,1.3700000047683716,0.8808053731918335,1.1202013492584229,5.005129814147949,-0.8999999761581421,-1.3700000047683716,-0.0,14.359999656677246,-0.8290045261383057,-1.5872511863708496,-21.72511863708496,1.0,-0.05000000074505806,0.0,8.609999656677246,-0.06185326725244522,-0.03092663362622261,1.907336711883545,-2.319999933242798,0.9300000071525574,0.0,-14.199999809265137,0.23141688108444214,0.9578542113304138,2.7854204177856445,-1.7000000476837158,-1.3799999952316284,0.009999999776482582,12.130000114440918,-0.15168334543704987,-1.4179208278656006,-3.8070833683013916,1.0,-0.029999999329447746,0.009999999776482582,9.630000114440918,0.8216195106506348,0.4108097553253174,44.065975189208984,-1.2799999713897705,1.0800000429153442,0.009999999776482582,0.8799999952316284,0.5764153599739075,1.0441038608551025,-3.6046183109283447,-1.7000000476837158,-1.3700000047683716,-0.009999999776482582,12.899999618530273,1.652590274810791,-0.9668524265289307,40.32975769042969,1.0
6521,314474,0.0,0.0,0.0,0.05999999865889549,-0.009999999776482582,-9.729999542236328,-0.6250674724578857,-0.31253373622894287,-37.238372802734375,-4.289999961853027,0.9100000262260437,-0.009999999776482582,-12.199999809265137,-0.5763999223709106,0.7559000253677368,-15.394999504089355,-1.7000000476837158,-1.3799999952316284,-0.009999999776482582,12.630000114440918,0.9584207534790039,-1.1403948068618774,23.97551727294922,1.0,0.05999999865889549,-0.009999999776482582,-11.09000015258789,-0.012609973549842834,-0.006304986774921417,-6.615498065948486,2.9600000381469727,1.0700000524520874,-0.009999999776482582,0.8500000238418579,0.8828519582748413,1.1207129955291748,5.086294174194336,-0.8999999761581421,-1.3700000047683716,0.009999999776482582,14.4399995803833,-0.8292578458786011,-1.587314486503601,-21.746448516845703,1.0,-0.05000000074505806,-0.0,8.680000305175781,-0.06195016950368881,-0.030975084751844406,1.902491569519043,-2.319999933242798,0.9300000071525574,-0.019999999552965164,-14.100000381469727,0.23146462440490723,0.9578661322593689,2.816612482070923,-1.7000000476837158,-1.3799999952316284,0.009999999776482582,11.3100004196167,-0.15146715939044952,-1.417866826057434,-3.801683187484741,1.0,-0.029999999329447746,0.009999999776482582,9.319999694824219,0.8226897716522217,0.41134488582611084,44.11948776245117,-1.2799999713897705,1.0800000429153442,-0.0,1.090000033378601,0.5765944123268127,1.044148564338684,-3.5851478576660156,-1.7000000476837158,-1.3700000047683716,0.0,13.109999656677246,1.6530239582061768,-0.9667440056800842,40.325599670410156,1.0
6541,314778,0.0,0.0,0.0,0.05999999865889549,-0.0,-9.510000228881836,-0.6253820657730103,-0.3126910328865051,-37.26910400390625,-4.289999961853027,0.9100000262260437,0.009999999776482582,-12.109999656677246,-0.5775295495986938,0.755617618560791,-15.453241348266602,-1.7000000476837158,-1.3799999952316284,0.0,14.680000305175781,0.9576442241668701,-1.1405889987945557,23.941099166870117,1.0,0.05999999865889549,-0.029999999329447746,-11.680000305175781,-0.012148499488830566,-0.006074249744415283,-6.562425136566162,2.9600000381469727,1.0700000524520874,0.0,1.0499999523162842,0.8783486485481262,1.1195871829986572,4.958713054656982,-0.8999999761581421,-1.3700000047683716,-0.009999999776482582,14.479999542236328,-0.8271671533584595,-1.586791753768921,-21.664175033569336,1.0,-0.05000000074505806,-0.029999999329447746,8.9399995803833,-0.06140178442001343,-0.030700892210006714,1.974910855293274,-2.319999933242798,0.9300000071525574,0.009999999776482582,-13.770000457763672,0.22917523980140686,0.9572938084602356,2.7143800258636475,-1.7000000476837158,-1.3799999952316284,-0.009999999776482582,11.6899995803833,-0.15399323403835297,-1.4184982776641846,-3.8348281383514404,1.0,-0.029999999329447746,-0.009999999776482582,9.4399995803833,0.8205946683883667,0.41029733419418335,44.04473114013672,-1.2799999713897705,1.0800000429153442,0.0,0.75,0.5767190456390381,1.0441796779632568,-3.5820364952087402,-1.7000000476837158,-1.3700000047683716,0.0,12.920000076293945,1.6498067378997803,-0.9675483107566833,40.24517059326172,1.0
6560,315067,0.0,0.0,0.0,0.05999999865889549,-0.0,-9.5600004196167,-0.6240109205245972,-0.3120054602622986,-37.20054626464844,-4.289999961853027,0.9100000262260437,0.009999999776482582,-12.140000343322754,-0.577296257019043,0.7556759119033813,-15.44741153717041,-1.7000000476837158,-1.3799999952316284,0.019999999552965164,13.069999694824219,0.959003210067749,-1.140249252319336,23.9450740814209,1.0,0.05999999865889549,0.019999999552965164,-11.640000343322754,-0.013282380998134613,-0.0066411904990673065,-6.694118976593018,2.9600000381469727,1.0700000524520874,0.009999999776482582,0.9900000095367432,0.8828250765800476,1.1207062005996704,5.055614948272705,-0.8999999761581421,-1.3700000047683716,-0.009999999776482582,14.5,-0.8296450972557068,-1.5874112844467163,-21.72612762451172,1.0,-0.05000000074505806,0.009999999776482582,8.800000190734863,-0.06204330176115036,-0.03102165088057518,1.882835030555725,-2.319999933242798,0.9300000071525574,-0.0,-13.710000038146973,0.23124268651008606,0.957810640335083,2.7810633182525635,-1.7000000476837158,-1.3799999952316284,0.009999999776482582,10.920000076293945,-0.15551933646202087,-1.4188798666000366,-3.902987241744995,1.0,-0.029999999329447746,-0.009999999776482582,9.600000381469727,0.8234900236129761,0.41174501180648804,44.18949890136719,-1.2799999713897705,1.0800000429153442,-0.009999999776482582,1.7000000476837158,0.5785959362983704,1.0446490049362183,-3.520103693008423,-1.7000000476837158,-1.3700000047683716,-0.009999999776482582,13.300000190734863,1.6540675163269043,-0.9664831161499023,40.3666877746582,1.0
6580,315386,0.0,0.0,0.0,0.05999999865889549,0.0,-9.489999771118164,-0.6239875555038452,-0.3119937777519226,-37.199378967285156,-4.289999961853027,0.9100000262260437,-0.0,-12.319999694824219,-0.5771657824516296,0.7557085156440735,-15.42915153503418,-1.7000000476837158,-1.3799999952316284,0.009999999776482582,13.149999618530273,0.9551091194152832,-1.1412227153778076,23.862728118896484,1.0,0.05999999865889549,-0.009999999776482582,-11.710000038146973,-0.012006446719169617,-0.006003223359584808,-6.58532190322876,2.9600000381469727,1.0700000524520874,-0.009999999776482582,1.6799999475479126,0.8700839281082153,1.1175209283828735,4.767087459564209,-0.8999999761581421,-1.3700000047683716,-0.0,13.430000305175781,-0.8240358233451843,-1.586008906364441,-21.60089111328125,1.0,-0.05000000074505806,0.0,8.789999961853027,-0.06209931522607803,-0.031049657613039017,1.8950343132019043,-2.319999933242798,0.9300000071525574,0.009999999776482582,-14.390000343322754,0.22921812534332275,0.9573044776916504,2.715446949005127,-1.7000000476837158,-1.3799999952316284,-0.0,11.619999885559082,-0.15184475481510162,-1.4179612398147583,-3.7961244583129883,1.0,-0.029999999329447746,0.009999999776482582,9.489999771118164,0.819815993309021,0.4099079966545105,43.975799560546875,-1.2799999713897705,1.0800000429153442,0.0,0.6600000262260437,0.5760775208473206,1.044019341468811,-3.5980701446533203,-1.7000000476837158,-1.3700000047683716,-0.0,12.1899995803833,1.649357795715332,-0.9676605463027954,40.23394775390625,1.0
6600,315690,0.0,0.0,0.0,0.05999999865889549,-0.0,-9.359999656677246,-0.6240527033805847,-0.31202635169029236,-37.20263671875,-4.289999961853027,0.9100000262260437,-0.009999999776482582,-12.010000228881836,-0.5780802965164185,0.7554799318313599,-15.43700885772705,-1.7000000476837158,-1.3799999952316284,0.009999999776482582,12.289999961853027,0.9576174020767212,-1.1405956745147705,23.925432205200195,1.0,0.05999999865889549,0.019999999552965164,-11.489999771118164,-0.01269858330488205,-0.006349291652441025,-6.664929389953613,2.9600000381469727,1.0700000524520874,-0.0,2.009999990463257,0.8812083005905151,1.1203020811080933,5.030202865600586,-0.8999999761581421,-1.3700000047683716,-0.0,13.569999694824219,-0.8276454210281372,-1.5869113206863403,-21.691131591796875,1.0,-0.05000000074505806,-0.009999999776482582,8.6899995803833,-0.062283955514431,-0.0311419777572155,1.9008022546768188,-2.319999933242798,0.9300000071525574,-0.019999999552965164,-14.109999656677246,0.23256811499595642,0.9581419825553894,2.8441975116729736,-1.7000000476837158,-1.3799999952316284,-0.0,11.649999618530273,-0.14948265254497528,-1.4173706769943237,-3.7370681762695312,1.0,-0.029999999329447746,-0.009999999776482582,8.710000038146973,0.8229105472564697,0.41145527362823486,44.160526275634766,-1.2799999713897705,1.0800000429153442,0.009999999776482582,1.2699999809265137,0.5738868117332458,1.0434716939926147,-3.667834997177124,-1.7000000476837158,-1.3700000047683716,0.009999999776482582,13.890000343322754,1.651447057723999,-0.9671382308006287,40.27117919921875,1.0
6620,315994,0.0,0.0,0.0,0.05999999865889549,-0.0,-9.550000190734863,-0.6243905425071716,-0.3121952712535858,-37.21952819824219,-4.289999961853027,0.9100000262260437,0.009999999776482582,-12.399999618530273,-0.5784740447998047,0.7553814649581909,-15.476856231689453,-1.7000000476837158,-1.3799999952316284,-0.0,14.680000305175781,0.9564768075942993,-1.140880823135376,23.911916732788086,1.0,0.05999999865889549,-0.0,-11.729999542236328,-0.011755280196666718,-0.005877640098333359,-6.587763786315918,2.9600000381469727,1.0700000524520874,0.009999999776482582,1.5099999904632568,0.8828486800193787,1.120712161064148,5.056210994720459,-0.8999999761581421,-1.3700000047683716,0.0,14.0600004196167,-0.8321660161018372,-1.5880415439605713,-21.804153442382812,1.0,-0.05000000074505806,0.019999999552965164,8.899999618530273,-0.06312531977891922,-0.03156265988945961,1.8137340545654297,-2.319999933242798,0.9300000071525574,-0.019999999552965164,-14.289999961853027,0.2327192723751068,0.958179771900177,2.8479764461517334,-1.7000000476837158,-1.3799999952316284,-0.0,11.729999542236328,-0.15053614974021912,-1.4176340103149414,-3.763401508331299,1.0,-0.029999999329447746,0.009999999776482582,9.069999694824219,0.8233011960983276,0.4116505980491638,44.15005874633789,-1.2799999713897705,1.0800000429153442,0.0,0.8100000023841858,0.5778359174728394,1.0444589853286743,-3.554105758666992,-1.7000000476837158,-1.3700000047683716,-0.009999999776482582,12.819999694824219,1.6544592380523682,-0.9663851857185364,40.37648010253906,1.0
6640,316298,0.0,0.0,0.0,0.05999999865889549,0.009999999776482582,-9.800000190734863,-0.6249843835830688,-0.3124921917915344,-37.264217376708984,-4.289999961853027,0.9100000262260437,0.009999999776482582,-12.079999923706055,-0.5771378874778748,0.7557154893875122,-15.443453788757324,-1.7000000476837158,-1.3799999952316284,-0.0,13.4399995803833,0.9575234651565552,-1.140619158744812,23.93808364868164,1.0,0.05999999865889549,-0.0,-11.390000343322754,-0.012508586049079895,-0.0062542930245399475,-6.625428676605225,2.9600000381469727,1.0700000524520874,0.0,1.2699999809265137,0.8745651841163635,1.1186412572860718,4.8641204833984375,-0.8999999761581421,-1.3700000047683716,-0.009999999776482582,14.210000038146973,-0.8264120817184448,-1.586603045463562,-21.645305633544922,1.0,-0.05000000074505806,-0.009999999776482582,8.609999656677246,-0.06208552420139313,-0.031042762100696564,1.9107238054275513,-2.319999933242798,0.9300000071525574,-0.009999999776482582,-14.050000190734863,0.23099765181541443,0.9577493667602539,2.789936065673828,-1.7000000476837158,-1.3799999952316284,-0.009999999776482582,11.59000015258789,-0.14936380088329315,-1.4173409938812256,-3.719099760055542,1.0,-0.029999999329447746,-0.0,9.789999961853027,0.8212531805038452,0.4106265902519226,44.062660217285156,-1.2799999713897705,1.0800000429153442,-0.0,0.800000011920929,0.5767002701759338,1.0441750288009644,-3.5825014114379883,-1.7000000476837158,-1.3700000047683716,-0.009999999776482582,13.229999542236328,1.6509687900543213,-0.9672577977180481,40.28921890258789,1.0
6660,316602,0.0,0.0,0.0,0.05999999865889549,-0.009999999776482582,-9.5,-0.6239364147186279,-0.31196820735931396,-37.181819915771484,-4.289999961853027,0.9100000262260437,0.0,-12.149999618530273,-0.5769482851028442,0.7557629346847534,-15.42370891571045,-1.7000000476837158,-1.3799999952316284,0.0,11.800000190734863,0.9606530666351318,-1.1398367881774902,24.016321182250977,1.0,0.05999999865889549,-0.009999999776482582,-11.380000114440918,-0.01281198114156723,-0.006405990570783615,-6.625598907470703,2.9600000381469727,1.0700000524520874,-0.0,0.8600000143051147,0.8782486915588379,1.1195621490478516,4.956209659576416,-0.8999999761581421,-1.3700000047683716,0.019999999552965164,13.680000305175781,-0.8268874287605286,-1.5867218971252441,-21.702190399169922,1.0,-0.05000000074505806,-0.009999999776482582,8.59000015258789,-0.06250865757465363,-0.03125432878732681,1.8895671367645264,-2.319999933242798,0.9300000071525574,0.0,-14.069999694824219,0.23103809356689453,0.9577594995498657,2.775949239730835,-1.7000000476837158,-1.3799999952316284,-0.009999999776482582,12.149999618530273,-0.1504662036895752,-1.417616605758667,-3.7466609477996826,1.0,-0.029999999329447746,-0.019999999552965164,9.260000228881836,0.8227574825286865,0.41137874126434326,44.16787338256836,-1.2799999713897705,1.0800000429153442,-0.0,0.7699999809265137,0.5760089755058289,1.0440021753311157,-3.5997867584228516,-1.7000000476837158,-1.3700000047683716,-0.009999999776482582,12.609999656677246,1.651954174041748,-0.9670114517211914,40.3138542175293,1.0
6680,316906,0.0,0.0,0.0,0.05999999865889549,0.019999999552965164,-9.359999656677246,-0.6254590749740601,-0.31272953748703003,-37.30295181274414,-4.289999961853027,0.9100000262260437,-0.009999999776482582,-12.050000190734863,-0.5745102763175964,0.7563723921775818,-15.347763061523438,-1.7000000476837158,-1.3799999952316284,-0.0,12.010000228881836,0.9581825733184814,-1.1404542922973633,23.954570770263672,1.0,0.05999999865889549,0.0,-11.529999732971191,-0.012693747878074646,-0.006346873939037323,-6.6346869468688965,2.9600000381469727,1.0700000524520874,0.009999999776482582,1.559999942779541,0.8851391077041626,1.1212847232818604,5.113467216491699,-0.8999999761581421,-1.3700000047683716,0.009999999776482582,14.569999694824219,-0.8319954872131348,-1.587998867034912,-21.81488609313965,1.0,-0.05000000074505806,0.0,8.949999809265137,-0.06136681139469147,-0.030683405697345734,1.931659460067749,-2.319999933242798,0.9300000071525574,-0.0,-14.270000457763672,0.2310057282447815,0.9577513933181763,2.7751386165618896,-1.7000000476837158,-1.3799999952316284,0.0,11.34000015258789,-0.15371474623680115,-1.418428659439087,-3.8428664207458496,1.0,-0.029999999329447746,0.0,9.350000381469727,0.8227782249450684,0.4113891124725342,44.138912200927734,-1.2799999713897705,1.0800000429153442,-0.0,0.8399999737739563,0.5785341858863831,1.0446335077285767,-3.536653518676758,-1.7000000476837158,-1.3700000047683716,0.0,12.59000015258789,1.6545686721801758,-0.9663578271865845,40.364219665527344,1.0
6700,317210,0.0,0.0,0.0,0.05999999865889549,0.009999999776482582,-9.84000015258789,-0.6248713731765747,-0.31243568658828735,-37.258567810058594,-4.289999961853027,0.9100000262260437,0.019999999552965164,-12.289999961853027,-0.5804044604301453,0.7548988461494446,-15.540118217468262,-1.7000000476837158,-1.3799999952316284,0.009999999776482582,12.3100004196167,0.956323504447937,-1.1409190893173218,23.893091201782227,1.0,0.05999999865889549,-0.0,-11.539999961853027,-0.012142360210418701,-0.006071180105209351,-6.607118129730225,2.9600000381469727,1.0700000524520874,0.009999999776482582,1.3899999856948853,0.879042387008667,1.119760513305664,4.96104621887207,-0.8999999761581421,-1.3700000047683716,-0.009999999776482582,14.300000190734863,-0.8286644220352173,-1.5871660709381104,-21.70160675048828,1.0,-0.05000000074505806,-0.019999999552965164,8.680000305175781,-0.061185650527477264,-0.030592825263738632,1.9707175493240356,-2.319999933242798,0.9300000071525574,0.009999999776482582,-14.210000038146973,0.2308143675327301,0.9577035903930664,2.7553582191467285,-1.7000000476837158,-1.3799999952316284,-0.009999999776482582,11.789999961853027,-0.15303780138492584,-1.4182595014572144,-3.810950517654419,1.0,-0.029999999329447746,0.009999999776482582,9.649999618530273,0.82098388671875,0.410491943359375,44.03419494628906,-1.2799999713897705,1.0800000429153442,0.019999999552965164,1.0299999713897705,0.5739833116531372,1.043495774269104,-3.680426836013794,-1.7000000476837158,-1.3700000047683716,0.009999999776482582,13.010000228881836,1.649827003479004,-0.9675432443618774,40.230674743652344,1.0
6721,317529,0.0,0.0,0.0,0.05999999865889549,0.009999999776482582,-9.3100004196167,-0.6247605681419373,-0.31238028407096863,-37.253028869628906,-4.289999961853027,0.9100000262260437,0.009999999776482582,-12.399999618530273,-0.5776677131652832,0.7555830478668213,-15.456698417663574,-1.7000000476837158,-1.3799999952316284,0.0,12.510000228881836,0.9612852334976196,-1.139678716659546,24.032127380371094,1.0,0.05999999865889549,-0.0,-11.899999618530273,-0.013049915432929993,-0.006524957716464996,-6.652495384216309,2.9600000381469727,1.0700000524520874,0.009999999776482582,1.2799999713897705,0.8942254781723022,1.12355637550354,5.340632438659668,-0.8999999761581421,-1.3700000047683716,0.009999999776482582,14.59000015258789,-0.834967851638794,-1.5887420177459717,-21.88920021057129,1.0,-0.05000000074505806,-0.0,8.789999961853027,-0.0620005801320076,-0.0310002900660038,1.8999710083007812,-2.319999933242798,0.9300000071525574,0.0,-13.90999984741211,0.23327741026878357,0.9583193063735962,2.831929922103882,-1.7000000476837158,-1.3799999952316284,-0.009999999776482582,12.609999656677246,-0.15651391446590424,-1.41912841796875,-3.8978421688079834,1.0,-0.029999999329447746,-0.019999999552965164,9.229999542236328,0.8254733085632324,0.4127366542816162,44.30366516113281,-1.2799999713897705,1.0800000429153442,0.009999999776482582,0.8999999761581421,0.5776188969612122,1.0444047451019287,-3.5745298862457275,-1.7000000476837158,-1.3700000047683716,-0.0,13.34000015258789,1.6562995910644531,-0.9659250974655151,40.40748977661133,1.0
6741,317833,0.0,0.0,0.0,0.05999999865889549,0.009999999776482582,-9.34000015258789,-0.6249479055404663,-0.31247395277023315,-37.262393951416016,-4.289999961853027,0.9100000262260437,0.0,-12.260000228881836,-0.577890157699585,0.7555274367332458,-15.447258949279785,-1.7000000476837158,-1.3799999952316284,0.009999999776482582,12.619999885559082,0.9570189714431763,-1.1407452821731567,23.910472869873047,1.0,0.05999999865889549,-0.0,-11.460000038146973,-0.012008830904960632,-0.006004415452480316,-6.600440979003906,2.9600000381469727,1.0700000524520874,-0.0,1.1799999475479126,0.8816745281219482,1.1204185485839844,5.041849613189697,-0.8999999761581421,-1.3700000047683716,0.0,14.40999984741211,-0.8289781808853149,-1.5872445106506348,-21.724451065063477,1.0,-0.05000000074505806,-0.009999999776482582,9.020000457763672,-0.061273179948329926,-0.030636589974164963,1.9513410329818726,-2.319999933242798,0.9300000071525574,0.009999999776482582,-13.899999618530273,0.23091274499893188,0.9577281475067139,2.7578139305114746,-1.7000000476837158,-1.3799999952316284,0.0,12.430000305175781,-0.15491002798080444,-1.4187275171279907,-3.8727521896362305,1.0,-0.029999999329447746,0.009999999776482582,9.609999656677246,0.8209967613220215,0.41049838066101074,44.03483963012695,-1.2799999713897705,1.0800000429153442,-0.0,0.9900000095367432,0.5765398740768433,1.0441349744796753,-3.5865068435668945,-1.7000000476837158,-1.3700000047683716,-0.009999999776482582,13.0,1.651540994644165,-0.9671147465705872,40.303524017333984,1.0
6761,318137,0.0,0.0,0.0,0.05999999865889549,-0.0,-9.819999694824219,-0.6228954195976257,-0.31144770979881287,-37.144771575927734,-4.289999961853027,0.9100000262260437,-0.0,-12.229999542236328,-0.5745311975479126,0.7563672065734863,-15.363282203674316,-1.7000000476837158,-1.3799999952316284,0.009999999776482582,11.729999542236328,0.9590924978256226,-1.1402268409729004,23.962316513061523,1.0,0.05999999865889549,-0.0,-11.6899995803833,-0.013675704598426819,-0.006837852299213409,-6.683784484863281,2.9600000381469727,1.0700000524520874,0.009999999776482582,1.6299999952316284,0.8720760345458984,1.1180189847946167,4.786893367767334,-0.8999999761581421,-1.3700000047683716,-0.009999999776482582,14.5600004196167,-0.8246098160743713,-1.58615243434906,-21.600242614746094,1.0,-0.05000000074505806,-0.009999999776482582,8.729999542236328,-0.06160677969455719,-0.030803389847278595,1.9346610307693481,-2.319999933242798,0.9300000071525574,-0.0,-13.649999618530273,0.22977325320243835,0.9574432969093323,2.7443289756774902,-1.7000000476837158,-1.3799999952316284,-0.0,11.270000457763672,-0.15242768824100494,-1.4181069135665894,-3.8106918334960938,1.0,-0.029999999329447746,0.0,9.430000305175781,0.8210628032684326,0.4105314016342163,44.053138732910156,-1.2799999713897705,1.0800000429153442,-0.019999999552965164,0.8899999856948853,0.5782721638679504,1.0445680618286133,-3.513198137283325,-1.7000000476837158,-1.3700000047683716,-0.009999999776482582,13.270000457763672,1.6521532535552979,-0.966961681842804,40.31883239746094,1.0
6781,318442,0.0,0.0,0.0,0.05999999865889549,0.009999999776482582,-9.84000015258789,-0.6228370070457458,-0.3114185035228729,-37.1568489074707,-4.289999961853027,0.9100000262260437,-0.009999999776482582,-12.050000190734863,-0.5746070146560669,0.7563482522964478,-15.350176811218262,-1.7000000476837158,-1.3799999952316284,-0.009999999776482582,12.6899995803833,0.9576725959777832,-1.1405818462371826,23.95681381225586,1.0,0.05999999865889549,0.009999999776482582,-11.069999694824219,-0.012846767902374268,-0.006423383951187134,-6.657338619232178,2.9600000381469727,1.0700000524520874,0.0,1.7100000381469727,0.872118353843689,1.1180295944213867,4.802954196929932,-0.8999999761581421,-1.3700000047683716,0.0,13.850000381469727,-0.8254681825637817,-1.5863670110702515,-21.636699676513672,1.0,-0.05000000074505806,0.019999999552965164,8.75,-0.06249567121267319,-0.031247835606336594,1.8452165126800537,-2.319999933242798,0.9300000071525574,0.0,-14.09000015258789,0.231013685464859,0.9577534198760986,2.775341272354126,-1.7000000476837158,-1.3799999952316284,-0.009999999776482582,11.65999984741211,-0.15222463011741638,-1.4180561304092407,-3.7906134128570557,1.0,-0.029999999329447746,0.009999999776482582,9.239999771118164,0.8218555450439453,0.41092777252197266,44.07777786254883,-1.2799999713897705,1.0800000429153442,-0.0,1.100000023841858,0.5771704316139221,1.0442925691604614,-3.5707473754882812,-1.7000000476837158,-1.3700000047683716,0.0,13.630000114440918,1.6536803245544434,-0.9665799140930176,40.342010498046875,1.0
6801,318746,0.0,0.0,0.0,0.05999999865889549,0.0,-9.100000381469727,-0.6235499978065491,-0.31177499890327454,-37.1775016784668,-4.289999961853027,0.9100000262260437,0.009999999776482582,-12.430000305175781,-0.5798807740211487,0.7550297975540161,-15.512022972106934,-1.7000000476837158,-1.3799999952316284,0.009999999776482582,13.390000343322754,0.9572964906692505,-1.1406759023666382,23.917409896850586,1.0,0.05999999865889549,0.009999999776482582,-11.5,-0.01229829341173172,-0.00614914670586586,-6.629914283752441,2.9600000381469727,1.0700000524520874,0.0,1.7999999523162842,0.8767725229263306,1.1191930770874023,4.919302463531494,-0.8999999761581421,-1.3700000047683716,-0.009999999776482582,14.25,-0.826928973197937,-1.586732268333435,-21.658226013183594,1.0,-0.05000000074505806,0.009999999776482582,9.0,-0.06239611655473709,-0.031198058277368546,1.8651942014694214,-2.319999933242798,0.9300000071525574,0.019999999552965164,-14.34000015258789,0.2301509976387024,0.9575377106666565,2.7237703800201416,-1.7000000476837158,-1.3799999952316284,0.009999999776482582,11.880000114440918,-0.1540963500738144,-1.4185240268707275,-3.867403268814087,1.0,-0.029999999329447746,-0.009999999776482582,9.100000381469727,0.8221769332885742,0.4110884666442871,44.12384796142578,-1.2799999713897705,1.0800000429153442,0.009999999776482582,0.7900000214576721,0.5747721195220947,1.0436930656433105,-3.645697832107544,-1.7000000476837158,-1.3700000047683716,-0.0,12.170000076293945,1.6499361991882324,-0.9675159454345703,40.24840545654297,1.0
6821,319050,0.0,0.0,0.0,0.05999999865889549,-0.0,-9.539999961853027,-0.6245577335357666,-0.3122788667678833,-37.22788619995117,-4.289999961853027,0.9100000262260437,0.009999999776482582,-12.100000381469727,-0.5792379379272461,0.7551904916763306,-15.495953559875488,-1.7000000476837158,-1.3799999952316284,0.0,12.850000381469727,0.9547054767608643,-1.1413235664367676,23.867643356323242,1.0,0.05999999865889549,-0.019999999552965164,-11.59000015258789,-0.011787444353103638,-0.005893722176551819,-6.559372425079346,2.9600000381469727,1.0700000524520874,-0.009999999776482582,1.3700000047683716,0.8725146055221558,1.1181286573410034,4.827860355377197,-0.8999999761581421,-1.3700000047683716,0.0,13.789999961853027,-0.8242779970169067,-1.5860694646835327,-21.606945037841797,1.0,-0.05000000074505806,0.009999999776482582,8.510000228881836,-0.06302202492952347,-0.031511012464761734,1.833898901939392,-2.319999933242798,0.9300000071525574,-0.009999999776482582,-13.920000076293945,0.23115140199661255,0.957787811756134,2.793780565261841,-1.7000000476837158,-1.3799999952316284,-0.0,11.029999732971191,-0.1515486091375351,-1.4178870916366577,-3.7887096405029297,1.0,-0.029999999329447746,0.0,8.989999771118164,0.8213552236557007,0.41067761182785034,44.0677604675293,-1.2799999713897705,1.0800000429153442,-0.009999999776482582,1.100000023841858,0.576077401638031,1.044019341468811,-3.5830700397491455,-1.7000000476837158,-1.3700000047683716,0.009999999776482582,13.640000343322754,1.649430274963379,-0.9676424264907837,40.22075653076172,1.0
6841,319369,0.0,0.0,0.0,0.05999999865889549,0.019999999552965164,-9.380000114440918,-0.6243152618408203,-0.31215763092041016,-37.24576187133789,-4.289999961853027,0.9100000262260437,0.009999999776482582,-12.380000114440918,-0.5780728459358215,0.7554817795753479,-15.466824531555176,-1.7000000476837158,-1.3799999952316284,0.009999999776482582,12.65999984741211,0.9564851522445679,-1.140878677368164,23.897132873535156,1.0,0.05999999865889549,-0.0,-11.300000190734863,-0.011947274208068848,-0.005973637104034424,-6.5973639488220215,2.9600000381469727,1.0700000524520874,-0.0,1.4800000190734863,0.8837373852729797,1.1209343671798706,5.09343147277832,-0.8999999761581421,-1.3700000047683716,-0.0,14.5600004196167,-0.8306807279586792,-1.5876702070236206,-21.76702117919922,1.0,-0.05000000074505806,-0.009999999776482582,8.84000015258789,-0.06137703359127045,-0.030688516795635223,1.94614839553833,-2.319999933242798,0.9300000071525574,0.0,-14.369999885559082,0.2330114245414734,0.9582528471946716,2.825284004211426,-1.7000000476837158,-1.3799999952316284,0.009999999776482582,11.399999618530273,-0.1532944291830063,-1.4183236360549927,-3.8473641872406006,1.0,-0.029999999329447746,0.009999999776482582,9.279999732971191,0.8215517997741699,0.41077589988708496,44.062591552734375,-1.2799999713897705,1.0800000429153442,-0.009999999776482582,0.6600000262260437,0.5772310495376587,1.0443077087402344,-3.5542333126068115,-1.7000000476837158,-1.3700000047683716,0.0,12.6899995803833,1.652780294418335,-0.9668049216270447,40.31950759887695,1.0
6861,319673,0.0,0.0,0.0,0.05999999865889549,0.009999999776482582,-9.5,-0.6250876188278198,-0.3125438094139099,-37.269378662109375,-4.289999961853027,0.9100000262260437,-0.009999999776482582,-12.550000190734863,-0.5750617980957031,0.7562345266342163,-15.361549377441406,-1.7000000476837158,-1.3799999952316284,0.009999999776482582,13.100000381469727,0.9555166959762573,-1.1411207914352417,23.872920989990234,1.0,0.05999999865889549,-0.029999999329447746,-11.5,-0.01185663789510727,-0.005928318947553635,-6.5478315353393555,2.9600000381469727,1.0700000524520874,0.009999999776482582,1.0399999618530273,0.8711546659469604,1.1177886724472046,4.763862133026123,-0.8999999761581421,-1.3700000047683716,-0.009999999776482582,14.170000076293945,-0.825974702835083,-1.586493730545044,-21.63437271118164,1.0,-0.05000000074505806,0.009999999776482582,8.630000114440918,-0.06282620131969452,-0.03141310065984726,1.843690037727356,-2.319999933242798,0.9300000071525574,-0.0,-14.069999694824219,0.2294827401638031,0.9573706388473511,2.73706316947937,-1.7000000476837158,-1.3799999952316284,-0.0,11.380000114440918,-0.1517172008752823,-1.4179292917251587,-3.7929296493530273,1.0,-0.029999999329447746,0.0,9.319999694824219,0.8212791681289673,0.41063958406448364,44.06395721435547,-1.2799999713897705,1.0800000429153442,-0.009999999776482582,1.1100000143051147,0.5778145790100098,1.0444536209106445,-3.539642095565796,-1.7000000476837158,-1.3700000047683716,0.0,12.529999732971191,1.650559663772583,-0.9673600792884827,40.26399230957031,1.0
6881,319977,0.0,0.0,0.0,0.05999999865889549,0.009999999776482582,-9.630000114440918,-0.6236260533332825,-0.31181302666664124,-37.1963005065918,-4.289999961853027,0.9100000262260437,0.0,-12.34000015258789,-0.5773385763168335,0.7556653022766113,-15.433472633361816,-1.7000000476837158,-1.3799999952316284,0.009999999776482582,11.699999809265137,0.9558173418045044,-1.1410456895828247,23.88043212890625,1.0,0.05999999865889549,0.009999999776482582,-11.739999771118164,-0.012240350246429443,-0.006120175123214722,-6.627017498016357,2.9600000381469727,1.0700000524520874,0.0,1.4199999570846558,0.8811469078063965,1.1202867031097412,5.028665065765381,-0.8999999761581421,-1.3700000047683716,-0.0,14.109999656677246,-0.8306413888931274,-1.587660312652588,-21.76603126525879,1.0,-0.05000000074505806,0.029999999329447746,8.5,-0.06345777213573456,-0.03172888606786728,1.7821115255355835,-2.319999933242798,0.9300000071525574,-0.009999999776482582,-14.039999961853027,0.23201659321784973,0.9580041170120239,2.81541109085083,-1.7000000476837158,-1.3799999952316284,-0.0,11.069999694824219,-0.15162555873394012,-1.417906403541565,-3.7906408309936523,1.0,-0.029999999329447746,-0.0,9.25,0.8235127925872803,0.41175639629364014,44.17564010620117,-1.2799999713897705,1.0800000429153442,0.0,0.8399999737739563,0.5765500664710999,1.0441374778747559,-3.586256504058838,-1.7000000476837158,-1.3700000047683716,0.0,13.079999923706055,1.6540563106536865,-0.9664859175682068,40.351409912109375,1.0
6901,320281,0.0,0.0,0.0,0.05999999865889549,0.0,-9.539999961853027,-0.622719407081604,-0.311359703540802,-37.13597106933594,-4.289999961853027,0.9100000262260437,0.0,-11.369999885559082,-0.5763654708862305,0.7559086084365845,-15.409141540527344,-1.7000000476837158,-1.3799999952316284,0.0,13.109999656677246,0.9586194753646851,-1.1403450965881348,23.965490341186523,1.0,0.05999999865889549,0.019999999552965164,-12.100000381469727,-0.013007715344429016,-0.006503857672214508,-6.680385589599609,2.9600000381469727,1.0700000524520874,-0.0,2.0999999046325684,0.8803572654724121,1.1200892925262451,5.0089240074157715,-0.8999999761581421,-1.3700000047683716,0.0,13.65999984741211,-0.8269827365875244,-1.5867457389831543,-21.67457389831543,1.0,-0.05000000074505806,-0.009999999776482582,9.020000457763672,-0.06070450693368912,-0.03035225346684456,1.9797747135162354,-2.319999933242798,0.9300000071525574,0.009999999776482582,-14.029999732971191,0.2313413918018341,0.95783531665802,2.76853084564209,-1.7000000476837158,-1.3799999952316284,0.009999999776482582,12.569999694824219,-0.15481488406658173,-1.4187036752700806,-3.8853681087493896,1.0,-0.029999999329447746,0.009999999776482582,9.4399995803833,0.8198730945587158,0.4099365472793579,43.97865676879883,-1.2799999713897705,1.0800000429153442,0.019999999552965164,1.0399999618530273,0.5737258791923523,1.0434314012527466,-3.686864137649536,-1.7000000476837158,-1.3700000047683716,-0.0,13.930000305175781,1.6527833938598633,-0.9668041467666626,40.31958770751953,1.0
6920,320570,0.0,0.0,0.0,0.05999999865889549,-0.0,-9.130000114440918,-0.6241583824157715,-0.31207919120788574,-37.20792007446289,-4.289999961853027,0.9100000262260437,0.0,-12.869999885559082,-0.5813112854957581,0.7546721696853638,-15.532785415649414,-1.7000000476837158,-1.3799999952316284,-0.0,11.890000343322754,0.9513987302780151,-1.1421502828598022,23.784971237182617,1.0,0.05999999865889549,0.019999999552965164,-11.5600004196167,-0.010942786931991577,-0.005471393465995789,-6.577139854431152,2.9600000381469727,1.0700000524520874,-0.009999999776482582,1.559999942779541,0.8749004006385803,1.118725061416626,4.887500762939453,-0.8999999761581421,-1.3700000047683716,0.0,14.529999732971191,-0.82536780834198,-1.5863419771194458,-21.634197235107422,1.0,-0.05000000074505806,0.009999999776482582,8.579999923706055,-0.062263086438179016,-0.031131543219089508,1.8718457221984863,-2.319999933242798,0.9300000071525574,0.0,-13.930000305175781,0.23204055428504944,0.9580101370811462,2.8010129928588867,-1.7000000476837158,-1.3799999952316284,0.009999999776482582,12.15999984741211,-0.15201424062252045,-1.4180035591125488,-3.815356492996216,1.0,-0.029999999329447746,0.019999999552965164,9.579999923706055,0.8193976879119873,0.40969884395599365,43.939884185791016,-1.2799999713897705,1.0800000429153442,0.019999999552965164,0.75,0.571509063243866,1.042877197265625,-3.7422845363616943,-1.7000000476837158,-1.3700000047683716,0.009999999776482582,12.199999809265137,1.6465826034545898,-0.968354344367981,40.149566650390625,1.0
6940,320874,0.0,0.0,0.0,0.05999999865889549,0.0,-9.760000228881836,-0.6239906549453735,-0.31199532747268677,-37.19953155517578,-4.289999961853027,0.9100000262260437,-0.009999999776482582,-12.09000015258789,-0.5771273374557495,0.7557181119918823,-15.413190841674805,-1.7000000476837158,-1.3799999952316284,-0.0,12.5,0.957959771156311,-1.140510082244873,23.948991775512695,1.0,0.05999999865889549,-0.009999999776482582,-11.529999732971191,-0.01263415813446045,-0.006317079067230225,-6.616708278656006,2.9600000381469727,1.0700000524520874,-0.0,1.8799999952316284,0.8749693632125854,1.1187423467636108,4.874229431152344,-0.8999999761581421,-1.3700000047683716,-0.009999999776482582,14.699999809265137,-0.8261725306510925,-1.586543083190918,-21.63930892944336,1.0,-0.05000000074505806,-0.009999999776482582,8.600000381469727,-0.0623282790184021,-0.03116413950920105,1.8985861539840698,-2.319999933242798,0.9300000071525574,-0.009999999776482582,-14.180000305175781,0.23050835728645325,0.9576270580291748,2.777705192565918,-1.7000000476837158,-1.3799999952316284,0.019999999552965164,11.930000305175781,-0.15262725949287415,-1.4181568622589111,-3.845686674118042,1.0,-0.029999999329447746,-0.019999999552965164,9.0600004196167,0.8221445083618164,0.4110722541809082,44.13722610473633,-1.2799999713897705,1.0800000429153442,-0.0,1.7400000095367432,0.5749492645263672,1.0437372922897339,-3.626275062561035,-1.7000000476837158,-1.3700000047683716,0.009999999776482582,13.460000038146973,1.6503217220306396,-0.9674195647239685,40.243045806884766,1.0
6960,321193,0.0,0.0,0.9800000190734863,0.05999999865889549,-0.009999999776482582,-9.520000457763672,-1.1411588191986084,-0.5705794095993042,-63.04294204711914,-4.289999961853027,0.9100000262260437,-0.0,-12.289999961853027,-1.0279748439788818,0.6430062651634216,-26.69937515258789,-1.7000000476837158,-1.3799999952316284,0.0,13.859999656677246,0.8614884614944458,-1.1646279096603394,21.537208557128906,1.0,0.05999999865889549,0.009999999776482582,-11.960000038146973,-0.17551104724407196,-0.08775552362203598,-14.790552139282227,2.9600000381469727,1.0700000524520874,-0.019999999552965164,1.5,0.9936497211456299,1.1484124660491943,7.871241569519043,-0.8999999761581421,-1.3700000047683716,-0.009999999776482582,14.470000267028809,-0.8321851491928101,-1.5880463123321533,-21.789630889892578,1.0,-0.05000000074505806,0.019999999552965164,9.119999885559082,0.15021096169948578,0.07510548084974289,12.480548858642578,-2.319999933242798,0.9300000071525574,-0.009999999776482582,-14.069999694824219,0.02139996737241745,0.9053499698638916,-2.4500036239624023,-1.7000000476837158,-1.3799999952316284,0.0,11.670000076293945,-0.5827969908714294,-1.525699257850647,-14.569926261901855,1.0,-0.029999999329447746,0.0,9.380000114440918,1.1485077142715454,0.5742538571357727,60.425384521484375,-1.2799999713897705,1.0800000429153442,0.0,1.159999966621399,0.6784069538116455,1.0696017742156982,-1.0398268699645996,-1.7000000476837158,-1.3700000047683716,-0.0,11.140000343322754,1.908076286315918,-0.9029809236526489,46.701908111572266,1.0
6980,321497,0.0,0.0,0.0,0.05999999865889549,0.0,-9.460000038146973,-0.9357568621635437,-0.46787843108177185,-52.787841796875,-4.289999961853027,0.9100000262260437,-0.0,-12.829999923706055,-1.1501494646072388,0.6124626398086548,-29.753738403320312,-1.7000000476837158,-1.3799999952316284,-0.0,13.899999618530273,0.7516188621520996,-1.1920952796936035,18.79047203063965,1.0,0.05999999865889549,-0.0,-11.619999885559082,0.06410949677228928,0.03205474838614464,-2.794525146484375,2.9600000381469727,1.0700000524520874,-0.009999999776482582,1.0,1.8285882472991943,1.357146978378296,28.729692459106445,-0.8999999761581421,-1.3700000047683716,0.0,14.520000457763672,-1.0763881206512451,-1.649096965789795,-27.909696578979492,1.0,-0.05000000074505806,-0.009999999776482582,9.039999961853027,-0.11268143355846405,-0.056340716779232025,-0.6190716028213501,-2.319999933242798,0.9300000071525574,-0.0,-14.100000381469727,0.6587218046188354,1.0646804571151733,13.468045234680176,-1.7000000476837158,-1.3799999952316284,-0.019999999552965164,11.199999809265137,-1.0361732244491577,-1.6390433311462402,-25.874332427978516,1.0,-0.029999999329447746,0.019999999552965164,9.15999984741211,1.0702680349349976,0.5351340174674988,56.4833984375,-1.2799999713897705,1.0800000429153442,0.0,0.6499999761581421,0.6870304942131042,1.0717575550079346,-0.8242487907409668,-1.7000000476837158,-1.3700000047683716,-0.009999999776482582,13.15999984741211,1.7485878467559814,-0.9428530335426331,42.729698181152344,1.0
7000,321801,0.0,0.0,0.0,0.05999999865889549,-0.019999999552965164,-9.640000343322754,-0.5792097449302673,-0.28960487246513367,-34.93048858642578,-4.289999961853027,0.9100000262260437,0.009999999776482582,-12.260000228881836,-0.5879627466201782,0.7530093193054199,-15.714071273803711,-1.7000000476837158,-1.3799999952316284,0.0,12.859999656677246,0.954513669013977,-1.1413716077804565,23.862838745117188,1.0,0.05999999865889549,0.0,-11.350000381469727,-0.01346537470817566,-0.00673268735408783,-6.673268795013428,2.9600000381469727,1.0700000524520874,0.009999999776482582,1.340000033378601,0.7617951035499573,1.0904487371444702,2.0298683643341064,-0.8999999761581421,-1.3700000047683716,-0.009999999776482582,14.600000381469727,-0.7757174968719482,-1.5739293098449707,-20.377931594848633,1.0,-0.05000000074505806,-0.009999999776482582,8.699999809265137,-0.06583483517169952,-0.03291741758584976,1.7232582569122314,-2.319999933242798,0.9300000071525574,-0.009999999776482582,-13.9399995803833,0.24133393168449402,0.9603334665298462,3.0483460426330566,-1.7000000476837158,-1.3799999952316284,0.009999999776482582,11.15999984741211,-0.0879102498292923,-1.4019775390625,-2.212754487991333,1.0,-0.029999999329447746,0.009999999776482582,9.270000457763672,0.7978552579879761,0.39892762899398804,42.87776184082031,-1.2799999713897705,1.0800000429153442,0.0,1.2100000381469727,0.5318632125854492,1.0329657793045044,-4.703426361083984,-1.7000000476837158,-1.3700000047683716,0.009999999776482582,13.279999732971191,1.6055312156677246,-0.9786171913146973,39.12328338623047,1.0
7020,322105,0.0,0.0,0.0,0.05999999865889549,0.0,-9.670000076293945,-0.6049056649208069,-0.30245283246040344,-36.24528503417969,-4.289999961853027,0.9100000262260437,0.0,-12.3100004196167,-0.5634952783584595,0.7591261863708496,-15.087384223937988,-1.7000000476837158,-1.3799999952316284,-0.0,12.90999984741211,0.9661035537719727,-1.1384741067886353,24.152587890625,1.0,0.05999999865889549,-0.009999999776482582,-11.699999809265137,-0.012203603982925415,-0.0061018019914627075,-6.595180511474609,2.9600000381469727,1.0700000524520874,0.009999999776482582,1.0099999904632568,0.8612459897994995,1.1153115034103394,4.5161452293396,-0.8999999761581421,-1.3700000047683716,-0.009999999776482582,13.960000038146973,-0.8273313641548157,-1.586832880973816,-21.668289184570312,1.0,-0.05000000074505806,0.029999999329447746,9.020000457763672,-0.06623108685016632,-0.03311554342508316,1.6434457302093506,-2.319999933242798,0.9300000071525574,0.009999999776482582,-14.279999732971191,0.23314231634140015,0.9582855701446533,2.81355619430542,-1.7000000476837158,-1.3799999952316284,-0.009999999776482582,11.420000076293945,-0.1302499771118164,-1.4125624895095825,-3.2412493228912354,1.0,-0.029999999329447746,0.019999999552965164,9.550000190734863,0.8160767555236816,0.4080383777618408,43.77383804321289,-1.2799999713897705,1.0800000429153442,0.009999999776482582,0.6700000166893005,0.568045973777771,1.0420114994049072,-3.813854455947876,-1.7000000476837158,-1.3700000047683716,-0.009999999776482582,12.5,1.6590220928192139,-0.965244472026825,40.49055099487305,1.0
7040,322409,0.0,0.0,0.0,0.05999999865889549,-0.009999999776482582,-9.649999618530273,-0.6137921810150146,-0.3068960905075073,-36.67461013793945,-4.289999961853027,0.9100000262260437,-0.009999999776482582,-12.300000190734863,-0.5680091381072998,0.7579976916313171,-15.185233116149902,-1.7000000476837158,-1.3799999952316284,0.009999999776482582,13.779999732971191,0.9627752304077148,-1.1393061876296997,24.05438232421875,1.0,0.05999999865889549,0.0,-11.619999885559082,-0.013415679335594177,-0.006707839667797089,-6.670783519744873,2.9600000381469727,1.0700000524520874,-0.0,1.7799999713897705,0.8690348267555237,1.1172586679458618,4.725861549377441,-0.8999999761581421,-1.3700000047683716,-0.019999999552965164,13.640000343322754,-0.8260301351547241,-1.5865075588226318,-21.62075424194336,1.0,-0.05000000074505806,-0.0,9.020000457763672,-0.06381393224000931,-0.031906966120004654,1.8093035221099854,-2.319999933242798,0.9300000071525574,0.0,-14.09000015258789,0.23066315054893494,0.957665741443634,2.766573429107666,-1.7000000476837158,-1.3799999952316284,-0.009999999776482582,11.569999694824219,-0.14335891604423523,-1.415839672088623,-3.568967580795288,1.0,-0.029999999329447746,-0.009999999776482582,8.899999618530273,0.8188573122024536,0.4094286561012268,43.95786666870117,-1.2799999713897705,1.0800000429153442,-0.0,1.2899999618530273,0.5718407034873962,1.0429601669311523,-3.7039875984191895,-1.7000000476837158,-1.3700000047683716,0.009999999776482582,13.149999618530273,1.6523323059082031,-0.9669169187545776,40.29330825805664,1.0
7060,322713,0.0,0.0,0.0,0.05999999865889549,-0.009999999776482582,-9.59000015258789,-0.6197735071182251,-0.30988675355911255,-36.97367477416992,-4.289999961853027,0.9100000262260437,0.009999999776482582,-12.550000190734863,-0.5749295949935913,0.7562675476074219,-15.388248443603516,-1.7000000476837158,-1.3799999952316284,-0.0,13.930000305175781,0.9625710248947144,-1.1393572092056274,24.06427764892578,1.0,0.05999999865889549,0.0,-11.420000076293945,-0.013316504657268524,-0.006658252328634262,-6.665824890136719,2.9600000381469727,1.0700000524520874,-0.0,1.8700000047683716,0.8760424852371216,1.1190105676651,4.9010515213012695,-0.8999999761581421,-1.3700000047683716,-0.009999999776482582,14.359999656677246,-0.8267431259155273,-1.5866857767105103,-21.65357780456543,1.0,-0.05000000074505806,-0.009999999776482582,8.529999732971191,-0.062180936336517334,-0.031090468168258667,1.905953288078308,-2.319999933242798,0.9300000071525574,-0.0,-14.430000305175781,0.23108899593353271,0.9577722549438477,2.7772247791290283,-1.7000000476837158,-1.3799999952316284,0.009999999776482582,11.579999923706055,-0.1494242548942566,-1.417356014251709,-3.7506020069122314,1.0,-0.029999999329447746,-0.009999999776482582,9.029999732971191,0.8207648992538452,0.4103824496269226,44.053245544433594,-1.2799999713897705,1.0800000429153442,-0.009999999776482582,0.7200000286102295,0.5746477246284485,1.0436619520187378,-3.6188089847564697,-1.7000000476837158,-1.3700000047683716,0.0,10.960000038146973,1.6524457931518555,-0.9668885469436646,40.3111457824707,1.0
7100,323336,0.0,0.0,0.0,0.05999999865889549,-0.0,-9.220000267028809,-0.6223748326301575,-0.31118741631507874,-37.11874008178711,-4.289999961853027,0.9100000262260437,-0.009999999776482582,-12.609999656677246,-0.5749831795692444,0.7562541961669922,-15.359582901000977,-1.7000000476837158,-1.3799999952316284,-0.0,13.520000457763672,0.956181526184082,-1.140954613685608,23.904537200927734,1.0,0.05999999865889549,0.009999999776482582,-11.520000457763672,-0.012785345315933228,-0.006392672657966614,-6.654267311096191,2.9600000381469727,1.0700000524520874,0.009999999776482582,1.409999966621399,0.8707538843154907,1.1176884174346924,4.753836631774902,-0.8999999761581421,-1.3700000047683716,-0.009999999776482582,14.119999885559082,-0.8248436450958252,-1.5862109661102295,-21.606096267700195,1.0,-0.05000000074505806,0.0,8.819999694824219,-0.062567338347435,-0.0312836691737175,1.8716331720352173,-2.319999933242798,0.9300000071525574,-0.009999999776482582,-13.859999656677246,0.23066183924674988,0.9576654434204102,2.781543731689453,-1.7000000476837158,-1.3799999952316284,-0.009999999776482582,11.90999984741211,-0.14879679679870605,-1.4171991348266602,-3.704913854598999,1.0,-0.029999999329447746,0.009999999776482582,9.180000305175781,0.8205462694168091,0.41027313470840454,44.01231384277344,-1.2799999713897705,1.0800000429153442,0.009999999776482582,1.2599999904632568,0.5750331282615662,1.0437582731246948,-3.639177083969116,-1.7000000476837158,-1.3700000047683716,-0.0,12.40999984741211,1.649200439453125,-0.9676998853683472,40.230010986328125,1.0
7120,323640,0.0,0.0,0.0,0.05999999865889549,-0.009999999776482582,-9.170000076293945,-0.6239546537399292,-0.3119773268699646,-37.18273162841797,-4.289999961853027,0.9100000262260437,0.009999999776482582,-12.380000114440918,-0.5786049365997314,0.7553487420082092,-15.480128288269043,-1.7000000476837158,-1.3799999952316284,-0.009999999776482582,13.149999618530273,0.9569326639175415,-1.1407668590545654,23.938312530517578,1.0,0.05999999865889549,-0.009999999776482582,-11.5,-0.01219351589679718,-0.00609675794839859,-6.594675540924072,2.9600000381469727,1.0700000524520874,0.0,1.4299999475479126,0.86789870262146,1.1169745922088623,4.69745397567749,-0.8999999761581421,-1.3700000047683716,-0.009999999776482582,14.729999542236328,-0.8232662677764893,-1.5858166217803955,-21.566661834716797,1.0,-0.05000000074505806,0.0,8.550000190734863,-0.06280622631311417,-0.03140311315655708,1.8596887588500977,-2.319999933242798,0.9300000071525574,-0.009999999776482582,-14.149999618530273,0.2295674979686737,0.9573918581008911,2.754185199737549,-1.7000000476837158,-1.3799999952316284,-0.0,11.550000190734863,-0.14885003864765167,-1.4172124862670898,-3.7212491035461426,1.0,-0.029999999329447746,-0.0,9.140000343322754,0.8203105926513672,0.4101552963256836,44.01552963256836,-1.2799999713897705,1.0800000429153442,0.009999999776482582,0.9700000286102295,0.573215663433075,1.0433038473129272,-3.684619665145874,-1.7000000476837158,-1.3700000047683716,-0.0,12.670000076293945,1.6472961902618408,-0.9681759476661682,40.18240737915039,1.0
7140,323944,0.0,0.0,0.0,0.05999999865889549,-0.009999999776482582,-9.600000381469727,-0.6236521601676941,-0.31182608008384705,-37.16761016845703,-4.289999961853027,0.9100000262260437,-0.009999999776482582,-12.210000038146973,-0.5749796032905579,0.7562550902366638,-15.359493255615234,-1.7000000476837158,-1.3799999952316284,-0.009999999776482582,13.010000228881836,0.9599206447601318,-1.1400198936462402,24.013010025024414,1.0,0.05999999865889549,-0.0,-11.760000228881836,-0.013415277004241943,-0.006707638502120972,-6.670763969421387,2.9600000381469727,1.0700000524520874,0.0,2.0999999046325684,0.8778071403503418,1.1194517612457275,4.945170879364014,-0.8999999761581421,-1.3700000047683716,0.009999999776482582,14.430000305175781,-0.8273376226425171,-1.58683443069458,-21.698442459106445,1.0,-0.05000000074505806,-0.0,8.369999885559082,-0.06213195621967316,-0.03106597810983658,1.8934022188186646,-2.319999933242798,0.9300000071525574,-0.009999999776482582,-14.109999656677246,0.2303137481212616,0.9575784206390381,2.772841453552246,-1.7000000476837158,-1.3799999952316284,-0.0,11.789999961853027,-0.1517655998468399,-1.4179414510726929,-3.7941455841064453,1.0,-0.029999999329447746,-0.009999999776482582,9.0,0.822690486907959,0.4113452434539795,44.1495246887207,-1.2799999713897705,1.0800000429153442,0.009999999776482582,0.6299999952316284,0.575970470905304,1.0439926385879517,-3.6157405376434326,-1.7000000476837158,-1.3700000047683716,-0.009999999776482582,13.279999732971191,1.6519973278045654,-0.9670006632804871,40.31493377685547,1.0
7160,324248,0.0,0.0,0.0,0.05999999865889549,0.009999999776482582,-8.890000343322754,-0.623878538608551,-0.3119392693042755,-37.208927154541016,-4.289999961853027,0.9100000262260437,-0.0,-12.420000076293945,-0.578341007232666,0.7554147243499756,-15.45853042602539,-1.7000000476837158,-1.3799999952316284,0.0,13.130000114440918,0.9551626443862915,-1.141209363937378,23.87906265258789,1.0,0.05999999865889549,0.009999999776482582,-11.510000228881836,-0.012310504913330078,-0.006155252456665039,-6.6305251121521,2.9600000381469727,1.0700000524520874,-0.0,1.7699999809265137,0.8746376633644104,1.1186593770980835,4.865932464599609,-0.8999999761581421,-1.3700000047683716,-0.009999999776482582,13.6899995803833,-0.8253726959228516,-1.5863431692123413,-21.61931610107422,1.0,-0.05000000074505806,-0.009999999776482582,8.739999771118164,-0.06243479996919632,-0.03121739998459816,1.89326012134552,-2.319999933242798,0.9300000071525574,-0.019999999552965164,-13.600000381469727,0.2322988212108612,0.958074688911438,2.837468147277832,-1.7000000476837158,-1.3799999952316284,-0.009999999776482582,11.09000015258789,-0.14988566935062408,-1.4174714088439941,-3.7321412563323975,1.0,-0.029999999329447746,-0.0,9.239999771118164,0.821029543876648,0.410514771938324,44.051475524902344,-1.2799999713897705,1.0800000429153442,-0.009999999776482582,0.8700000047683716,0.5752535462379456,1.0438133478164673,-3.6036694049835205,-1.7000000476837158,-1.3700000047683716,-0.0,12.430000305175781,1.6483073234558105,-0.9679231643676758,40.20768356323242,1.0
7180,324552,0.0,0.0,0.0,0.05999999865889549,0.0,-8.819999694824219,-0.6238476634025574,-0.3119238317012787,-37.1923828125,-4.289999961853027,0.9100000262260437,-0.009999999776482582,-12.329999923706055,-0.5749648213386536,0.7562587857246399,-15.359124183654785,-1.7000000476837158,-1.3799999952316284,0.009999999776482582,12.289999961853027,0.9604517221450806,-1.1398870944976807,23.99629020690918,1.0,0.05999999865889549,0.009999999776482582,-11.050000190734863,-0.013087525963783264,-0.006543762981891632,-6.669375896453857,2.9600000381469727,1.0700000524520874,0.009999999776482582,1.100000023841858,0.885292649269104,1.1213231086730957,5.117305755615234,-0.8999999761581421,-1.3700000047683716,0.019999999552965164,14.229999542236328,-0.8307737112045288,-1.587693452835083,-21.799345016479492,1.0,-0.05000000074505806,-0.0,8.720000267028809,-0.06161961704492569,-0.030809808522462845,1.9190192222595215,-2.319999933242798,0.9300000071525574,0.009999999776482582,-14.199999809265137,0.23107695579528809,0.9577692151069641,2.761920690536499,-1.7000000476837158,-1.3799999952316284,0.0,11.640000343322754,-0.15333013236522675,-1.418332576751709,-3.8332581520080566,1.0,-0.029999999329447746,-0.0,9.579999923706055,0.8228890895843506,0.4114445447921753,44.14445495605469,-1.2799999713897705,1.0800000429153442,0.0,1.159999966621399,0.5776267647743225,1.0444066524505615,-3.5593390464782715,-1.7000000476837158,-1.3700000047683716,-0.009999999776482582,13.390000343322754,1.6555545330047607,-0.9661113619804382,40.40386199951172,1.0
7200,324856,0.0,0.0,0.0,0.05999999865889549,0.009999999776482582,-9.649999618530273,-0.6241965293884277,-0.31209826469421387,-37.22482681274414,-4.289999961853027,0.9100000262260437,-0.009999999776482582,-12.350000381469727,-0.5727643966674805,0.756808876991272,-15.30411434173584,-1.7000000476837158,-1.3799999952316284,-0.0,13.239999771118164,0.9613863229751587,-1.1396534442901611,24.03465461730957,1.0,0.05999999865889549,0.009999999776482582,-11.640000343322754,-0.013510778546333313,-0.0067553892731666565,-6.69053840637207,2.9600000381469727,1.0700000524520874,0.019999999552965164,1.7000000476837158,0.8885058760643005,1.1221264600753784,5.182640552520752,-0.8999999761581421,-1.3700000047683716,0.009999999776482582,13.630000114440918,-0.8323453664779663,-1.5880863666534424,-21.82363510131836,1.0,-0.05000000074505806,-0.019999999552965164,8.75,-0.061295390129089355,-0.030647695064544678,1.9652305841445923,-2.319999933242798,0.9300000071525574,-0.0,-14.0600004196167,0.23168450593948364,0.9579210877418518,2.7921080589294434,-1.7000000476837158,-1.3799999952316284,-0.0,11.710000038146973,-0.1530200093984604,-1.4182549715042114,-3.825497627258301,1.0,-0.029999999329447746,-0.019999999552965164,9.369999885559082,0.8233593702316284,0.4116796851158142,44.197967529296875,-1.2799999713897705,1.0800000429153442,-0.019999999552965164,0.9300000071525574,0.5792551636695862,1.0448137521743774,-3.488629102706909,-1.7000000476837158,-1.3700000047683716,-0.0,12.829999923706055,1.6559443473815918,-0.9660139083862305,40.39860916137695,1.0
7240,325479,0.0,0.0,0.0,0.05999999865889549,0.019999999552965164,-9.789999961853027,-0.6257790327072144,-0.3128895163536072,-37.31895065307617,-4.289999961853027,0.9100000262260437,0.0,-12.319999694824219,-0.5771448612213135,0.7557137608528137,-15.428627014160156,-1.7000000476837158,-1.3799999952316284,-0.009999999776482582,13.210000038146973,0.9600745439529419,-1.1399813890457153,24.016860961914062,1.0,0.05999999865889549,-0.0,-11.520000457763672,-0.013213679194450378,-0.006606839597225189,-6.660683631896973,2.9600000381469727,1.0700000524520874,-0.0,1.1100000143051147,0.8802922964096069,1.1200730800628662,5.007302761077881,-0.8999999761581421,-1.3700000047683716,0.0,14.569999694824219,-0.8279482126235962,-1.586987018585205,-21.698701858520508,1.0,-0.05000000074505806,0.0,8.880000114440918,-0.061746902763843536,-0.030873451381921768,1.9126548767089844,-2.319999933242798,0.9300000071525574,0.009999999776482582,-13.550000190734863,0.2304648458957672,0.9576162099838257,2.7466201782226562,-1.7000000476837158,-1.3799999952316284,0.0,11.270000457763672,-0.15362946689128876,-1.4184073209762573,-3.8407325744628906,1.0,-0.029999999329447746,-0.029999999329447746,9.350000381469727,0.8236218690872192,0.4118109345436096,44.22609329223633,-1.2799999713897705,1.0800000429153442,0.019999999552965164,0.8600000143051147,0.5744471549987793,1.043611764907837,-3.668827772140503,-1.7000000476837158,-1.3700000047683716,0.0,12.020000457763672,1.6528198719024658,-0.966795027256012,40.320499420166016,1.0
7260,325783,0.0,0.0,0.0,0.05999999865889549,0.0,-9.470000267028809,-0.6255753040313721,-0.31278765201568604,-37.27876663208008,-4.289999961853027,0.9100000262260437,-0.0,-12.15999984741211,-0.5803461074829102,0.7549134492874146,-15.508657455444336,-1.7000000476837158,-1.3799999952316284,0.009999999776482582,13.779999732971191,0.9535070657730103,-1.1416232585906982,23.822673797607422,1.0,0.05999999865889549,0.0,-11.489999771118164,-0.011002108454704285,-0.005501054227352142,-6.550105094909668,2.9600000381469727,1.0700000524520874,-0.0,1.1399999856948853,0.8827888369560242,1.1206971406936646,5.069708824157715,-0.8999999761581421,-1.3700000047683716,-0.0,14.649999618530273,-0.8304218649864197,-1.5876054763793945,-21.760547637939453,1.0,-0.05000000074505806,0.009999999776482582,8.84000015258789,-0.06216458976268768,-0.03108229488134384,1.8767706155776978,-2.319999933242798,0.9300000071525574,0.009999999776482582,-13.890000343322754,0.23110106587409973,0.9577752351760864,2.7625226974487305,-1.7000000476837158,-1.3799999952316284,0.0,12.119999885559082,-0.15367522835731506,-1.4184187650680542,-3.841876983642578,1.0,-0.029999999329447746,0.019999999552965164,9.5,0.8214341402053833,0.41071707010269165,44.041709899902344,-1.2799999713897705,1.0800000429153442,0.019999999552965164,0.8799999952316284,0.5756821036338806,1.0439205169677734,-3.6379525661468506,-1.7000000476837158,-1.3700000047683716,-0.0,12.9399995803833,1.6512706279754639,-0.9671823382377625,40.28176498413086,1.0
7279,326072,0.0,0.0,0.0,0.05999999865889549,-0.0,-9.729999542236328,-0.6243497729301453,-0.31217488646507263,-37.21748733520508,-4.289999961853027,0.9100000262260437,0.009999999776482582,-12.149999618530273,-0.5823183655738831,0.7544203996658325,-15.572962760925293,-1.7000000476837158,-1.3799999952316284,-0.0,13.989999771118164,0.9562555551528931,-1.1409361362457275,23.90638542175293,1.0,0.05999999865889549,0.0,-11.449999809265137,-0.01160556823015213,-0.005802784115076065,-6.580278396606445,2.9600000381469727,1.0700000524520874,0.0,1.5299999713897705,0.8868465423583984,1.1217116117477417,5.17115592956543,-0.8999999761581421,-1.3700000047683716,0.019999999552965164,14.75,-0.8307088613510132,-1.587677240371704,-21.7977237701416,1.0,-0.05000000074505806,0.0,9.0,-0.0631331205368042,-0.0315665602684021,1.8433440923690796,-2.319999933242798,0.9300000071525574,-0.0,-13.979999542236328,0.23311352729797363,0.9582783579826355,2.8278350830078125,-1.7000000476837158,-1.3799999952316284,-0.009999999776482582,11.859999656677246,-0.15171818435192108,-1.4179295301437378,-3.7779533863067627,1.0,-0.029999999329447746,-0.009999999776482582,9.479999542236328,0.8240528106689453,0.41202640533447266,44.2176399230957,-1.2799999713897705,1.0800000429153442,0.0,1.2100000381469727,0.5744036436080933,1.0436009168624878,-3.6399126052856445,-1.7000000476837158,-1.3700000047683716,-0.0,12.5,1.6495773792266846,-0.9676056504249573,40.239437103271484,1.0
7299,326376,0.0,0.0,0.0,0.05999999865889549,-0.0,-9.470000267028809,-0.6245043873786926,-0.3122521936893463,-37.2252197265625,-4.289999961853027,0.9100000262260437,-0.019999999552965164,-12.359999656677246,-0.5777224898338318,0.755569338798523,-15.413068771362305,-1.7000000476837158,-1.3799999952316284,0.009999999776482582,13.739999771118164,0.9554946422576904,-1.1411263942718506,23.872360229492188,1.0,0.05999999865889549,0.009999999776482582,-11.949999809265137,-0.01199493557214737,-0.005997467786073685,-6.614746570587158,2.9600000381469727,1.0700000524520874,0.0,1.899999976158142,0.8825696706771851,1.1206424236297607,5.064237117767334,-0.8999999761581421,-1.3700000047683716,-0.009999999776482582,14.15999984741211,-0.8294538259506226,-1.5873634815216064,-21.72134780883789,1.0,-0.05000000074505806,-0.0,8.760000228881836,-0.06269120424985886,-0.03134560212492943,1.8654398918151855,-2.319999933242798,0.9300000071525574,-0.009999999776482582,-13.960000038146973,0.23246321082115173,0.9581157565116882,2.8265750408172607,-1.7000000476837158,-1.3799999952316284,-0.0,11.960000038146973,-0.1506204754114151,-1.417655110359192,-3.7655115127563477,1.0,-0.029999999329447746,-0.009999999776482582,9.569999694824219,0.8232630491256714,0.4116315245628357,44.17815017700195,-1.2799999713897705,1.0800000429153442,-0.0,1.0399999618530273,0.576001763343811,1.0440003871917725,-3.5999655723571777,-1.7000000476837158,-1.3700000047683716,-0.0,11.930000305175781,1.650972843170166,-0.9672567844390869,40.274322509765625,1.0
7319,326695,0.0,0.0,0.0,0.05999999865889549,0.009999999776482582,-9.789999961853027,-0.6260069012641907,-0.31300345063209534,-37.315345764160156,-4.289999961853027,0.9100000262260437,0.009999999776482582,-12.069999694824219,-0.5805184841156006,0.7548703551292419,-15.52796745300293,-1.7000000476837158,-1.3799999952316284,-0.0,13.609999656677246,0.9555139541625977,-1.141121506690979,23.887847900390625,1.0,0.05999999865889549,-0.019999999552965164,-11.449999809265137,-0.011354520916938782,-0.005677260458469391,-6.537725448608398,2.9600000381469727,1.0700000524520874,0.009999999776482582,1.2100000381469727,0.8795836567878723,1.1198959350585938,4.974588394165039,-0.8999999761581421,-1.3700000047683716,-0.0,14.140000343322754,-0.8288029432296753,-1.5872007608413696,-21.720075607299805,1.0,-0.05000000074505806,0.009999999776482582,8.520000457763672,-0.06279637664556503,-0.031398188322782516,1.8451812267303467,-2.319999933242798,0.9300000071525574,0.0,-14.050000190734863,0.23153847455978394,0.9578846096992493,2.7884602546691895,-1.7000000476837158,-1.3799999952316284,0.0,11.979999542236328,-0.1522238850593567,-1.4180560111999512,-3.8056015968322754,1.0,-0.029999999329447746,0.009999999776482582,9.380000114440918,0.8222441673278809,0.41112208366394043,44.09720993041992,-1.2799999713897705,1.0800000429153442,0.009999999776482582,1.159999966621399,0.5755369663238525,1.04388427734375,-3.6265766620635986,-1.7000000476837158,-1.3700000047683716,-0.009999999776482582,13.039999961853027,1.6517853736877441,-0.9670536518096924,40.309635162353516,1.0
7339,326999,0.0,0.0,0.0,0.05999999865889549,0.029999999329447746,-9.470000267028809,-0.6262707710266113,-0.31313538551330566,-37.35853576660156,-4.289999961853027,0.9100000262260437,-0.009999999776482582,-12.329999923706055,-0.5760204792022705,0.7559948563575745,-15.385516166687012,-1.7000000476837158,-1.3799999952316284,-0.009999999776482582,13.260000228881836,0.9566518068313599,-1.1408370733261108,23.931291580200195,1.0,0.05999999865889549,-0.009999999776482582,-11.770000457763672,-0.012099742889404297,-0.0060498714447021484,-6.589987277984619,2.9600000381469727,1.0700000524520874,-0.0,1.559999942779541,0.8771144151687622,1.1192785501480103,4.927849769592285,-0.8999999761581421,-1.3700000047683716,-0.009999999776482582,14.380000114440918,-0.8282476663589478,-1.587061882019043,-21.69118881225586,1.0,-0.05000000074505806,0.009999999776482582,8.630000114440918,-0.062460966408252716,-0.031230483204126358,1.8619517087936401,-2.319999933242798,0.9300000071525574,0.0,-13.739999771118164,0.23080292344093323,0.9577007293701172,2.7700722217559814,-1.7000000476837158,-1.3799999952316284,0.009999999776482582,11.300000190734863,-0.15308600664138794,-1.418271541595459,-3.8421547412872314,1.0,-0.029999999329447746,-0.019999999552965164,8.770000457763672,0.8230395317077637,0.41151976585388184,44.181976318359375,-1.2799999713897705,1.0800000429153442,-0.009999999776482582,1.2999999523162842,0.5770753622055054,1.0442688465118408,-3.558119535446167,-1.7000000476837158,-1.3700000047683716,0.009999999776482582,12.369999885559082,1.651320457458496,-0.9671698808670044,40.26801300048828,1.0
7359,327303,0.0,0.0,0.0,0.05999999865889549,0.009999999776482582,-9.760000228881836,-0.6247525215148926,-0.3123762607574463,-37.25262451171875,-4.289999961853027,0.9100000262260437,-0.009999999776482582,-11.699999809265137,-0.5757039785385132,0.7560739517211914,-15.377607345581055,-1.7000000476837158,-1.3799999952316284,0.009999999776482582,13.720000267028809,0.9562349319458008,-1.1409412622451782,23.890872955322266,1.0,0.05999999865889549,-0.009999999776482582,-11.710000038146973,-0.01270361989736557,-0.006351809948682785,-6.620181083679199,2.9600000381469727,1.0700000524520874,-0.0,1.0099999904632568,0.8726760745048523,1.1181689500808716,4.816889762878418,-0.8999999761581421,-1.3700000047683716,0.0,14.239999771118164,-0.8254907131195068,-1.5863726139068604,-21.63726043701172,1.0,-0.05000000074505806,0.0,8.8100004196167,-0.06253010779619217,-0.031265053898096085,1.8734946250915527,-2.319999933242798,0.9300000071525574,-0.0,-13.920000076293945,0.22967299818992615,0.9574182033538818,2.7418196201324463,-1.7000000476837158,-1.3799999952316284,0.0,11.329999923706055,-0.15307961404323578,-1.4182698726654053,-3.8269877433776855,1.0,-0.029999999329447746,-0.019999999552965164,9.390000343322754,0.8220788240432739,0.41103941202163696,44.133941650390625,-1.2799999713897705,1.0800000429153442,-0.019999999552965164,0.949999988079071,0.5772475004196167,1.0443118810653687,-3.538816213607788,-1.7000000476837158,-1.3700000047683716,0.0,13.619999885559082,1.6491379737854004,-0.9677155017852783,40.228450775146484,1.0
7379,327607,0.0,0.0,0.0,0.05999999865889549,-0.009999999776482582,-9.430000305175781,-0.62351393699646,-0.31175696849823,-37.16069793701172,-4.289999961853027,0.9100000262260437,0.0,-12.829999923706055,-0.5752092599868774,0.7561976909637451,-15.380233764648438,-1.7000000476837158,-1.3799999952316284,-0.009999999776482582,14.300000190734863,0.962226152420044,-1.1394433975219727,24.070659637451172,1.0,0.05999999865889549,-0.009999999776482582,-11.279999732971191,-0.013578355312347412,-0.006789177656173706,-6.6639180183410645,2.9600000381469727,1.0700000524520874,-0.0,1.1100000143051147,0.8805609941482544,1.1201401948928833,5.01401424407959,-0.8999999761581421,-1.3700000047683716,0.009999999776482582,14.789999961853027,-0.8282729387283325,-1.5870682001113892,-21.721818923950195,1.0,-0.05000000074505806,-0.0,8.90999984741211,-0.06244318187236786,-0.03122159093618393,1.8778409957885742,-2.319999933242798,0.9300000071525574,0.009999999776482582,-14.079999923706055,0.22964301705360413,0.9574107527732849,2.726074457168579,-1.7000000476837158,-1.3799999952316284,-0.0,12.319999694824219,-0.15347115695476532,-1.4183677434921265,-3.8367748260498047,1.0,-0.029999999329447746,-0.029999999329447746,9.5,0.823731541633606,0.411865770816803,44.23157501220703,-1.2799999713897705,1.0800000429153442,-0.009999999776482582,1.0,0.5768489241600037,1.0442122220993042,-3.563781976699829,-1.7000000476837158,-1.3700000047683716,0.009999999776482582,12.59000015258789,1.6527912616729736,-0.966802179813385,40.30478286743164,1.0
7399,327911,0.0,0.0,0.0,0.05999999865889549,0.009999999776482582,-8.720000267028809,-0.6242830157279968,-0.3121415078639984,-37.229148864746094,-4.289999961853027,0.9100000262260437,0.0,-12.180000305175781,-0.5768659114837646,0.7557834982872009,-15.421652793884277,-1.7000000476837158,-1.3799999952316284,-0.009999999776482582,11.899999618530273,0.9591583013534546,-1.1402103900909424,23.993959426879883,1.0,0.05999999865889549,0.019999999552965164,-11.819999694824219,-0.012903615832328796,-0.006451807916164398,-6.675180435180664,2.9600000381469727,1.0700000524520874,-0.0,1.399999976158142,0.8815089464187622,1.1203771829605103,5.037713050842285,-0.8999999761581421,-1.3700000047683716,0.009999999776482582,13.899999618530273,-0.8273308873176575,-1.5868327617645264,-21.698274612426758,1.0,-0.05000000074505806,-0.009999999776482582,8.989999771118164,-0.061434417963027954,-0.030717208981513977,1.9432791471481323,-2.319999933242798,0.9300000071525574,0.0,-14.140000343322754,0.23208895325660706,0.9580222368240356,2.802222967147827,-1.7000000476837158,-1.3799999952316284,0.0,11.699999809265137,-0.15187065303325653,-1.417967677116394,-3.7967681884765625,1.0,-0.029999999329447746,-0.009999999776482582,9.229999542236328,0.822202205657959,0.4111011028289795,44.1251106262207,-1.2799999713897705,1.0800000429153442,0.0,1.1100000143051147,0.5754064917564392,1.043851613998413,-3.6148428916931152,-1.7000000476837158,-1.3700000047683716,-0.0,13.539999961853027,1.6520137786865234,-0.9669965505599976,40.30034637451172,1.0
7419,328215,0.0,0.0,0.0,0.05999999865889549,-0.009999999776482582,-9.430000305175781,-0.623904824256897,-0.3119524121284485,-37.180240631103516,-4.289999961853027,0.9100000262260437,-0.0,-12.149999618530273,-0.5786242485046387,0.7553439140319824,-15.465611457824707,-1.7000000476837158,-1.3799999952316284,-0.0,13.510000228881836,0.9545979499816895,-1.141350507736206,23.864948272705078,1.0,0.05999999865889549,-0.0,-11.4399995803833,-0.011599205434322357,-0.005799602717161179,-6.579960346221924,2.9600000381469727,1.0700000524520874,-0.009999999776482582,1.1100000143051147,0.870996356010437,1.1177490949630737,4.7899041175842285,-0.8999999761581421,-1.3700000047683716,0.0,14.34000015258789,-0.8239798545837402,-1.5859949588775635,-21.59949493408203,1.0,-0.05000000074505806,0.0,8.59000015258789,-0.0626199021935463,-0.03130995109677315,1.8690049648284912,-2.319999933242798,0.9300000071525574,0.0,-13.920000076293945,0.23026153445243835,0.9575653672218323,2.7565360069274902,-1.7000000476837158,-1.3799999952316284,-0.009999999776482582,11.9399995803833,-0.14848677814006805,-1.4171216487884521,-3.6971652507781982,1.0,-0.029999999329447746,0.009999999776482582,9.170000076293945,0.8198617696762085,0.40993088483810425,43.97808837890625,-1.2799999713897705,1.0800000429153442,0.009999999776482582,1.100000023841858,0.5737932324409485,1.0434483289718628,-3.6701714992523193,-1.7000000476837158,-1.3700000047683716,-0.0,13.369999885559082,1.6480576992034912,-0.9679855704307556,40.20144271850586,1.0
7439,328534,0.0,0.0,0.0,0.05999999865889549,0.0,-9.210000038146973,-0.624093770980835,-0.3120468854904175,-37.204689025878906,-4.289999961853027,0.9100000262260437,0.0,-12.119999885559082,-0.5803913474082947,0.7549021244049072,-15.509790420532227,-1.7000000476837158,-1.3799999952316284,0.009999999776482582,13.319999694824219,0.9563901424407959,-1.1409025192260742,23.89474868774414,1.0,0.05999999865889549,-0.009999999776482582,-11.520000457763672,-0.011902347207069397,-0.0059511736035346985,-6.5801167488098145,2.9600000381469727,1.0700000524520874,-0.009999999776482582,1.2200000286102295,0.8799784183502197,1.1199946403503418,5.014458656311035,-0.8999999761581421,-1.3700000047683716,0.019999999552965164,14.229999542236328,-0.8278377056121826,-1.5869593620300293,-21.725936889648438,1.0,-0.05000000074505806,0.009999999776482582,8.569999694824219,-0.06326844543218613,-0.03163422271609306,1.821577787399292,-2.319999933242798,0.9300000071525574,-0.0,-14.140000343322754,0.23175010085105896,0.957937479019165,2.7937471866607666,-1.7000000476837158,-1.3799999952316284,0.0,11.579999923706055,-0.15245242416858673,-1.418113112449646,-3.811311721801758,1.0,-0.029999999329447746,-0.019999999552965164,9.550000190734863,0.8232182264328003,0.41160911321640015,44.19091033935547,-1.2799999713897705,1.0800000429153442,0.009999999776482582,1.1200000047683716,0.5736760497093201,1.0434190034866333,-3.6731040477752686,-1.7000000476837158,-1.3700000047683716,0.009999999776482582,13.880000114440918,1.6488585472106934,-0.9677853584289551,40.20646667480469,1.0
7459,328838,0.0,0.0,0.0,0.05999999865889549,-0.009999999776482582,-8.640000343322754,-0.6222429275512695,-0.31112146377563477,-37.09714889526367,-4.289999961853027,0.9100000262260437,-0.009999999776482582,-12.15999984741211,-0.573538064956665,0.7566154599189758,-15.323456764221191,-1.7000000476837158,-1.3799999952316284,-0.0,13.710000038146973,0.9596799612045288,-1.1400799751281738,23.992002487182617,1.0,0.05999999865889549,0.009999999776482582,-11.609999656677246,-0.01351688802242279,-0.006758444011211395,-6.69084358215332,2.9600000381469727,1.0700000524520874,0.0,1.559999942779541,0.874879002571106,1.1187196969985962,4.871964454650879,-0.8999999761581421,-1.3700000047683716,0.0,13.9399995803833,-0.8256872892379761,-1.5864218473434448,-21.64218521118164,1.0,-0.05000000074505806,-0.0,8.699999809265137,-0.06215980648994446,-0.03107990324497223,1.8920097351074219,-2.319999933242798,0.9300000071525574,-0.0,-14.260000228881836,0.2303142249584198,0.9575785398483276,2.7578532695770264,-1.7000000476837158,-1.3799999952316284,-0.009999999776482582,11.90999984741211,-0.15114951133728027,-1.4177873134613037,-3.7637317180633545,1.0,-0.029999999329447746,-0.0,9.529999732971191,0.8214883804321289,0.41074419021606445,44.07442092895508,-1.2799999713897705,1.0800000429153442,0.0,1.0299999713897705,0.5770328640937805,1.0442582368850708,-3.5741806030273438,-1.7000000476837158,-1.3700000047683716,0.0,13.6899995803833,1.6525428295135498,-0.966864287853241,40.31357192993164,1.0
7479,329142,0.0,0.0,0.0,0.05999999865889549,0.009999999776482582,-9.979999542236328,-0.6249274611473083,-0.3124637305736542,-37.26137161254883,-4.289999961853027,0.9100000262260437,0.0,-12.369999885559082,-0.5765480995178223,0.7558629512786865,-15.413707733154297,-1.7000000476837158,-1.3799999952316284,0.009999999776482582,13.300000190734863,0.9589682817459106,-1.1402579545974731,23.959205627441406,1.0,0.05999999865889549,0.0,-11.579999923706055,-0.01292043924331665,-0.006460219621658325,-6.646022319793701,2.9600000381469727,1.0700000524520874,0.0,0.8600000143051147,0.8805747628211975,1.1201436519622803,5.014359951019287,-0.8999999761581421,-1.3700000047683716,0.0,13.5600004196167,-0.8278255462646484,-1.5869563817977905,-21.695636749267578,1.0,-0.05000000074505806,-0.019999999552965164,8.579999923706055,-0.06059401482343674,-0.03029700741171837,2.0002994537353516,-2.319999933242798,0.9300000071525574,0.009999999776482582,-14.300000190734863,0.23110252618789673,0.9577755928039551,2.7625584602355957,-1.7000000476837158,-1.3799999952316284,0.009999999776482582,11.359999656677246,-0.1558040827512741,-1.4189510345458984,-3.9101040363311768,1.0,-0.029999999329447746,-0.009999999776482582,9.069999694824219,0.8209095001220703,0.41045475006103516,44.06047439575195,-1.2799999713897705,1.0800000429153442,0.0,0.8299999833106995,0.5762673020362854,1.0440667867660522,-3.593325614929199,-1.7000000476837158,-1.3700000047683716,-0.009999999776482582,12.760000228881836,1.6521105766296387,-0.9669723510742188,40.31776428222656,1.0
7499,329446,0.0,0.0,0.0,0.05999999865889549,0.009999999776482582,-9.229999542236328,-0.625304102897644,-0.312652051448822,-37.28020477294922,-4.289999961853027,0.9100000262260437,-0.009999999776482582,-12.40999984741211,-0.5741916298866272,0.7564520835876465,-15.339794158935547,-1.7000000476837158,-1.3799999952316284,0.009999999776482582,13.270000457763672,0.957655668258667,-1.1405861377716064,23.9263858795166,1.0,0.05999999865889549,0.009999999776482582,-11.489999771118164,-0.012889325618743896,-0.006444662809371948,-6.65946626663208,2.9600000381469727,1.0700000524520874,0.009999999776482582,1.4199999570846558,0.881695032119751,1.1204237937927246,5.027374267578125,-0.8999999761581421,-1.3700000047683716,0.0,14.350000381469727,-0.8293151259422302,-1.5873287916183472,-21.732879638671875,1.0,-0.05000000074505806,-0.009999999776482582,9.199999809265137,-0.06099531799554825,-0.030497658997774124,1.9652341604232788,-2.319999933242798,0.9300000071525574,0.0,-13.569999694824219,0.2311325967311859,0.9577831029891968,2.7783095836639404,-1.7000000476837158,-1.3799999952316284,0.0,11.4399995803833,-0.15314573049545288,-1.4182864427566528,-3.8286447525024414,1.0,-0.029999999329447746,0.0,9.25,0.8209366798400879,0.41046833992004395,44.04683303833008,-1.2799999713897705,1.0800000429153442,0.0,1.090000033378601,0.5781643986701965,1.0445411205291748,-3.5458922386169434,-1.7000000476837158,-1.3700000047683716,-0.009999999776482582,13.670000076293945,1.6539766788482666,-0.9665058255195618,40.364418029785156,1.0
7519,329750,0.0,0.0,0.0,0.05999999865889549,-0.019999999552965164,-9.5,-0.6231384873390198,-0.3115692436695099,-37.12692642211914,-4.289999961853027,0.9100000262260437,0.009999999776482582,-12.390000343322754,-0.5808977484703064,0.7547755241394043,-15.537450790405273,-1.7000000476837158,-1.3799999952316284,-0.0,13.300000190734863,0.9578794240951538,-1.1405301094055176,23.946989059448242,1.0,0.05999999865889549,-0.009999999776482582,-11.470000267028809,-0.011832520365715027,-0.005916260182857513,-6.576625823974609,2.9600000381469727,1.0700000524520874,-0.009999999776482582,1.5099999904632568,0.8798415064811707,1.1199603080749512,5.011025428771973,-0.8999999761581421,-1.3700000047683716,0.019999999552965164,13.989999771118164,-0.8284868001937866,-1.5871217250823975,-21.742172241210938,1.0,-0.05000000074505806,0.019999999552965164,9.130000114440918,-0.06343997269868851,-0.031719986349344254,1.7980015277862549,-2.319999933242798,0.9300000071525574,0.009999999776482582,-13.899999618530273,0.23079943656921387,0.9576998353004456,2.7549827098846436,-1.7000000476837158,-1.3799999952316284,-0.009999999776482582,12.220000267028809,-0.1534435749053955,-1.418360948562622,-3.8210952281951904,1.0,-0.029999999329447746,0.0,9.220000267028809,0.8235719203948975,0.41178596019744873,44.17859649658203,-1.2799999713897705,1.0800000429153442,0.0,1.3899999856948853,0.576283872127533,1.0440709590911865,-3.5929083824157715,-1.7000000476837158,-1.3700000047683716,-0.0,12.140000343322754,1.651750087738037,-0.9670624732971191,40.29375457763672,1.0
7539,330054,0.0,0.0,0.0,0.05999999865889549,-0.009999999776482582,-9.300000190734863,-0.6243658661842346,-0.3121829330921173,-37.20329284667969,-4.289999961853027,0.9100000262260437,0.019999999552965164,-12.029999732971191,-0.5808757543563843,0.7547810077667236,-15.551901817321777,-1.7000000476837158,-1.3799999952316284,0.009999999776482582,13.210000038146973,0.9558923244476318,-1.1410269737243652,23.88230323791504,1.0,0.05999999865889549,-0.009999999776482582,-11.569999694824219,-0.012118786573410034,-0.006059393286705017,-6.590939521789551,2.9600000381469727,1.0700000524520874,0.009999999776482582,2.069999933242798,0.8735413551330566,1.1183853149414062,4.823526382446289,-0.8999999761581421,-1.3700000047683716,-0.0,14.760000228881836,-0.8257753849029541,-1.5864439010620117,-21.644390106201172,1.0,-0.05000000074505806,-0.0,8.979999542236328,-0.062402643263339996,-0.031201321631669998,1.8798679113388062,-2.319999933242798,0.9300000071525574,0.009999999776482582,-14.640000343322754,0.2297562062740326,0.9574390053749084,2.7288997173309326,-1.7000000476837158,-1.3799999952316284,0.0,11.6899995803833,-0.15372724831104279,-1.4184317588806152,-3.8431763648986816,1.0,-0.029999999329447746,0.0,9.470000267028809,0.8216021060943604,0.4108010530471802,44.08010482788086,-1.2799999713897705,1.0800000429153442,-0.0,1.1200000047683716,0.5759106278419495,1.0439776182174683,-3.6022424697875977,-1.7000000476837158,-1.3700000047683716,0.0,12.739999771118164,1.6489241123199463,-0.9677689671516418,40.22310256958008,1.0
7559,330358,0.0,0.0,0.0,0.05999999865889549,0.009999999776482582,-9.699999809265137,-0.6250342130661011,-0.31251710653305054,-37.26670837402344,-4.289999961853027,0.9100000262260437,0.009999999776482582,-12.680000305175781,-0.577343225479126,0.7556641697883606,-15.448586463928223,-1.7000000476837158,-1.3799999952316284,0.0,12.229999542236328,0.955388069152832,-1.1411529779434204,23.884700775146484,1.0,0.05999999865889549,-0.009999999776482582,-11.520000457763672,-0.011370658874511719,-0.005685329437255859,-6.55353307723999,2.9600000381469727,1.0700000524520874,-0.0,1.4299999475479126,0.8793197870254517,1.1198298931121826,4.9829840660095215,-0.8999999761581421,-1.3700000047683716,0.009999999776482582,14.550000190734863,-0.8287407159805298,-1.5871851444244385,-21.73351287841797,1.0,-0.05000000074505806,-0.009999999776482582,8.369999885559082,-0.06198888272047043,-0.030994441360235214,1.9155559539794922,-2.319999933242798,0.9300000071525574,-0.0,-14.020000457763672,0.23130536079406738,0.9578263163566589,2.7826309204101562,-1.7000000476837158,-1.3799999952316284,0.009999999776482582,11.600000381469727,-0.15060147643089294,-1.4176503419876099,-3.7800347805023193,1.0,-0.029999999329447746,0.009999999776482582,9.489999771118164,0.8203638792037964,0.4101819396018982,44.00319290161133,-1.2799999713897705,1.0800000429153442,-0.019999999552965164,1.1799999475479126,0.5779125094413757,1.0444780588150024,-3.522198438644409,-1.7000000476837158,-1.3700000047683716,-0.0,13.279999732971191,1.6514551639556885,-0.9671362042427063,40.286380767822266,1.0
7579,330677,0.0,0.0,0.0,0.05999999865889549,-0.009999999776482582,-9.489999771118164,-0.6229885220527649,-0.31149426102638245,-37.13442611694336,-4.289999961853027,0.9100000262260437,0.0,-12.4399995803833,-0.5802189111709595,0.7549452781677246,-15.505475044250488,-1.7000000476837158,-1.3799999952316284,0.009999999776482582,13.420000076293945,0.9544202089309692,-1.1413949728012085,23.845502853393555,1.0,0.05999999865889549,0.019999999552965164,-11.800000190734863,-0.011825017631053925,-0.005912508815526962,-6.621251106262207,2.9600000381469727,1.0700000524520874,-0.009999999776482582,1.0499999523162842,0.8706279397010803,1.117656946182251,4.780689239501953,-0.8999999761581421,-1.3700000047683716,-0.009999999776482582,14.300000190734863,-0.822476327419281,-1.5856190919876099,-21.54690933227539,1.0,-0.05000000074505806,0.0,8.84000015258789,-0.0621962770819664,-0.0310981385409832,1.8901861906051636,-2.319999933242798,0.9300000071525574,0.009999999776482582,-13.600000381469727,0.2302747368812561,0.9575686454772949,2.74186372756958,-1.7000000476837158,-1.3799999952316284,0.0,11.680000305175781,-0.15061922371387482,-1.4176547527313232,-3.7654757499694824,1.0,-0.029999999329447746,0.009999999776482582,9.390000343322754,0.819347620010376,0.409673810005188,43.9523811340332,-1.2799999713897705,1.0800000429153442,0.019999999552965164,1.0700000524520874,0.5724928975105286,1.0431232452392578,-3.717679738998413,-1.7000000476837158,-1.3700000047683716,-0.0,13.220000267028809,1.6461598873138428,-0.9684600234031677,40.15399932861328,1.0
7599,330981,0.0,0.0,0.0,0.05999999865889549,0.0,-9.40999984741211,-0.6254306435585022,-0.3127153217792511,-37.27153396606445,-4.289999961853027,0.9100000262260437,-0.0,-12.279999732971191,-0.5804110765457153,0.7548972368240356,-15.510278701782227,-1.7000000476837158,-1.3799999952316284,-0.0,14.149999618530273,0.9559506177902222,-1.1410123109817505,23.89876937866211,1.0,0.05999999865889549,-0.009999999776482582,-11.34000015258789,-0.01142372190952301,-0.005711860954761505,-6.556185722351074,2.9600000381469727,1.0700000524520874,0.0,1.3600000143051147,0.8784549236297607,1.1196136474609375,4.96135950088501,-0.8999999761581421,-1.3700000047683716,-0.019999999552965164,14.399999618530273,-0.8286761045455933,-1.5871690511703491,-21.68690299987793,1.0,-0.05000000074505806,0.019999999552965164,8.34000015258789,-0.06342027336359024,-0.03171013668179512,1.7989864349365234,-2.319999933242798,0.9300000071525574,-0.0,-13.520000457763672,0.2303835153579712,0.9575958251953125,2.7595818042755127,-1.7000000476837158,-1.3799999952316284,-0.0,12.069999694824219,-0.15145035088062286,-1.4178625345230103,-3.7862539291381836,1.0,-0.029999999329447746,-0.009999999776482582,9.300000190734863,0.8230576515197754,0.4115288257598877,44.16788101196289,-1.2799999713897705,1.0800000429153442,0.019999999552965164,0.7400000095367432,0.5741722583770752,1.0435431003570557,-3.675694227218628,-1.7000000476837158,-1.3700000047683716,-0.009999999776482582,13.350000381469727,1.6495471000671387,-0.9676132202148438,40.25367736816406,1.0
7619,331285,0.0,0.0,0.0,0.05999999865889549,0.009999999776482582,-9.680000305175781,-0.624733567237854,-0.312366783618927,-37.251678466796875,-4.289999961853027,0.9100000262260437,0.0,-12.079999923706055,-0.5757147669792175,0.7560712695121765,-15.392875671386719,-1.7000000476837158,-1.3799999952316284,-0.0,12.90999984741211,0.9549720287322998,-1.1412570476531982,23.87429428100586,1.0,0.05999999865889549,-0.0,-11.789999961853027,-0.0121084526181221,-0.00605422630906105,-6.605422496795654,2.9600000381469727,1.0700000524520874,0.0,1.159999966621399,0.8747869729995728,1.118696689605713,4.869663715362549,-0.8999999761581421,-1.3700000047683716,0.0,14.380000114440918,-0.8266036510467529,-1.5866508483886719,-21.665084838867188,1.0,-0.05000000074505806,0.009999999776482582,8.699999809265137,-0.06239955872297287,-0.031199779361486435,1.8650221824645996,-2.319999933242798,0.9300000071525574,-0.0,-14.010000228881836,0.2302369475364685,0.9575592279434204,2.7559220790863037,-1.7000000476837158,-1.3799999952316284,-0.0,11.760000228881836,-0.1520116776227951,-1.418002963066101,-3.8002967834472656,1.0,-0.029999999329447746,0.009999999776482582,9.550000190734863,0.8211908340454102,0.4105954170227051,44.0445442199707,-1.2799999713897705,1.0800000429153442,-0.009999999776482582,0.8999999761581421,0.5774291157722473,1.0443572998046875,-3.549274206161499,-1.7000000476837158,-1.3700000047683716,0.009999999776482582,12.75,1.650956153869629,-0.9672609567642212,40.25890350341797,1.0
7638,331574,0.0,0.0,0.0,0.05999999865889549,-0.0,-9.350000381469727,-0.6254403591156006,-0.3127201795578003,-37.27201843261719,-4.289999961853027,0.9100000262260437,0.009999999776482582,-12.3100004196167,-0.5831064581871033,0.7542233467102051,-15.592668533325195,-1.7000000476837158,-1.3799999952316284,0.0,13.829999923706055,0.9535840749740601,-1.141603946685791,23.8396053314209,1.0,0.05999999865889549,-0.009999999776482582,-11.770000457763672,-0.010415405035018921,-0.0052077025175094604,-6.505770683288574,2.9600000381469727,1.0700000524520874,-0.0,1.75,0.8783187866210938,1.1195796728134155,4.9579620361328125,-0.8999999761581421,-1.3700000047683716,-0.009999999776482582,14.819999694824219,-0.827683687210083,-1.586920976638794,-21.67709732055664,1.0,-0.05000000074505806,0.009999999776482582,8.789999961853027,-0.06277330964803696,-0.03138665482401848,1.8463345766067505,-2.319999933242798,0.9300000071525574,0.009999999776482582,-13.970000267028809,0.2310691773891449,0.9577672481536865,2.7617239952087402,-1.7000000476837158,-1.3799999952316284,-0.0,11.399999618530273,-0.15107974410057068,-1.4177699089050293,-3.776991367340088,1.0,-0.029999999329447746,0.019999999552965164,9.25,0.8210995197296143,0.41054975986480713,44.02497863769531,-1.2799999713897705,1.0800000429153442,0.009999999776482582,0.8999999761581421,0.5737107992172241,1.0434277057647705,-3.672233819961548,-1.7000000476837158,-1.3700000047683716,0.0,12.609999656677246,1.648660659790039,-0.9678348302841187,40.21651840209961,1.0
7658,331878,0.0,0.0,0.0,0.05999999865889549,-0.009999999776482582,-8.970000267028809,-0.6240841746330261,-0.31204208731651306,-37.189208984375,-4.289999961853027,0.9100000262260437,0.009999999776482582,-12.180000305175781,-0.5816272497177124,0.7545931339263916,-15.555689811706543,-1.7000000476837158,-1.3799999952316284,0.0,13.399999618530273,0.9554065465927124,-1.141148328781128,23.88516616821289,1.0,0.05999999865889549,0.019999999552965164,-11.600000381469727,-0.011752784252166748,-0.005876392126083374,-6.617639541625977,2.9600000381469727,1.0700000524520874,0.009999999776482582,1.4700000286102295,0.877263069152832,1.11931574344635,4.916569232940674,-0.8999999761581421,-1.3700000047683716,-0.009999999776482582,14.800000190734863,-0.8276275396347046,-1.586906909942627,-21.675691604614258,1.0,-0.05000000074505806,-0.0,8.59000015258789,-0.06215362995862961,-0.031076814979314804,1.892318606376648,-2.319999933242798,0.9300000071525574,0.009999999776482582,-14.050000190734863,0.23035874962806702,0.9575896859169006,2.7439677715301514,-1.7000000476837158,-1.3799999952316284,-0.009999999776482582,12.15999984741211,-0.15128560364246368,-1.4178214073181152,-3.767141103744507,1.0,-0.029999999329447746,0.019999999552965164,9.1899995803833,0.821445107460022,0.410722553730011,44.04225540161133,-1.2799999713897705,1.0800000429153442,0.019999999552965164,1.190000057220459,0.5727983713150024,1.0431995391845703,-3.710050344467163,-1.7000000476837158,-1.3700000047683716,0.009999999776482582,12.949999809265137,1.6489460468292236,-0.9677634835243225,40.20865249633789,1.0
7678,332182,0.0,0.0,0.0,0.05999999865889549,-0.0,-9.9399995803833,-0.6249088048934937,-0.3124544024467468,-37.24544143676758,-4.289999961853027,0.9100000262260437,-0.009999999776482582,-11.960000038146973,-0.5778321027755737,0.7555419206619263,-15.43080997467041,-1.7000000476837158,-1.3799999952316284,-0.0,12.989999771118164,0.9557497501373291,-1.1410624980926514,23.893749237060547,1.0,0.05999999865889549,0.0,-11.539999961853027,-0.011633172631263733,-0.0058165863156318665,-6.581658363342285,2.9600000381469727,1.0700000524520874,-0.0,0.8199999928474426,0.8814000487327576,1.1203500032424927,5.034995079040527,-0.8999999761581421,-1.3700000047683716,0.009999999776482582,14.229999542236328,-0.8291388750076294,-1.5872846841812134,-21.743467330932617,1.0,-0.05000000074505806,0.0,8.710000038146973,-0.06240136921405792,-0.03120068460702896,1.8799315690994263,-2.319999933242798,0.9300000071525574,-0.009999999776482582,-13.899999618530273,0.23203104734420776,0.9580077528953552,2.81577467918396,-1.7000000476837158,-1.3799999952316284,0.009999999776482582,11.40999984741211,-0.15116913616657257,-1.4177923202514648,-3.7942326068878174,1.0,-0.029999999329447746,0.0,9.529999732971191,0.8216921091079712,0.4108460545539856,44.0846061706543,-1.2799999713897705,1.0800000429153442,-0.019999999552965164,1.059999942779541,0.5770351886749268,1.0442588329315186,-3.544121026992798,-1.7000000476837158,-1.3700000047683716,0.0,12.960000038146973,1.6520640850067139,-0.96698397397995,40.30160140991211,1.0
7698,332486,0.0,0.0,0.0,0.05999999865889549,0.009999999776482582,-9.489999771118164,-0.625787615776062,-0.312893807888031,-37.30438232421875,-4.289999961853027,0.9100000262260437,0.009999999776482582,-12.180000305175781,-0.5797094106674194,0.7550725936889648,-15.507743835449219,-1.7000000476837158,-1.3799999952316284,-0.009999999776482582,10.890000343322754,0.9562243223190308,-1.1409438848495483,23.920610427856445,1.0,0.05999999865889549,0.0,-11.630000114440918,-0.011856019496917725,-0.005928009748458862,-6.592801094055176,2.9600000381469727,1.0700000524520874,-0.0,1.1399999856948853,0.8827002644538879,1.1206750869750977,5.067503452301025,-0.8999999761581421,-1.3700000047683716,0.009999999776482582,13.789999961853027,-0.8301225900650024,-1.5875306129455566,-21.7680606842041,1.0,-0.05000000074505806,0.009999999776482582,8.989999771118164,-0.06313792616128922,-0.03156896308064461,1.82810378074646,-2.319999933242798,0.9300000071525574,-0.019999999552965164,-13.979999542236328,0.23311370611190796,0.9582784175872803,2.8578410148620605,-1.7000000476837158,-1.3799999952316284,-0.009999999776482582,10.859999656677246,-0.14875859022140503,-1.417189598083496,-3.7039601802825928,1.0,-0.029999999329447746,-0.009999999776482582,9.479999542236328,0.8236457109451294,0.4118228554725647,44.19728469848633,-1.2799999713897705,1.0800000429153442,-0.0,1.25,0.5756760239601135,1.0439189672470093,-3.608107566833496,-1.7000000476837158,-1.3700000047683716,-0.009999999776482582,12.09000015258789,1.6529052257537842,-0.9667736887931824,40.33763122558594,1.0
7718,332790,0.0,0.0,0.0,0.05999999865889549,0.009999999776482582,-9.119999885559082,-0.6243778467178345,-0.31218892335891724,-37.233890533447266,-4.289999961853027,0.9100000262260437,-0.009999999776482582,-12.260000228881836,-0.5784652233123779,0.7553836703300476,-15.446635246276855,-1.7000000476837158,-1.3799999952316284,0.009999999776482582,11.619999885559082,0.9559688568115234,-1.1410077810287476,23.88422203063965,1.0,0.05999999865889549,0.009999999776482582,-11.40999984741211,-0.012423165142536163,-0.006211582571268082,-6.636157989501953,2.9600000381469727,1.0700000524520874,-0.019999999552965164,1.4199999570846558,0.8805599212646484,1.1201399564743042,5.043990612030029,-0.8999999761581421,-1.3700000047683716,0.009999999776482582,14.579999923706055,-0.8261974453926086,-1.5865494012832642,-21.669939041137695,1.0,-0.05000000074505806,-0.019999999552965164,9.020000457763672,-0.06170687824487686,-0.03085343912243843,1.9446561336517334,-2.319999933242798,0.9300000071525574,-0.0,-14.180000305175781,0.23170191049575806,0.9579254388809204,2.7925431728363037,-1.7000000476837158,-1.3799999952316284,0.0,12.140000343322754,-0.1513359248638153,-1.417833924293518,-3.783392906188965,1.0,-0.029999999329447746,-0.019999999552965164,9.079999923706055,0.8219711780548096,0.4109855890274048,44.12855911254883,-1.2799999713897705,1.0800000429153442,-0.009999999776482582,1.2400000095367432,0.5741925239562988,1.0435481071472168,-3.6301934719085693,-1.7000000476837158,-1.3700000047683716,0.009999999776482582,12.510000228881836,1.6481091976165771,-0.9679726958274841,40.1877326965332,1.0
7738,333094,0.0,0.0,0.0,0.05999999865889549,0.0,-9.279999732971191,-0.625363290309906,-0.312681645154953,-37.268165588378906,-4.289999961853027,0.9100000262260437,-0.019999999552965164,-12.319999694824219,-0.5765808820724487,0.7558547258377075,-15.384530067443848,-1.7000000476837158,-1.3799999952316284,-0.009999999776482582,12.819999694824219,0.9580162763595581,-1.1404958963394165,23.965408325195312,1.0,0.05999999865889549,-0.009999999776482582,-11.579999923706055,-0.012120239436626434,-0.006060119718313217,-6.591012001037598,2.9600000381469727,1.0700000524520874,-0.0,1.1200000047683716,0.8802667856216431,1.1200666427612305,5.006659030914307,-0.8999999761581421,-1.3700000047683716,-0.0,12.90999984741211,-0.8287889957427979,-1.5871973037719727,-21.719730377197266,1.0,-0.05000000074505806,-0.0,8.460000038146973,-0.061866044998168945,-0.030933022499084473,1.9066978693008423,-2.319999933242798,0.9300000071525574,0.009999999776482582,-14.149999618530273,0.2296510934829712,0.9574127197265625,2.726271152496338,-1.7000000476837158,-1.3799999952316284,0.0,11.25,-0.15343518555164337,-1.4183588027954102,-3.835880756378174,1.0,-0.029999999329447746,-0.0,9.170000076293945,0.8224457502365112,0.4112228751182556,44.12228775024414,-1.2799999713897705,1.0800000429153442,0.009999999776482582,0.7099999785423279,0.5748197436332703,1.043704867362976,-3.644517660140991,-1.7000000476837158,-1.3700000047683716,0.009999999776482582,12.90999984741211,1.6506083011627197,-0.9673479199409485,40.25020980834961,1.0
7778,333717,0.0,0.0,0.0,0.05999999865889549,0.019999999552965164,-9.319999694824219,-0.6249111890792847,-0.31245559453964233,-37.27555847167969,-4.289999961853027,0.9100000262260437,-0.0,-12.6899995803833,-0.576331377029419,0.7559171319007874,-15.408288955688477,-1.7000000476837158,-1.3799999952316284,0.0,11.850000381469727,0.9577447175979614,-1.1405638456344604,23.943614959716797,1.0,0.05999999865889549,0.019999999552965164,-11.520000457763672,-0.012675061821937561,-0.0063375309109687805,-6.663753032684326,2.9600000381469727,1.0700000524520874,0.019999999552965164,1.3700000047683716,0.8840039968490601,1.1210010051727295,5.070095062255859,-0.8999999761581421,-1.3700000047683716,-0.0,15.279999732971191,-0.8312188982963562,-1.5878046751022339,-21.780467987060547,1.0,-0.05000000074505806,0.0,8.4399995803833,-0.06122317165136337,-0.030611585825681686,1.938841462135315,-2.319999933242798,0.9300000071525574,0.0,-14.329999923706055,0.2322026491165161,0.9580506086349487,2.8050601482391357,-1.7000000476837158,-1.3799999952316284,0.009999999776482582,11.899999618530273,-0.15548092126846313,-1.418870210647583,-3.902021646499634,1.0,-0.029999999329447746,0.009999999776482582,9.5,0.8224704265594482,0.4112352132797241,44.1085205078125,-1.2799999713897705,1.0800000429153442,-0.009999999776482582,1.1299999952316284,0.5783383846282959,1.0445845127105713,-3.52655291557312,-1.7000000476837158,-1.3700000047683716,0.0,12.930000305175781,1.6543633937835693,-0.9664091467857361,40.35908508300781,1.0
7798,334021,0.0,0.0,0.0,0.05999999865889549,-0.009999999776482582,-10.010000228881836,-0.6244381070137024,-0.3122190535068512,-37.206905364990234,-4.289999961853027,0.9100000262260437,-0.0,-12.270000457763672,-0.5760125517845154,0.755996823310852,-15.400320053100586,-1.7000000476837158,-1.3799999952316284,0.0,12.319999694824219,0.9582716226577759,-1.1404321193695068,23.956787109375,1.0,0.05999999865889549,-0.019999999552965164,-11.75,-0.012318126857280731,-0.006159063428640366,-6.585906028747559,2.9600000381469727,1.0700000524520874,-0.0,0.9399999976158142,0.8704130053520203,1.1176031827926636,4.760313034057617,-0.8999999761581421,-1.3700000047683716,-0.009999999776482582,14.4399995803833,-0.824625551700592,-1.5861563682556152,-21.600637435913086,1.0,-0.05000000074505806,0.009999999776482582,8.569999694824219,-0.0625670999288559,-0.03128354996442795,1.856645107269287,-2.319999933242798,0.9300000071525574,0.009999999776482582,-13.579999923706055,0.2286568582057953,0.9571641683578491,2.701416015625,-1.7000000476837158,-1.3799999952316284,-0.0,11.289999961853027,-0.15300177037715912,-1.4182504415512085,-3.825044631958008,1.0,-0.029999999329447746,0.0,9.329999923706055,0.8209067583084106,0.4104533791542053,44.04533767700195,-1.2799999713897705,1.0800000429153442,-0.009999999776482582,1.4299999475479126,0.5768992304801941,1.044224739074707,-3.562530279159546,-1.7000000476837158,-1.3700000047683716,0.009999999776482582,13.1899995803833,1.6507208347320557,-0.9673197865486145,40.253021240234375,1.0
7818,334325,0.0,0.0,0.0,0.05999999865889549,0.009999999776482582,-9.170000076293945,-0.6237779855728149,-0.31188899278640747,-37.20389938354492,-4.289999961853027,0.9100000262260437,0.009999999776482582,-12.350000381469727,-0.5763295888900757,0.7559175491333008,-15.423248291015625,-1.7000000476837158,-1.3799999952316284,0.019999999552965164,11.970000267028809,0.9571311473846436,-1.1407172679901123,23.898271560668945,1.0,0.05999999865889549,0.009999999776482582,-11.970000267028809,-0.01289096474647522,-0.00644548237323761,-6.659548282623291,2.9600000381469727,1.0700000524520874,0.009999999776482582,1.309999942779541,0.8774093985557556,1.1193523406982422,4.920228958129883,-0.8999999761581421,-1.3700000047683716,0.009999999776482582,13.869999885559082,-0.8277128338813782,-1.5869282484054565,-21.70782470703125,1.0,-0.05000000074505806,-0.009999999776482582,8.869999885559082,-0.061924196779727936,-0.030962098389863968,1.9187902212142944,-2.319999933242798,0.9300000071525574,-0.009999999776482582,-14.09000015258789,0.23151624202728271,0.9578790664672852,2.802906036376953,-1.7000000476837158,-1.3799999952316284,-0.009999999776482582,11.529999732971191,-0.15096722543239594,-1.4177417755126953,-3.7591779232025146,1.0,-0.029999999329447746,0.0,9.34000015258789,0.8211549520492554,0.4105774760246277,44.05774688720703,-1.2799999713897705,1.0800000429153442,-0.009999999776482582,1.0399999618530273,0.5771084427833557,1.0442770719528198,-3.5572969913482666,-1.7000000476837158,-1.3700000047683716,0.009999999776482582,13.180000305175781,1.6514456272125244,-0.9671385884284973,40.271141052246094,1.0
7838,334629,0.0,0.0,0.0,0.05999999865889549,-0.009999999776482582,-9.739999771118164,-0.6233975291252136,-0.3116987645626068,-37.154876708984375,-4.289999961853027,0.9100000262260437,-0.0,-12.039999961853027,-0.576205849647522,0.755948543548584,-15.40514850616455,-1.7000000476837158,-1.3799999952316284,0.0,13.569999694824219,0.9569525718688965,-1.1407618522644043,23.92381477355957,1.0,0.05999999865889549,-0.009999999776482582,-11.630000114440918,-0.012503385543823242,-0.006251692771911621,-6.610169887542725,2.9600000381469727,1.0700000524520874,0.0,1.75,0.8721016645431519,1.1180254220962524,4.802536964416504,-0.8999999761581421,-1.3700000047683716,-0.009999999776482582,14.260000228881836,-0.8258024454116821,-1.5864505767822266,-21.63005828857422,1.0,-0.05000000074505806,-0.009999999776482582,8.949999809265137,-0.0615670308470726,-0.0307835154235363,1.9366484880447388,-2.319999933242798,0.9300000071525574,0.009999999776482582,-14.220000267028809,0.22827374935150146,0.9570684432983398,2.6918435096740723,-1.7000000476837158,-1.3799999952316284,0.0,11.630000114440918,-0.15402549505233765,-1.418506383895874,-3.8506388664245605,1.0,-0.029999999329447746,0.009999999776482582,9.350000381469727,0.8201754093170166,0.4100877046585083,43.993770599365234,-1.2799999713897705,1.0800000429153442,-0.0,1.659999966621399,0.5765776634216309,1.0441443920135498,-3.5855650901794434,-1.7000000476837158,-1.3700000047683716,-0.0,14.09000015258789,1.6486907005310059,-0.967827320098877,40.21726989746094,1.0
7858,334933,0.0,0.0,0.0,0.05999999865889549,-0.0,-9.319999694824219,-0.6232656836509705,-0.31163284182548523,-37.16328430175781,-4.289999961853027,0.9100000262260437,-0.009999999776482582,-12.229999542236328,-0.5764222741127014,0.7558944225311279,-15.395560264587402,-1.7000000476837158,-1.3799999952316284,-0.0,13.069999694824219,0.9571655988693237,-1.140708565711975,23.929141998291016,1.0,0.05999999865889549,0.019999999552965164,-11.630000114440918,-0.012499898672103882,-0.006249949336051941,-6.654995441436768,2.9600000381469727,1.0700000524520874,-0.0,1.7000000476837158,0.8799338936805725,1.119983434677124,4.998338222503662,-0.8999999761581421,-1.3700000047683716,0.0,14.149999618530273,-0.8285474181175232,-1.5871368646621704,-21.713685989379883,1.0,-0.05000000074505806,0.009999999776482582,9.010000228881836,-0.06242949515581131,-0.031214747577905655,1.8635252714157104,-2.319999933242798,0.9300000071525574,-0.0,-14.0600004196167,0.23124077916145325,0.9578101634979248,2.781015634536743,-1.7000000476837158,-1.3799999952316284,-0.0,11.270000457763672,-0.15181492269039154,-1.4179537296295166,-3.7953734397888184,1.0,-0.029999999329447746,-0.0,9.569999694824219,0.8222988843917847,0.41114944219589233,44.11494445800781,-1.2799999713897705,1.0800000429153442,0.0,1.1299999952316284,0.576320230960846,1.0440800189971924,-3.5920023918151855,-1.7000000476837158,-1.3700000047683716,-0.009999999776482582,12.4399995803833,1.6521639823913574,-0.9669589996337891,40.31909942626953,1.0
7878,335237,0.0,0.0,0.0,0.05999999865889549,-0.0,-9.739999771118164,-0.6253953576087952,-0.3126976788043976,-37.26976776123047,-4.289999961853027,0.9100000262260437,-0.0,-11.970000267028809,-0.5782120227813721,0.7554469704627991,-15.455305099487305,-1.7000000476837158,-1.3799999952316284,-0.0,12.359999656677246,0.9583944082260132,-1.1404013633728027,23.959863662719727,1.0,0.05999999865889549,-0.009999999776482582,-11.609999656677246,-0.01221245527267456,-0.00610622763633728,-6.595623016357422,2.9600000381469727,1.0700000524520874,0.0,1.2000000476837158,0.8833634853363037,1.1208407878875732,5.084073543548584,-0.8999999761581421,-1.3700000047683716,0.0,13.619999885559082,-0.8295388221740723,-1.5873847007751465,-21.73847007751465,1.0,-0.05000000074505806,0.0,8.84000015258789,-0.06180698424577713,-0.030903492122888565,1.9096508026123047,-2.319999933242798,0.9300000071525574,0.009999999776482582,-13.789999961853027,0.23097825050354004,0.9577445387840271,2.759453058242798,-1.7000000476837158,-1.3799999952316284,-0.0,11.479999542236328,-0.1543443650007248,-1.4185861349105835,-3.858613967895508,1.0,-0.029999999329447746,0.0,9.460000038146973,0.8225699663162231,0.4112849831581116,44.12849807739258,-1.2799999713897705,1.0800000429153442,0.029999999329447746,0.9300000071525574,0.575644850730896,1.0439112186431885,-3.6538825035095215,-1.7000000476837158,-1.3700000047683716,-0.009999999776482582,12.979999542236328,1.6522092819213867,-0.9669476747512817,40.32023239135742,1.0
7898,335541,0.0,0.0,0.0,0.05999999865889549,0.009999999776482582,-10.029999732971191,-0.6258038878440857,-0.31290194392204285,-37.30519485473633,-4.289999961853027,0.9100000262260437,0.0,-12.569999694824219,-0.5782989263534546,0.755425214767456,-15.457481384277344,-1.7000000476837158,-1.3799999952316284,-0.0,12.130000114440918,0.9565565586090088,-1.1408607959747314,23.91391944885254,1.0,0.05999999865889549,-0.009999999776482582,-11.5,-0.0121784508228302,-0.0060892254114151,-6.593923091888428,2.9600000381469727,1.0700000524520874,-0.009999999776482582,0.6800000071525574,0.8707277774810791,1.1176819801330566,4.7831926345825195,-0.8999999761581421,-1.3700000047683716,-0.009999999776482582,14.010000228881836,-0.8235342502593994,-1.585883617401123,-21.573362350463867,1.0,-0.05000000074505806,0.009999999776482582,8.680000305175781,-0.06242309510707855,-0.031211547553539276,1.8638453483581543,-2.319999933242798,0.9300000071525574,0.009999999776482582,-14.130000114440918,0.22921961545944214,0.9573048949241638,2.7154886722564697,-1.7000000476837158,-1.3799999952316284,0.009999999776482582,11.430000305175781,-0.15167076885700226,-1.4179177284240723,-3.8067734241485596,1.0,-0.029999999329447746,-0.009999999776482582,10.109999656677246,0.8212119340896606,0.4106059670448303,44.07559585571289,-1.2799999713897705,1.0800000429153442,0.009999999776482582,0.949999988079071,0.573305070400238,1.0433262586593628,-3.6823785305023193,-1.7000000476837158,-1.3700000047683716,0.009999999776482582,12.720000267028809,1.648071527481079,-0.9679821133613586,40.186790466308594,1.0
7919,335860,0.0,0.0,0.0,0.05999999865889549,0.009999999776482582,-9.630000114440918,-0.6244493126869202,-0.3122246563434601,-37.237464904785156,-4.289999961853027,0.9100000262260437,-0.009999999776482582,-12.25,-0.5755482316017151,0.7561129331588745,-15.373708724975586,-1.7000000476837158,-1.3799999952316284,0.0,15.029999732971191,0.9579814672470093,-1.1405045986175537,23.949539184570312,1.0,0.05999999865889549,-0.0,-11.6899995803833,-0.012279599905014038,-0.006139799952507019,-6.613980293273926,2.9600000381469727,1.0700000524520874,0.009999999776482582,1.5099999904632568,0.8790749311447144,1.119768738746643,4.961868762969971,-0.8999999761581421,-1.3700000047683716,0.0,14.029999732971191,-0.8285430073738098,-1.5871357917785645,-21.713579177856445,1.0,-0.05000000074505806,-0.009999999776482582,8.850000381469727,-0.061972178518772125,-0.030986089259386063,1.916391134262085,-2.319999933242798,0.9300000071525574,0.0,-14.260000228881836,0.23107802867889404,0.957769513130188,2.7769505977630615,-1.7000000476837158,-1.3799999952316284,-0.009999999776482582,11.0,-0.1505456417798996,-1.4176363945007324,-3.7486398220062256,1.0,-0.029999999329447746,-0.0,9.170000076293945,0.8217287063598633,0.41086435317993164,44.0864372253418,-1.2799999713897705,1.0800000429153442,-0.009999999776482582,1.149999976158142,0.5772750973701477,1.0443187952041626,-3.5531246662139893,-1.7000000476837158,-1.3700000047683716,0.0,12.510000228881836,1.6520233154296875,-0.9669941663742065,40.30058288574219,1.0
7939,336164,0.0,0.0,0.0,0.05999999865889549,0.019999999552965164,-9.149999618530273,-0.6254335641860962,-0.3127167820930481,-37.30167770385742,-4.289999961853027,0.9100000262260437,-0.009999999776482582,-12.420000076293945,-0.57718825340271,0.7557029128074646,-15.414710998535156,-1.7000000476837158,-1.3799999952316284,0.009999999776482582,14.170000076293945,0.9577127695083618,-1.1405718326568604,23.92781639099121,1.0,0.05999999865889549,-0.0,-11.710000038146973,-0.012693040072917938,-0.006346520036458969,-6.6346516609191895,2.9600000381469727,1.0700000524520874,0.0,1.1299999952316284,0.8779294490814209,1.1194822788238525,4.948222637176514,-0.8999999761581421,-1.3700000047683716,0.009999999776482582,14.09000015258789,-0.82715904712677,-1.5867897272109985,-21.693971633911133,1.0,-0.05000000074505806,0.0,8.979999542236328,-0.06248196214437485,-0.031240981072187424,1.8759019374847412,-2.319999933242798,0.9300000071525574,0.009999999776482582,-14.039999961853027,0.23021769523620605,0.9575543999671936,2.7404391765594482,-1.7000000476837158,-1.3799999952316284,0.0,11.520000457763672,-0.15294510126113892,-1.418236255645752,-3.8236260414123535,1.0,-0.029999999329447746,-0.03999999910593033,9.050000190734863,0.8232663869857788,0.4116331934928894,44.22332000732422,-1.2799999713897705,1.0800000429153442,0.009999999776482582,1.1699999570846558,0.5755050778388977,1.04387629032135,-3.627375364303589,-1.7000000476837158,-1.3700000047683716,0.0,12.699999809265137,1.6502463817596436,-0.9674383997917175,40.256160736083984,1.0
7959,336468,0.0,0.0,0.0,0.05999999865889549,-0.019999999552965164,-9.430000305175781,-0.6235921382904053,-0.31179606914520264,-37.14960861206055,-4.289999961853027,0.9100000262260437,0.009999999776482582,-12.359999656677246,-0.579015851020813,0.7552460432052612,-15.490398406982422,-1.7000000476837158,-1.3799999952316284,-0.0,11.970000267028809,0.9595335721969604,-1.140116572380066,23.98834228515625,1.0,0.05999999865889549,0.0,-12.029999732971191,-0.012415647506713867,-0.006207823753356934,-6.620782852172852,2.9600000381469727,1.0700000524520874,-0.0,2.2699999809265137,0.8776265978813171,1.1194065809249878,4.940652847290039,-0.8999999761581421,-1.3700000047683716,0.009999999776482582,13.850000381469727,-0.82591313123703,-1.5864782333374023,-21.662822723388672,1.0,-0.05000000074505806,-0.0,8.84000015258789,-0.06156931072473526,-0.03078465536236763,1.921534538269043,-2.319999933242798,0.9300000071525574,0.009999999776482582,-14.1899995803833,0.2310289442539215,0.9577572345733643,2.7607226371765137,-1.7000000476837158,-1.3799999952316284,-0.0,11.460000038146973,-0.151299387216568,-1.4178248643875122,-3.782486915588379,1.0,-0.029999999329447746,0.029999999329447746,9.220000267028809,0.8205012083053589,0.41025060415267944,43.98006057739258,-1.2799999713897705,1.0800000429153442,0.009999999776482582,1.090000033378601,0.5749974846839905,1.0437493324279785,-3.640071153640747,-1.7000000476837158,-1.3700000047683716,-0.009999999776482582,12.850000381469727,1.6534650325775146,-0.9666337370872498,40.351627349853516,1.0
7979,336772,0.0,0.0,0.0,0.05999999865889549,-0.009999999776482582,-9.180000305175781,-0.6220220923423767,-0.31101104617118835,-37.08610534667969,-4.289999961853027,0.9100000262260437,-0.009999999776482582,-12.489999771118164,-0.5779101848602295,0.7555224299430847,-15.432759284973145,-1.7000000476837158,-1.3799999952316284,0.0,12.239999771118164,0.957891583442688,-1.1405271291732788,23.94728660583496,1.0,0.05999999865889549,0.019999999552965164,-11.789999961853027,-0.012447938323020935,-0.0062239691615104675,-6.6523966789245605,2.9600000381469727,1.0700000524520874,-0.009999999776482582,1.8799999952316284,0.8870528936386108,1.1217632293701172,5.191317558288574,-0.8999999761581421,-1.3700000047683716,0.009999999776482582,14.109999656677246,-0.8311161994934082,-1.5877790451049805,-21.792903900146484,1.0,-0.05000000074505806,0.009999999776482582,8.710000038146973,-0.06243199110031128,-0.03121599555015564,1.8634005784988403,-2.319999933242798,0.9300000071525574,-0.009999999776482582,-13.880000114440918,0.23339688777923584,0.9583492279052734,2.8499221801757812,-1.7000000476837158,-1.3799999952316284,-0.0,11.569999694824219,-0.1528785526752472,-1.4182196855545044,-3.8219690322875977,1.0,-0.029999999329447746,0.009999999776482582,9.520000457763672,0.8233790397644043,0.41168951988220215,44.153953552246094,-1.2799999713897705,1.0800000429153442,0.0,1.2100000381469727,0.5751245021820068,1.043781042098999,-3.6219000816345215,-1.7000000476837158,-1.3700000047683716,0.009999999776482582,12.100000381469727,1.65273118019104,-0.9668172001838684,40.303279876708984,1.0
7999,337076,0.0,0.0,0.0,0.05999999865889549,-0.009999999776482582,-9.479999542236328,-0.6233659386634827,-0.31168296933174133,-37.153297424316406,-4.289999961853027,0.9100000262260437,0.0,-12.319999694824219,-0.5786243081092834,0.7553439140319824,-15.465611457824707,-1.7000000476837158,-1.3799999952316284,-0.009999999776482582,12.729999542236328,0.9591675996780396,-1.140208125114441,23.994186401367188,1.0,0.05999999865889549,0.009999999776482582,-11.569999694824219,-0.01266661286354065,-0.006333306431770325,-6.6483306884765625,2.9600000381469727,1.0700000524520874,-0.0,1.100000023841858,0.8818441033363342,1.1204609870910645,5.046093463897705,-0.8999999761581421,-1.3700000047683716,0.009999999776482582,15.710000038146973,-0.8286625146865845,-1.5871655941009521,-21.731557846069336,1.0,-0.05000000074505806,0.0,8.899999618530273,-0.06171460449695587,-0.030857302248477936,1.9142698049545288,-2.319999933242798,0.9300000071525574,0.0,-14.050000190734863,0.23143142461776733,0.9578578472137451,2.7857840061187744,-1.7000000476837158,-1.3799999952316284,0.009999999776482582,11.140000343322754,-0.15371601283550262,-1.4184290170669556,-3.8579022884368896,1.0,-0.029999999329447746,-0.0,9.40999984741211,0.8217377662658691,0.41086888313293457,44.08688735961914,-1.2799999713897705,1.0800000429153442,0.019999999552965164,1.090000033378601,0.5721809267997742,1.043045163154602,-3.7254879474639893,-1.7000000476837158,-1.3700000047683716,0.009999999776482582,12.9399995803833,1.6502494812011719,-0.9674376249313354,40.24123764038086,1.0
8019,337380,0.0,0.0,0.0,0.05999999865889549,0.0,-9.479999542236328,-0.6255596280097961,-0.31277981400489807,-37.27798080444336,-4.289999961853027,0.9100000262260437,-0.009999999776482582,-12.359999656677246,-0.5786859393119812,0.7553284764289856,-15.452155113220215,-1.7000000476837158,-1.3799999952316284,0.0,12.890000343322754,0.9551980495452881,-1.1412005424499512,23.879945755004883,1.0,0.05999999865889549,-0.019999999552965164,-11.6899995803833,-0.011601440608501434,-0.005800720304250717,-6.550071716308594,2.9600000381469727,1.0700000524520874,-0.009999999776482582,1.2100000381469727,0.878279983997345,1.119570016860962,4.971996307373047,-0.8999999761581421,-1.3700000047683716,0.0,13.470000267028809,-0.8280686140060425,-1.5870171785354614,-21.701717376708984,1.0,-0.05000000074505806,0.009999999776482582,8.819999694824219,-0.062298327684402466,-0.031149163842201233,1.8700836896896362,-2.319999933242798,0.9300000071525574,0.0,-13.930000305175781,0.23063069581985474,0.9576576352119446,2.7657628059387207,-1.7000000476837158,-1.3799999952316284,0.009999999776482582,11.449999809265137,-0.1546473652124405,-1.4186618328094482,-3.8811838626861572,1.0,-0.029999999329447746,0.0,9.289999961853027,0.8218437433242798,0.4109218716621399,44.092185974121094,-1.2799999713897705,1.0800000429153442,0.019999999552965164,0.8999999761581421,0.5750764012336731,1.043769121170044,-3.6530921459198,-1.7000000476837158,-1.3700000047683716,-0.0,12.640000343322754,1.6504168510437012,-0.9673957824707031,40.26042175292969,1.0
8059,338003,0.0,0.0,0.0,0.05999999865889549,-0.0,-9.720000267028809,-0.6246692538261414,-0.3123346269130707,-37.233463287353516,-4.289999961853027,0.9100000262260437,-0.009999999776482582,-12.289999961853027,-0.5753199458122253,0.7561699748039246,-15.36800479888916,-1.7000000476837158,-1.3799999952316284,-0.009999999776482582,13.020000457763672,0.9593194723129272,-1.1401700973510742,23.997989654541016,1.0,0.05999999865889549,-0.019999999552965164,-11.600000381469727,-0.012610338628292084,-0.006305169314146042,-6.6005167961120605,2.9600000381469727,1.0700000524520874,0.0,1.1299999952316284,0.8752793073654175,1.1188198328018188,4.8819780349731445,-0.8999999761581421,-1.3700000047683716,0.0,15.09000015258789,-0.826252818107605,-1.586563229560852,-21.656322479248047,1.0,-0.05000000074505806,-0.029999999329447746,8.779999732971191,-0.06129547953605652,-0.03064773976802826,1.9802260398864746,-2.319999933242798,0.9300000071525574,-0.009999999776482582,-13.970000267028809,0.23000198602676392,0.9575004577636719,2.765045166015625,-1.7000000476837158,-1.3799999952316284,0.0,11.399999618530273,-0.15223078429698944,-1.4180576801300049,-3.8057684898376465,1.0,-0.029999999329447746,-0.009999999776482582,9.279999732971191,0.8205866813659668,0.4102933406829834,44.044334411621094,-1.2799999713897705,1.0800000429153442,0.0,1.190000057220459,0.5757264494895935,1.0439316034317017,-3.606843948364258,-1.7000000476837158,-1.3700000047683716,0.009999999776482582,13.520000457763672,1.6508560180664062,-0.9672859907150269,40.25640106201172,1.0
8079,338307,0.0,0.0,0.0,0.05999999865889549,-0.009999999776482582,-9.5,-0.6225109696388245,-0.31125548481941223,-37.11054992675781,-4.289999961853027,0.9100000262260437,0.009999999776482582,-12.09000015258789,-0.5773980617523193,0.7556504607200623,-15.449956893920898,-1.7000000476837158,-1.3799999952316284,-0.009999999776482582,12.9399995803833,0.959728479385376,-1.1400678157806396,24.008216857910156,1.0,0.05999999865889549,-0.009999999776482582,-11.550000190734863,-0.012607350945472717,-0.006303675472736359,-6.615367412567139,2.9600000381469727,1.0700000524520874,0.009999999776482582,1.409999966621399,0.8778105974197388,1.1194525957107544,4.9302544593811035,-0.8999999761581421,-1.3700000047683716,-0.009999999776482582,13.079999923706055,-0.8279592990875244,-1.5869898796081543,-21.683988571166992,1.0,-0.05000000074505806,-0.0,8.699999809265137,-0.06267423927783966,-0.03133711963891983,1.8662880659103394,-2.319999933242798,0.9300000071525574,0.009999999776482582,-14.25,0.22990310192108154,0.9574757814407349,2.732577323913574,-1.7000000476837158,-1.3799999952316284,-0.009999999776482582,10.930000305175781,-0.1524573266506195,-1.4181143045425415,-3.796430826187134,1.0,-0.029999999329447746,-0.009999999776482582,8.680000305175781,0.8220877647399902,0.4110438823699951,44.119388580322266,-1.2799999713897705,1.0800000429153442,-0.009999999776482582,0.6200000047683716,0.5756654739379883,1.0439163446426392,-3.593369722366333,-1.7000000476837158,-1.3700000047683716,0.009999999776482582,12.59000015258789,1.6496241092681885,-0.9675939679145813,40.22560501098633,1.0
8099,338611,0.0,0.0,0.0,0.05999999865889549,-0.009999999776482582,-9.770000457763672,-0.6232627034187317,-0.31163135170936584,-37.148136138916016,-4.289999961853027,0.9100000262260437,0.0,-12.0600004196167,-0.5759525299072266,0.7560118436813354,-15.398818016052246,-1.7000000476837158,-1.3799999952316284,0.0,13.890000343322754,0.95695960521698,-1.140760064125061,23.923992156982422,1.0,0.05999999865889549,-0.0,-11.579999923706055,-0.012485995888710022,-0.006242997944355011,-6.624299049377441,2.9600000381469727,1.0700000524520874,-0.0,1.2999999523162842,0.8707373142242432,1.1176843643188477,4.768431186676025,-0.8999999761581421,-1.3700000047683716,-0.009999999776482582,13.430000305175781,-0.8248834609985352,-1.5862208604812622,-21.607086181640625,1.0,-0.05000000074505806,-0.0,8.960000038146973,-0.06195142865180969,-0.030975714325904846,1.9024286270141602,-2.319999933242798,0.9300000071525574,0.0,-13.720000267028809,0.22943201661109924,0.9573580026626587,2.735799551010132,-1.7000000476837158,-1.3799999952316284,0.0,11.779999732971191,-0.1518007069826126,-1.41795015335083,-3.795015811920166,1.0,-0.029999999329447746,0.009999999776482582,9.170000076293945,0.8199259042739868,0.4099629521369934,43.98129653930664,-1.2799999713897705,1.0800000429153442,-0.009999999776482582,0.9200000166893005,0.5764185786247253,1.0441045761108398,-3.5745465755462646,-1.7000000476837158,-1.3700000047683716,-0.0,12.930000305175781,1.6502974033355713,-0.9674256443977356,40.2574348449707,1.0
8119,338915,0.0,0.0,0.0,0.05999999865889549,-0.009999999776482582,-9.729999542236328,-0.622050940990448,-0.311025470495224,-37.087547302246094,-4.289999961853027,0.9100000262260437,-0.019999999552965164,-12.640000343322754,-0.5741140842437744,0.7564714550971985,-15.322857856750488,-1.7000000476837158,-1.3799999952316284,0.0,12.59000015258789,0.957831859588623,-1.1405420303344727,23.945796966552734,1.0,0.05999999865889549,-0.0,-11.399999618530273,-0.013166829943656921,-0.006583414971828461,-6.658340930938721,2.9600000381469727,1.0700000524520874,0.0,1.190000057220459,0.8742243051528931,1.118556022644043,4.855597019195557,-0.8999999761581421,-1.3700000047683716,0.0,13.5,-0.8267655372619629,-1.5866913795471191,-21.669137954711914,1.0,-0.05000000074505806,0.009999999776482582,8.640000343322754,-0.06358294188976288,-0.03179147094488144,1.805853009223938,-2.319999933242798,0.9300000071525574,-0.009999999776482582,-14.079999923706055,0.22976332902908325,0.9574407935142517,2.7590787410736084,-1.7000000476837158,-1.3799999952316284,-0.009999999776482582,11.869999885559082,-0.14986006915569305,-1.4174649715423584,-3.7314975261688232,1.0,-0.029999999329447746,-0.019999999552965164,8.819999694824219,0.8232207298278809,0.41161036491394043,44.191036224365234,-1.2799999713897705,1.0800000429153442,-0.009999999776482582,1.409999966621399,0.575964629650116,1.0439910888671875,-3.585895299911499,-1.7000000476837158,-1.3700000047683716,0.019999999552965164,13.529999732971191,1.6496248245239258,-0.967593789100647,40.21062469482422,1.0
8139,339219,0.0,0.0,0.0,0.05999999865889549,-0.0,-9.430000305175781,-0.6227742433547974,-0.3113871216773987,-37.13871383666992,-4.289999961853027,0.9100000262260437,0.019999999552965164,-12.210000038146973,-0.5790164470672607,0.7552458643913269,-15.505415916442871,-1.7000000476837158,-1.3799999952316284,0.009999999776482582,12.489999771118164,0.9585825204849243,-1.1403543949127197,23.949560165405273,1.0,0.05999999865889549,0.009999999776482582,-11.430000305175781,-0.012688852846622467,-0.0063444264233112335,-6.649442195892334,2.9600000381469727,1.0700000524520874,-0.009999999776482582,1.5199999809265137,0.8773874640464783,1.1193468570709229,4.949680328369141,-0.8999999761581421,-1.3700000047683716,-0.0,14.720000267028809,-0.8256751298904419,-1.5864187479019165,-21.641874313354492,1.0,-0.05000000074505806,-0.019999999552965164,9.180000305175781,-0.06195922940969467,-0.030979614704847336,1.9320385456085205,-2.319999933242798,0.9300000071525574,0.009999999776482582,-13.850000381469727,0.23104020953178406,0.9577600359916687,2.761002779006958,-1.7000000476837158,-1.3799999952316284,-0.009999999776482582,12.0,-0.1501493901014328,-1.4175373315811157,-3.7387335300445557,1.0,-0.029999999329447746,-0.009999999776482582,9.25,0.821361780166626,0.410680890083313,44.08308792114258,-1.2799999713897705,1.0800000429153442,-0.009999999776482582,1.159999966621399,0.5748867988586426,1.0437216758728027,-3.6128365993499756,-1.7000000476837158,-1.3700000047683716,0.0,13.020000457763672,1.648958683013916,-0.9677603244781494,40.223968505859375,1.0
8159,339523,0.0,0.0,0.0,0.05999999865889549,-0.009999999776482582,-9.579999923706055,-0.6231370568275452,-0.3115685284137726,-37.14185333251953,-4.289999961853027,0.9100000262260437,-0.009999999776482582,-12.020000457763672,-0.5764219760894775,0.7558944821357727,-15.395554542541504,-1.7000000476837158,-1.3799999952316284,0.0,13.039999961853027,0.9597712755203247,-1.1400572061538696,23.994277954101562,1.0,0.05999999865889549,0.029999999329447746,-11.670000076293945,-0.012647241353988647,-0.006323620676994324,-6.677362442016602,2.9600000381469727,1.0700000524520874,0.009999999776482582,1.0499999523162842,0.8889569044113159,1.1222392320632935,5.20891809463501,-0.8999999761581421,-1.3700000047683716,0.019999999552965164,14.319999694824219,-0.8327984809875488,-1.5881996154785156,-21.84996223449707,1.0,-0.05000000074505806,0.0,8.789999961853027,-0.06148990988731384,-0.03074495494365692,1.9255045652389526,-2.319999933242798,0.9300000071525574,0.0,-14.1899995803833,0.23180824518203735,0.9579520225524902,2.795201539993286,-1.7000000476837158,-1.3799999952316284,-0.0,11.59000015258789,-0.15288767218589783,-1.4182219505310059,-3.822195529937744,1.0,-0.029999999329447746,0.019999999552965164,9.380000114440918,0.8227863311767578,0.4113931655883789,44.109317779541016,-1.2799999713897705,1.0800000429153442,0.0,0.9100000262260437,0.5768923163414001,1.0442230701446533,-3.577697277069092,-1.7000000476837158,-1.3700000047683716,0.0,13.319999694824219,1.6554431915283203,-0.9661391973495483,40.38608169555664,1.0
8180,339842,0.0,0.0,0.0,0.05999999865889549,-0.0,-9.65999984741211,-0.6257613301277161,-0.31288066506385803,-37.28806686401367,-4.289999961853027,0.9100000262260437,0.0,-12.40999984741211,-0.5785833597183228,0.7553541660308838,-15.46458625793457,-1.7000000476837158,-1.3799999952316284,0.0,13.34000015258789,0.9543153047561646,-1.1414211988449097,23.857879638671875,1.0,0.05999999865889549,-0.019999999552965164,-11.649999618530273,-0.011210605502128601,-0.0056053027510643005,-6.530529499053955,2.9600000381469727,1.0700000524520874,-0.009999999776482582,1.8200000524520874,0.8725428581237793,1.118135690689087,4.828563690185547,-0.8999999761581421,-1.3700000047683716,-0.0,14.149999618530273,-0.8243259787559509,-1.5860815048217773,-21.608150482177734,1.0,-0.05000000074505806,-0.0,8.960000038146973,-0.06240776181221008,-0.03120388090610504,1.8796119689941406,-2.319999933242798,0.9300000071525574,-0.009999999776482582,-13.949999809265137,0.23059073090553284,0.9576476812362671,2.7797675132751465,-1.7000000476837158,-1.3799999952316284,0.019999999552965164,12.210000038146973,-0.15085910260677338,-1.4177147150039673,-3.8014719486236572,1.0,-0.029999999329447746,0.009999999776482582,9.670000076293945,0.8198388814926147,0.4099194407463074,43.97694396972656,-1.2799999713897705,1.0800000429153442,-0.019999999552965164,1.25,0.5757614970207214,1.0439403057098389,-3.5759737491607666,-1.7000000476837158,-1.3700000047683716,0.009999999776482582,12.869999885559082,1.6493709087371826,-0.9676572680473328,40.21927261352539,1.0
8200,340146,0.0,0.0,0.0,0.05999999865889549,-0.0,-9.899999618530273,-0.6258580684661865,-0.31292903423309326,-37.292903900146484,-4.289999961853027,0.9100000262260437,-0.0,-12.600000381469727,-0.5785199403762817,0.755370020866394,-15.463000297546387,-1.7000000476837158,-1.3799999952316284,-0.0,12.140000343322754,0.9557019472122192,-1.141074538230896,23.892545700073242,1.0,0.05999999865889549,-0.009999999776482582,-11.619999885559082,-0.011345475912094116,-0.005672737956047058,-6.552274227142334,2.9600000381469727,1.0700000524520874,0.0,0.9300000071525574,0.8773307800292969,1.1193326711654663,4.933261871337891,-0.8999999761581421,-1.3700000047683716,0.0,14.109999656677246,-0.8278986811637878,-1.5869746208190918,-21.69746208190918,1.0,-0.05000000074505806,-0.0,8.789999961853027,-0.06229742616415024,-0.03114871308207512,1.8851287364959717,-2.319999933242798,0.9300000071525574,-0.0,-14.279999732971191,0.23024079203605652,0.9575601816177368,2.7560174465179443,-1.7000000476837158,-1.3799999952316284,0.0,11.899999618530273,-0.1525554358959198,-1.418138861656189,-3.8138866424560547,1.0,-0.029999999329447746,0.009999999776482582,9.1899995803833,0.8213094472885132,0.4106547236442566,44.050472259521484,-1.2799999713897705,1.0800000429153442,0.009999999776482582,1.4600000381469727,0.575481653213501,1.043870449066162,-3.6279594898223877,-1.7000000476837158,-1.3700000047683716,0.009999999776482582,13.380000114440918,1.6501984596252441,-0.9674503803253174,40.23996353149414,1.0
8220,340450,0.0,0.0,0.0,0.05999999865889549,-0.019999999552965164,-9.779999732971191,-0.6228126287460327,-0.31140631437301636,-37.110633850097656,-4.289999961853027,0.9100000262260437,-0.009999999776482582,-12.140000343322754,-0.5781722664833069,0.7554569244384766,-15.439310073852539,-1.7000000476837158,-1.3799999952316284,-0.009999999776482582,13.8100004196167,0.95771324634552,-1.1405717134475708,23.957828521728516,1.0,0.05999999865889549,0.019999999552965164,-11.630000114440918,-0.013054445385932922,-0.006527222692966461,-6.682722091674805,2.9600000381469727,1.0700000524520874,-0.009999999776482582,0.9900000095367432,0.8713115453720093,1.1178278923034668,4.797783851623535,-0.8999999761581421,-1.3700000047683716,0.009999999776482582,14.40999984741211,-0.822874128818512,-1.5857185125350952,-21.586849212646484,1.0,-0.05000000074505806,0.009999999776482582,8.4399995803833,-0.06267747282981873,-0.03133873641490936,1.8511264324188232,-2.319999933242798,0.9300000071525574,-0.009999999776482582,-14.210000038146973,0.23053139448165894,0.957632839679718,2.7782833576202393,-1.7000000476837158,-1.3799999952316284,-0.0,11.960000038146973,-0.148976668715477,-1.4172441959381104,-3.7244200706481934,1.0,-0.029999999329447746,0.0,9.399999618530273,0.8220659494400024,0.4110329747200012,44.10329818725586,-1.2799999713897705,1.0800000429153442,0.009999999776482582,1.0199999809265137,0.5736739039421082,1.0434184074401855,-3.673163652420044,-1.7000000476837158,-1.3700000047683716,0.0,13.020000457763672,1.6491367816925049,-0.9677157998085022,40.22842025756836,1.0
8240,340754,0.0,0.0,0.0,0.05999999865889549,0.0,-9.630000114440918,-0.624521017074585,-0.3122605085372925,-37.226051330566406,-4.289999961853027,0.9100000262260437,-0.0,-12.789999961853027,-0.5774517059326172,0.7556370496749878,-15.436297416687012,-1.7000000476837158,-1.3799999952316284,-0.009999999776482582,14.420000076293945,0.9583646059036255,-1.1404088735580444,23.974111557006836,1.0,0.05999999865889549,-0.009999999776482582,-11.770000457763672,-0.01243254542350769,-0.006216272711753845,-6.606627464294434,2.9600000381469727,1.0700000524520874,-0.009999999776482582,1.2400000095367432,0.8746253848075867,1.1186562776565552,4.880622386932373,-0.8999999761581421,-1.3700000047683716,0.009999999776482582,14.0,-0.8256759643554688,-1.5864189863204956,-21.656898498535156,1.0,-0.05000000074505806,0.019999999552965164,8.8100004196167,-0.06225799769163132,-0.03112899884581566,1.857100248336792,-2.319999933242798,0.9300000071525574,0.019999999552965164,-14.15999984741211,0.22884121537208557,0.9572103023529053,2.6910295486450195,-1.7000000476837158,-1.3799999952316284,0.009999999776482582,11.270000457763672,-0.15521450340747833,-1.4188035726547241,-3.895357847213745,1.0,-0.029999999329447746,-0.009999999776482582,9.329999923706055,0.8221889734268188,0.4110944867134094,44.124446868896484,-1.2799999713897705,1.0800000429153442,0.0,0.9900000095367432,0.5761178135871887,1.0440294742584229,-3.5970568656921387,-1.7000000476837158,-1.3700000047683716,0.0,13.1899995803833,1.6500773429870605,-0.9674806594848633,40.25193405151367,1.0
8260,341058,0.0,0.0,0.0,0.05999999865889549,-0.009999999776482582,-9.069999694824219,-0.6229428648948669,-0.31147143244743347,-37.132144927978516,-4.289999961853027,0.9100000262260437,0.009999999776482582,-12.609999656677246,-0.5805309414863586,0.7548672556877136,-15.528277397155762,-1.7000000476837158,-1.3799999952316284,0.009999999776482582,13.579999923706055,0.9574750661849976,-1.1406311988830566,23.9218807220459,1.0,0.05999999865889549,0.019999999552965164,-11.779999732971191,-0.012971065938472748,-0.006485532969236374,-6.678553581237793,2.9600000381469727,1.0700000524520874,0.0,1.4700000286102295,0.8784566521644592,1.1196141242980957,4.96140718460083,-0.8999999761581421,-1.3700000047683716,-0.0,14.319999694824219,-0.8272457122802734,-1.5868114233016968,-21.681140899658203,1.0,-0.05000000074505806,-0.0,8.369999885559082,-0.06236719340085983,-0.031183596700429916,1.8816404342651367,-2.319999933242798,0.9300000071525574,-0.009999999776482582,-14.1899995803833,0.23166456818580627,0.9579161405563354,2.8066134452819824,-1.7000000476837158,-1.3799999952316284,0.009999999776482582,11.829999923706055,-0.1530172973871231,-1.4182543754577637,-3.8404381275177,1.0,-0.029999999329447746,-0.009999999776482582,9.289999961853027,0.8230104446411133,0.41150522232055664,44.165523529052734,-1.2799999713897705,1.0800000429153442,-0.009999999776482582,0.9599999785423279,0.5749582648277283,1.0437395572662354,-3.611048460006714,-1.7000000476837158,-1.3700000047683716,0.0,13.100000381469727,1.6499783992767334,-0.9675053954124451,40.24946212768555,1.0
8300,341681,0.0,0.0,0.0,0.05999999865889549,-0.0,-9.5600004196167,-0.6237950325012207,-0.31189751625061035,-37.18975067138672,-4.289999961853027,0.9100000262260437,0.009999999776482582,-12.59000015258789,-0.5787342190742493,0.755316436290741,-15.483359336853027,-1.7000000476837158,-1.3799999952316284,-0.0,12.369999885559082,0.9566839933395386,-1.1408289670944214,23.917102813720703,1.0,0.05999999865889549,0.0,-11.899999618530273,-0.011997610330581665,-0.0059988051652908325,-6.599880695343018,2.9600000381469727,1.0700000524520874,0.0,1.7699999809265137,0.8770067691802979,1.1192517280578613,4.925167560577393,-0.8999999761581421,-1.3700000047683716,-0.0,13.720000267028809,-0.8276000022888184,-1.586899995803833,-21.689998626708984,1.0,-0.05000000074505806,0.0,8.399999618530273,-0.06288574635982513,-0.03144287317991257,1.8557127714157104,-2.319999933242798,0.9300000071525574,0.0,-13.979999542236328,0.23013761639595032,0.9575343728065491,2.75343656539917,-1.7000000476837158,-1.3799999952316284,0.0,11.59000015258789,-0.1507723033428192,-1.417693018913269,-3.7693023681640625,1.0,-0.029999999329447746,-0.019999999552965164,9.520000457763672,0.8220970630645752,0.4110485315322876,44.13485336303711,-1.2799999713897705,1.0800000429153442,-0.029999999329447746,1.0299999713897705,0.5758021473884583,1.0439505577087402,-3.559948444366455,-1.7000000476837158,-1.3700000047683716,0.019999999552965164,12.520000457763672,1.6468544006347656,-0.968286395072937,40.141361236572266,1.0
8320,341985,0.0,0.0,0.0,0.05999999865889549,-0.0,-9.550000190734863,-0.6245916485786438,-0.3122958242893219,-37.229583740234375,-4.289999961853027,0.9100000262260437,-0.009999999776482582,-12.0,-0.5735174417495728,0.7566206455230713,-15.322937965393066,-1.7000000476837158,-1.3799999952316284,-0.009999999776482582,12.4399995803833,0.9600828886032104,-1.1399792432785034,24.017074584960938,1.0,0.05999999865889549,-0.019999999552965164,-12.0600004196167,-0.013067811727523804,-0.006533905863761902,-6.6233906745910645,2.9600000381469727,1.0700000524520874,0.0,1.3799999952316284,0.8820867538452148,1.1205216646194458,5.05216121673584,-0.8999999761581421,-1.3700000047683716,-0.0,13.550000190734863,-0.8290753364562988,-1.5872688293457031,-21.726882934570312,1.0,-0.05000000074505806,-0.019999999552965164,8.550000190734863,-0.061386838555336,-0.030693419277668,1.960658073425293,-2.319999933242798,0.9300000071525574,-0.0,-14.140000343322754,0.23073619604110718,0.9576840400695801,2.7684032917022705,-1.7000000476837158,-1.3799999952316284,0.009999999776482582,11.789999961853027,-0.15261806547641754,-1.4181544780731201,-3.8304483890533447,1.0,-0.029999999329447746,-0.019999999552965164,9.4399995803833,0.8219856023788452,0.4109928011894226,44.12928009033203,-1.2799999713897705,1.0800000429153442,-0.019999999552965164,1.3700000047683716,0.5785865783691406,1.0446466207504272,-3.5053422451019287,-1.7000000476837158,-1.3700000047683716,-0.009999999776482582,11.5600004196167,1.6520435810089111,-0.9669890999794006,40.31608963012695,1.0
8340,342289,0.0,0.0,0.0,0.05999999865889549,-0.0,-8.739999771118164,-0.6238294243812561,-0.31191471219062805,-37.191471099853516,-4.289999961853027,0.9100000262260437,-0.0,-11.9399995803833,-0.5774506330490112,0.7556372880935669,-15.436273574829102,-1.7000000476837158,-1.3799999952316284,0.009999999776482582,13.850000381469727,0.9584802389144897,-1.1403799057006836,23.947010040283203,1.0,0.05999999865889549,-0.0,-11.729999542236328,-0.012531548738479614,-0.006265774369239807,-6.626577854156494,2.9600000381469727,1.0700000524520874,0.0,1.6100000143051147,0.8833746910095215,1.1208436489105225,5.084359645843506,-0.8999999761581421,-1.3700000047683716,-0.009999999776482582,14.1899995803833,-0.8289136290550232,-1.5872284173965454,-21.707841873168945,1.0,-0.05000000074505806,-0.019999999552965164,8.550000190734863,-0.06195083260536194,-0.03097541630268097,1.9324584007263184,-2.319999933242798,0.9300000071525574,0.0,-14.210000038146973,0.23158258199691772,0.9578956365585327,2.789562940597534,-1.7000000476837158,-1.3799999952316284,-0.009999999776482582,11.609999656677246,-0.15171916782855988,-1.417929768562317,-3.777977228164673,1.0,-0.029999999329447746,-0.019999999552965164,9.359999656677246,0.8224109411239624,0.4112054705619812,44.15054702758789,-1.2799999713897705,1.0800000429153442,-0.019999999552965164,0.9700000286102295,0.5770730972290039,1.044268250465393,-3.5431792736053467,-1.7000000476837158,-1.3700000047683716,0.0,12.430000305175781,1.650282382965088,-0.9674293994903564,40.25706100463867,1.0
8360,342593,0.0,0.0,0.0,0.05999999865889549,-0.0,-9.390000343322754,-0.6229533553123474,-0.3114766776561737,-37.147666931152344,-4.289999961853027,0.9100000262260437,-0.029999999329447746,-12.069999694824219,-0.5719795227050781,0.7570050954818726,-15.25449275970459,-1.7000000476837158,-1.3799999952316284,0.0,13.880000114440918,0.9594796895980835,-1.1401300430297852,23.986995697021484,1.0,0.05999999865889549,-0.0,-11.59000015258789,-0.013215966522693634,-0.006607983261346817,-6.660798072814941,2.9600000381469727,1.0700000524520874,-0.009999999776482582,1.2000000476837158,0.8809406757354736,1.1202352046966553,5.038515090942383,-0.8999999761581421,-1.3700000047683716,-0.009999999776482582,13.1899995803833,-0.8287785053253174,-1.5871946811676025,-21.7044677734375,1.0,-0.05000000074505806,0.009999999776482582,8.90999984741211,-0.06188686937093735,-0.030943434685468674,1.890656590461731,-2.319999933242798,0.9300000071525574,0.019999999552965164,-13.3100004196167,0.22911426424980164,0.9572785496711731,2.6978542804718018,-1.7000000476837158,-1.3799999952316284,-0.009999999776482582,11.369999885559082,-0.1550450474023819,-1.4187612533569336,-3.8611257076263428,1.0,-0.029999999329447746,-0.009999999776482582,9.4399995803833,0.8225852251052856,0.4112926125526428,44.14426040649414,-1.2799999713897705,1.0800000429153442,0.009999999776482582,1.2000000476837158,0.5771346092224121,1.0442836284637451,-3.586641550064087,-1.7000000476837158,-1.3700000047683716,0.009999999776482582,13.260000228881836,1.6535794734954834,-0.9666051268577576,40.32448959350586,1.0
8380,342897,0.0,0.0,0.0,0.05999999865889549,0.0,-9.279999732971191,-0.6248760223388672,-0.3124380111694336,-37.24380111694336,-4.289999961853027,0.9100000262260437,-0.019999999552965164,-12.239999771118164,-0.5746636986732483,0.7563340663909912,-15.336596488952637,-1.7000000476837158,-1.3799999952316284,-0.009999999776482582,12.819999694824219,0.9585057497024536,-1.1403735876083374,23.97764015197754,1.0,0.05999999865889549,-0.019999999552965164,-11.59000015258789,-0.012490816414356232,-0.006245408207178116,-6.594540596008301,2.9600000381469727,1.0700000524520874,0.009999999776482582,1.6200000047683716,0.8717237710952759,1.1179308891296387,4.778083801269531,-0.8999999761581421,-1.3700000047683716,-0.019999999552965164,13.569999694824219,-0.8254183530807495,-1.5863546133041382,-21.605459213256836,1.0,-0.05000000074505806,0.009999999776482582,8.529999732971191,-0.06274029612541199,-0.031370148062705994,1.8479852676391602,-2.319999933242798,0.9300000071525574,0.0,-13.989999771118164,0.22915613651275635,0.9572889804840088,2.7288973331451416,-1.7000000476837158,-1.3799999952316284,0.009999999776482582,11.350000381469727,-0.15205322206020355,-1.418013334274292,-3.8163340091705322,1.0,-0.029999999329447746,-0.009999999776482582,9.890000343322754,0.8218498229980469,0.41092491149902344,44.10749053955078,-1.2799999713897705,1.0800000429153442,0.009999999776482582,1.0399999618530273,0.5754826664924622,1.0438706874847412,-3.6279356479644775,-1.7000000476837158,-1.3700000047683716,0.0,12.75,1.650644063949585,-0.9673389792442322,40.2661018371582,1.0
8400,343201,0.0,0.0,0.0,0.05999999865889549,0.019999999552965164,-9.949999809265137,-0.6242395639419556,-0.3121197819709778,-37.24197769165039,-4.289999961853027,0.9100000262260437,-0.009999999776482582,-12.119999885559082,-0.5738505125045776,0.7565373182296753,-15.331270217895508,-1.7000000476837158,-1.3799999952316284,-0.009999999776482582,13.4399995803833,0.9592784643173218,-1.1401803493499756,23.996963500976562,1.0,0.05999999865889549,0.009999999776482582,-11.460000038146973,-0.013301864266395569,-0.006650932133197784,-6.6800923347473145,2.9600000381469727,1.0700000524520874,-0.009999999776482582,1.5299999713897705,0.8784406781196594,1.1196101903915405,4.976013660430908,-0.8999999761581421,-1.3700000047683716,0.009999999776482582,14.300000190734863,-0.8269287347793579,-1.5867321491241455,-21.688213348388672,1.0,-0.05000000074505806,0.0,8.770000457763672,-0.061349958181381226,-0.030674979090690613,1.9325021505355835,-2.319999933242798,0.9300000071525574,0.009999999776482582,-13.989999771118164,0.23063358664512634,0.9576583504676819,2.7508342266082764,-1.7000000476837158,-1.3799999952316284,0.009999999776482582,10.8100004196167,-0.15435609221458435,-1.4185889959335327,-3.8739001750946045,1.0,-0.029999999329447746,-0.009999999776482582,9.050000190734863,0.822063684463501,0.4110318422317505,44.11818313598633,-1.2799999713897705,1.0800000429153442,-0.009999999776482582,1.0800000429153442,0.5778493881225586,1.0444623231887817,-3.538771867752075,-1.7000000476837158,-1.3700000047683716,-0.0,13.229999542236328,1.6534757614135742,-0.9666310548782349,40.33689498901367,1.0
8420,343505,0.0,0.0,0.0,0.05999999865889549,-0.0,-9.470000267028809,-0.6235314607620239,-0.31176573038101196,-37.17657470703125,-4.289999961853027,0.9100000262260437,0.0,-12.079999923706055,-0.5773851871490479,0.7556536793708801,-15.434635162353516,-1.7000000476837158,-1.3799999952316284,-0.0,13.329999923706055,0.9597238302230835,-1.1400690078735352,23.993099212646484,1.0,0.05999999865889549,0.03999999910593033,-11.670000076293945,-0.0133894681930542,-0.0066947340965271,-6.72947359085083,2.9600000381469727,1.0700000524520874,0.019999999552965164,0.9300000071525574,0.8911076784133911,1.1227768659591675,5.247681140899658,-0.8999999761581421,-1.3700000047683716,0.0,14.09000015258789,-0.8335127830505371,-1.5883781909942627,-21.837818145751953,1.0,-0.05000000074505806,0.009999999776482582,8.819999694824219,-0.061797015368938446,-0.030898507684469223,1.8951493501663208,-2.319999933242798,0.9300000071525574,-0.009999999776482582,-13.880000114440918,0.233230859041214,0.958307683467865,2.8457677364349365,-1.7000000476837158,-1.3799999952316284,0.009999999776482582,11.010000228881836,-0.15428118407726288,-1.4185702800750732,-3.8720285892486572,1.0,-0.029999999329447746,-0.0,9.239999771118164,0.8243824243545532,0.4121912121772766,44.219120025634766,-1.2799999713897705,1.0800000429153442,-0.0,0.8299999833106995,0.57694411277771,1.0442359447479248,-3.5764098167419434,-1.7000000476837158,-1.3700000047683716,-0.0,12.550000190734863,1.6559219360351562,-0.9660195112228394,40.398048400878906,1.0
8440,343809,0.0,0.0,0.0,0.05999999865889549,-0.0,-9.779999732971191,-0.6249121427536011,-0.31245607137680054,-37.24560546875,-4.289999961853027,0.9100000262260437,0.009999999776482582,-12.470000267028809,-0.5789638161659241,0.7552590370178223,-15.489099502563477,-1.7000000476837158,-1.3799999952316284,-0.009999999776482582,12.770000457763672,0.9615427255630493,-1.1396143436431885,24.053564071655273,1.0,0.05999999865889549,0.0,-11.90999984741211,-0.013058975338935852,-0.006529487669467926,-6.652948379516602,2.9600000381469727,1.0700000524520874,0.009999999776482582,1.9600000381469727,0.8861501216888428,1.121537446975708,5.138739585876465,-0.8999999761581421,-1.3700000047683716,-0.0,13.600000381469727,-0.8317051529884338,-1.5879262685775757,-21.792625427246094,1.0,-0.05000000074505806,0.0,8.5600004196167,-0.06134409457445145,-0.030672047287225723,1.9327952861785889,-2.319999933242798,0.9300000071525574,0.0,-14.039999961853027,0.2311277687549591,0.9577819108963013,2.7781903743743896,-1.7000000476837158,-1.3799999952316284,0.009999999776482582,11.569999694824219,-0.1562318652868271,-1.4190579652786255,-3.920797109603882,1.0,-0.029999999329447746,-0.009999999776482582,9.300000190734863,0.8244936466217041,0.41224682331085205,44.239681243896484,-1.2799999713897705,1.0800000429153442,0.019999999552965164,1.0199999809265137,0.5754567980766296,1.043864130973816,-3.6435911655426025,-1.7000000476837158,-1.3700000047683716,0.0,11.399999618530273,1.6536352634429932,-0.9665911793708801,40.34088134765625,1.0
8460,344113,0.0,0.0,0.0,0.05999999865889549,-0.009999999776482582,-9.75,-0.623271107673645,-0.3116355538368225,-37.148555755615234,-4.289999961853027,0.9100000262260437,-0.009999999776482582,-12.930000305175781,-0.5774135589599609,0.7556465864181519,-15.420343399047852,-1.7000000476837158,-1.3799999952316284,0.009999999776482582,13.210000038146973,0.9585109949111938,-1.1403722763061523,23.947772979736328,1.0,0.05999999865889549,-0.009999999776482582,-11.739999771118164,-0.012285411357879639,-0.006142705678939819,-6.599270820617676,2.9600000381469727,1.0700000524520874,0.009999999776482582,1.2200000286102295,0.882436990737915,1.1206092834472656,5.045923233032227,-0.8999999761581421,-1.3700000047683716,-0.009999999776482582,14.130000114440918,-0.8299905061721802,-1.587497591972351,-21.734760284423828,1.0,-0.05000000074505806,0.0,8.890000343322754,-0.06236489117145538,-0.03118244558572769,1.8817554712295532,-2.319999933242798,0.9300000071525574,0.009999999776482582,-13.989999771118164,0.23038440942764282,0.9575960636138916,2.744605541229248,-1.7000000476837158,-1.3799999952316284,0.0,11.479999542236328,-0.1542917937040329,-1.4185729026794434,-3.857290744781494,1.0,-0.029999999329447746,0.0,9.300000190734863,0.8226892948150635,0.41134464740753174,44.134464263916016,-1.2799999713897705,1.0800000429153442,0.0,0.6899999976158142,0.5757462978363037,1.0439364910125732,-3.6063551902770996,-1.7000000476837158,-1.3700000047683716,0.009999999776482582,11.899999618530273,1.6509945392608643,-0.9672513604164124,40.259864807128906,1.0
8480,344417,0.0,0.0,0.0,0.05999999865889549,-0.029999999329447746,-9.329999923706055,-0.6208440661430359,-0.31042203307151794,-36.9972038269043,-4.289999961853027,0.9100000262260437,-0.009999999776482582,-12.3100004196167,-0.5730072259902954,0.7567481994628906,-15.310182571411133,-1.7000000476837158,-1.3799999952316284,0.009999999776482582,11.819999694824219,0.9621765613555908,-1.139455795288086,24.03942108154297,1.0,0.05999999865889549,0.009999999776482582,-11.079999923706055,-0.013842515647411346,-0.006921257823705673,-6.707125663757324,2.9600000381469727,1.0700000524520874,0.0,2.0999999046325684,0.873420238494873,1.1183550357818604,4.835498332977295,-0.8999999761581421,-1.3700000047683716,-0.0,14.140000343322754,-0.8252548575401306,-1.5863137245178223,-21.631372451782227,1.0,-0.05000000074505806,0.019999999552965164,8.869999885559082,-0.061734482645988464,-0.030867241322994232,1.8832759857177734,-2.319999933242798,0.9300000071525574,0.029999999329447746,-14.210000038146973,0.22757089138031006,0.956892728805542,2.6442720890045166,-1.7000000476837158,-1.3799999952316284,0.009999999776482582,12.359999656677246,-0.15655462443828583,-1.4191386699676514,-3.9288675785064697,1.0,-0.029999999329447746,0.009999999776482582,9.329999923706055,0.8212499618530273,0.41062498092651367,44.04750061035156,-1.2799999713897705,1.0800000429153442,-0.009999999776482582,0.9300000071525574,0.5776168704032898,1.044404149055481,-3.5445892810821533,-1.7000000476837158,-1.3700000047683716,0.0,12.470000267028809,1.6524767875671387,-0.9668807983398438,40.311920166015625,1.0
8519,345040,0.0,0.0,0.0,0.05999999865889549,-0.0,-9.4399995803833,-0.6225790977478027,-0.31128954887390137,-37.12895584106445,-4.289999961853027,0.9100000262260437,0.0,-12.229999542236328,-0.5761029720306396,0.7559742331504822,-15.402579307556152,-1.7000000476837158,-1.3799999952316284,-0.009999999776482582,13.710000038146973,0.9571371078491211,-1.1407157182693481,23.94342803955078,1.0,0.05999999865889549,-0.009999999776482582,-11.489999771118164,-0.012180425226688385,-0.0060902126133441925,-6.594021320343018,2.9600000381469727,1.0700000524520874,-0.019999999552965164,1.0700000524520874,0.8731381893157959,1.1182844638824463,4.858441352844238,-0.8999999761581421,-1.3700000047683716,-0.009999999776482582,14.079999923706055,-0.8242990970611572,-1.5860748291015625,-21.592483520507812,1.0,-0.05000000074505806,0.0,8.84000015258789,-0.062137067317962646,-0.031068533658981323,1.8931467533111572,-2.319999933242798,0.9300000071525574,0.019999999552965164,-13.720000267028809,0.22996896505355835,0.9574922323226929,2.7192225456237793,-1.7000000476837158,-1.3799999952316284,0.0,11.510000228881836,-0.15425680577754974,-1.4185642004013062,-3.8564205169677734,1.0,-0.029999999329447746,-0.009999999776482582,8.920000076293945,0.8201168775558472,0.4100584387779236,44.020843505859375,-1.2799999713897705,1.0800000429153442,-0.009999999776482582,1.0499999523162842,0.575411856174469,1.0438529253005981,-3.5997116565704346,-1.7000000476837158,-1.3700000047683716,0.009999999776482582,12.1899995803833,1.6479887962341309,-0.9680027961730957,40.184722900390625,1.0
8539,345344,0.0,0.0,0.0,0.05999999865889549,0.0,-9.789999961853027,-0.6226751804351807,-0.31133759021759033,-37.133758544921875,-4.289999961853027,0.9100000262260437,-0.0,-12.0,-0.5741693377494812,0.7564576268196106,-15.354240417480469,-1.7000000476837158,-1.3799999952316284,-0.009999999776482582,13.760000228881836,0.9573099613189697,-1.1406724452972412,23.94775390625,1.0,0.05999999865889549,-0.009999999776482582,-11.770000457763672,-0.012201249599456787,-0.0061006247997283936,-6.595062732696533,2.9600000381469727,1.0700000524520874,0.0,1.3600000143051147,0.8707478046417236,1.1176869869232178,4.768693447113037,-0.8999999761581421,-1.3700000047683716,-0.009999999776482582,14.050000190734863,-0.8252262473106384,-1.5863065719604492,-21.615657806396484,1.0,-0.05000000074505806,0.009999999776482582,8.800000190734863,-0.06201455742120743,-0.031007278710603714,1.8842722177505493,-2.319999933242798,0.9300000071525574,0.0,-13.960000038146973,0.2304021716117859,0.9576005339622498,2.7600526809692383,-1.7000000476837158,-1.3799999952316284,0.0,10.84000015258789,-0.15220749378204346,-1.418051838874817,-3.8051843643188477,1.0,-0.029999999329447746,0.019999999552965164,9.619999885559082,0.818986177444458,0.409493088722229,43.9193115234375,-1.2799999713897705,1.0800000429153442,0.0,1.090000033378601,0.5744657516479492,1.0436164140701294,-3.6383628845214844,-1.7000000476837158,-1.3700000047683716,0.029999999329447746,12.920000076293945,1.6496434211730957,-0.9675891399383545,40.19608688354492,1.0
8559,345648,0.0,0.0,0.0,0.05999999865889549,-0.009999999776482582,-9.84000015258789,-0.6220491528511047,-0.31102457642555237,-37.087459564208984,-4.289999961853027,0.9100000262260437,-0.0,-12.369999885559082,-0.5798256397247314,0.7550435662269592,-15.495645523071289,-1.7000000476837158,-1.3799999952316284,0.009999999776482582,12.819999694824219,0.954839825630188,-1.1412900686264038,23.855993270874023,1.0,0.05999999865889549,-0.009999999776482582,-11.930000305175781,-0.010959997773170471,-0.005479998886585236,-6.532999515533447,2.9600000381469727,1.0700000524520874,-0.0,1.6200000047683716,0.8788169026374817,1.119704246520996,4.970419406890869,-0.8999999761581421,-1.3700000047683716,0.019999999552965164,13.970000267028809,-0.8292168974876404,-1.5873042345046997,-21.76042366027832,1.0,-0.05000000074505806,0.029999999329447746,8.779999732971191,-0.06421039998531342,-0.03210519999265671,1.7444801330566406,-2.319999933242798,0.9300000071525574,0.0,-13.869999885559082,0.23192617297172546,0.957981526851654,2.798151969909668,-1.7000000476837158,-1.3799999952316284,-0.009999999776482582,11.949999809265137,-0.15086732804775238,-1.4177168607711792,-3.7566864490509033,1.0,-0.029999999329447746,0.009999999776482582,9.470000267028809,0.8218791484832764,0.4109395742416382,44.078956604003906,-1.2799999713897705,1.0800000429153442,-0.009999999776482582,1.0800000429153442,0.573580265045166,1.0433950424194336,-3.6454999446868896,-1.7000000476837158,-1.3700000047683716,0.03999999910593033,12.800000190734863,1.647144079208374,-0.9682139754295349,40.11860275268555,1.0
8579,345952,0.0,0.0,0.0,0.05999999865889549,0.0,-9.729999542236328,-0.6168754696846008,-0.3084377348423004,-36.843772888183594,-4.289999961853027,0.9100000262260437,0.019999999552965164,-12.039999961853027,-0.5558674931526184,0.7610331177711487,-14.926690101623535,-1.7000000476837158,-1.3799999952316284,0.0,11.760000228881836,0.9628958702087402,-1.1392760276794434,24.072397232055664,1.0,0.05999999865889549,0.0,-11.399999618530273,-0.0157812237739563,-0.00789061188697815,-6.789061546325684,2.9600000381469727,1.0700000524520874,0.019999999552965164,1.0,0.8586239218711853,1.1146559715270996,4.435591697692871,-0.8999999761581421,-1.3700000047683716,0.0,14.600000381469727,-0.8265438079833984,-1.586635947227478,-21.663593292236328,1.0,-0.05000000074505806,0.0,8.609999656677246,-0.06122010946273804,-0.03061005473136902,1.9389946460723877,-2.319999933242798,0.9300000071525574,-0.009999999776482582,-14.010000228881836,0.226118266582489,0.9565295577049255,2.667955160140991,-1.7000000476837158,-1.3799999952316284,0.0,11.529999732971191,-0.1461494415998459,-1.4165374040603638,-3.653740882873535,1.0,-0.029999999329447746,-0.009999999776482582,9.260000228881836,0.8097028732299805,0.40485143661499023,43.500144958496094,-1.2799999713897705,1.0800000429153442,-0.009999999776482582,1.090000033378601,0.5523352026939392,1.038083791732788,-4.1766252517700195,-1.7000000476837158,-1.3600000143051147,0.029999999329447746,12.779999732971191,1.6064865589141846,-0.9783783555030823,38.11716842651367,1.0
8599,346256,0.0,0.0,0.0,0.05999999865889549,0.009999999776482582,-9.430000305175781,-0.6231854557991028,-0.3115927278995514,-37.17427062988281,-4.289999961853027,0.9100000262260437,0.0,-12.300000190734863,-0.5393266677856445,0.765168309211731,-14.483171463012695,-1.7000000476837158,-1.3799999952316284,0.009999999776482582,11.84000015258789,0.9701694250106812,-1.1374576091766357,24.239238739013672,1.0,0.05999999865889549,-0.009999999776482582,-11.619999885559082,-0.015043564140796661,-0.007521782070398331,-6.737178325653076,2.9600000381469727,1.0700000524520874,-0.009999999776482582,1.1799999475479126,0.8493131399154663,1.112328290939331,4.247823715209961,-0.8999999761581421,-1.3700000047683716,0.0,14.390000343322754,-0.8285876512527466,-1.5871468782424927,-21.71468734741211,1.0,-0.03999999910593033,0.019999999552965164,8.729999542236328,-0.055396728217601776,-0.027698364108800888,1.20016348361969,-2.319999933242798,0.9300000071525574,0.0,-14.180000305175781,0.22062838077545166,0.9551570415496826,2.5157034397125244,-1.7000000476837158,-1.3799999952316284,0.0,11.180000305175781,-0.13749702274799347,-1.4143742322921753,-3.4374237060546875,1.0,-0.029999999329447746,0.009999999776482582,9.640000343322754,0.8070526123046875,0.40352630615234375,43.33763122558594,-1.2799999713897705,1.0800000429153442,-0.009999999776482582,1.1200000047683716,0.5452747941017151,1.0363186597824097,-4.353138446807861,-1.7000000476837158,-1.3600000143051147,0.05999999865889549,12.5600004196167,1.5987448692321777,-0.980313777923584,37.878623962402344,1.0
8619,346560,0.0,0.0,0.0,0.05999999865889549,0.0,-9.489999771118164,-0.6262909173965454,-0.3131454586982727,-37.314544677734375,-4.289999961853027,0.9100000262260437,-0.009999999776482582,-12.109999656677246,-0.5269315242767334,0.7682670950889587,-14.158292770385742,-1.7000000476837158,-1.3799999952316284,0.009999999776482582,12.369999885559082,0.9763578176498413,-1.1359105110168457,24.393949508666992,1.0,0.05999999865889549,-0.019999999552965164,-11.630000114440918,-0.01640962064266205,-0.008204810321331024,-6.790480136871338,2.9600000381469727,1.0700000524520874,-0.0,1.4199999570846558,0.8522056341171265,1.113051414489746,4.305136203765869,-0.8999999761581421,-1.3700000047683716,0.019999999552965164,13.619999885559082,-0.8279780149459839,-1.5869945287704468,-21.72945213317871,1.0,-0.03999999910593033,0.009999999776482582,9.170000076293945,-0.05170910805463791,-0.025854554027318954,1.3995444774627686,-2.319999933242798,0.9300000071525574,-0.019999999552965164,-13.979999542236328,0.22169968485832214,0.9554249048233032,2.5724897384643555,-1.7000000476837158,-1.3799999952316284,0.009999999776482582,11.270000457763672,-0.13888071477413177,-1.4147201776504517,-3.487018346786499,1.0,-0.029999999329447746,0.009999999776482582,9.369999885559082,0.7982312440872192,0.3991156220436096,42.89656448364258,-1.2799999713897705,1.0800000429153442,-0.009999999776482582,1.0099999904632568,0.5437861084938049,1.0359464883804321,-4.390355587005615,-1.7000000476837158,-1.3600000143051147,0.07000000029802322,12.9399995803833,1.5863895416259766,-0.9834026098251343,37.55474090576172,1.0
8639,346864,0.0,0.0,0.0,0.05999999865889549,0.019999999552965164,-9.5600004196167,-0.632335901260376,-0.316167950630188,-37.646793365478516,-4.289999961853027,0.9100000262260437,0.0,-12.619999885559082,-0.526033341884613,0.7684916257858276,-14.150839805603027,-1.7000000476837158,-1.3799999952316284,-0.0,13.850000381469727,0.9797980785369873,-1.1350505352020264,24.494945526123047,1.0,0.05999999865889549,-0.0,-11.609999656677246,-0.01687924563884735,-0.008439622819423676,-6.843961715698242,2.9600000381469727,1.0700000524520874,0.009999999776482582,1.5299999713897705,0.8565819263458252,1.1141455173492432,4.3995466232299805,-0.8999999761581421,-1.3700000047683716,0.009999999776482582,14.390000343322754,-0.8290460705757141,-1.5872615575790405,-21.741153717041016,1.0,-0.03999999910593033,-0.0,8.770000457763672,-0.050150349736213684,-0.025075174868106842,1.4924824237823486,-2.319999933242798,0.9300000071525574,-0.019999999552965164,-13.970000267028809,0.22027313709259033,0.9550682306289673,2.5368223190307617,-1.7000000476837158,-1.3799999952316284,0.009999999776482582,12.449999809265137,-0.13461177051067352,-1.4136528968811035,-3.3802902698516846,1.0,-0.029999999329447746,-0.0,9.029999732971191,0.7979645729064941,0.39898228645324707,42.89822769165039,-1.2799999713897705,1.0800000429153442,0.009999999776482582,1.2100000381469727,0.5447399616241455,1.0361850261688232,-4.396501541137695,-1.7000000476837158,-1.3600000143051147,0.029999999329447746,12.220000267028809,1.5878047943115234,-0.9830487966537476,37.650123596191406,1.0
8659,347168,0.0,0.0,0.0,0.05999999865889549,-0.0,-9.630000114440918,-0.6336089968681335,-0.3168044984340668,-37.680450439453125,-4.289999961853027,0.9100000262260437,0.029999999329447746,-12.40999984741211,-0.5325354933738708,0.7668660879135132,-14.358393669128418,-1.7000000476837158,-1.3799999952316284,0.0,12.630000114440918,0.9809446334838867,-1.1347638368606567,24.523616790771484,1.0,0.05999999865889549,-0.009999999776482582,-11.699999809265137,-0.016724899411201477,-0.008362449705600739,-6.821244716644287,2.9600000381469727,1.0700000524520874,0.009999999776482582,1.2899999618530273,0.8635929822921753,1.1158982515335083,4.574820041656494,-0.8999999761581421,-1.3700000047683716,0.029999999329447746,14.170000076293945,-0.8300817012786865,-1.5875203609466553,-21.797035217285156,1.0,-0.03999999910593033,-0.0,8.449999809265137,-0.04966955631971359,-0.024834778159856796,1.5165220499038696,-2.319999933242798,0.9300000071525574,0.0,-14.15999984741211,0.22071024775505066,0.9551775455474854,2.517753839492798,-1.7000000476837158,-1.3799999952316284,0.029999999329447746,11.25,-0.13806204497814178,-1.414515495300293,-3.4965500831604004,1.0,-0.029999999329447746,0.009999999776482582,9.819999694824219,0.8000398874282837,0.40001994371414185,42.986995697021484,-1.2799999713897705,1.0800000429153442,-0.009999999776482582,1.0099999904632568,0.5465349555015564,1.0366337299346924,-4.32163143157959,-1.7000000476837158,-1.3600000143051147,0.019999999552965164,12.289999961853027,1.5888164043426514,-0.9827958941459656,37.69041442871094,1.0
8679,347487,0.0,0.0,0.0,0.05999999865889549,0.009999999776482582,-9.5,-0.6352686285972595,-0.31763431429862976,-37.7784309387207,-4.289999961853027,0.9100000262260437,0.009999999776482582,-12.5600004196167,-0.5301529765129089,0.7674617171287537,-14.268831253051758,-1.7000000476837158,-1.3799999952316284,0.0,12.979999542236328,0.9796074628829956,-1.1350980997085571,24.490188598632812,1.0,0.05999999865889549,-0.009999999776482582,-11.529999732971191,-0.016364052891731262,-0.008182026445865631,-6.803202152252197,2.9600000381469727,1.0700000524520874,-0.0,1.6200000047683716,0.8580539226531982,1.1145133972167969,4.451334476470947,-0.8999999761581421,-1.3700000047683716,0.0,14.069999694824219,-0.8281935453414917,-1.5870484113693237,-21.70484161376953,1.0,-0.03999999910593033,-0.0,8.739999771118164,-0.0494830384850502,-0.0247415192425251,1.5258480310440063,-2.319999933242798,0.9300000071525574,0.019999999552965164,-14.130000114440918,0.21705013513565063,0.9542624950408936,2.3962488174438477,-1.7000000476837158,-1.3799999952316284,-0.0,12.239999771118164,-0.13857373595237732,-1.414643406867981,-3.464341163635254,1.0,-0.029999999329447746,0.009999999776482582,9.829999923706055,0.7994183301925659,0.39970916509628296,42.95591735839844,-1.2799999713897705,1.0800000429153442,0.009999999776482582,1.100000023841858,0.5464685559272766,1.0366171598434448,-4.353288173675537,-1.7000000476837158,-1.3600000143051147,0.019999999552965164,12.239999771118164,1.5872347354888916,-0.9831913113594055,37.65087127685547,1.0
8699,347791,0.0,0.0,0.0,0.05999999865889549,0.009999999776482582,-9.90999984741211,-0.6359155774116516,-0.3179577887058258,-37.8107795715332,-4.289999961853027,0.9100000262260437,-0.009999999776482582,-12.449999809265137,-0.5454246401786804,0.7636438012123108,-14.620621681213379,-1.7000000476837158,-1.3799999952316284,-0.009999999776482582,13.710000038146973,0.9921940565109253,-1.1319514513015747,24.819854736328125,1.0,0.05999999865889549,0.029999999329447746,-11.359999656677246,-0.01646016538143158,-0.00823008269071579,-6.868007659912109,2.9600000381469727,1.0700000524520874,0.0,2.0999999046325684,0.863730788230896,1.1159327030181885,4.593265056610107,-0.8999999761581421,-1.3700000047683716,0.009999999776482582,14.289999961853027,-0.8153064250946045,-1.5838265419006348,-21.397653579711914,1.0,-0.03999999910593033,-0.009999999776482582,8.949999809265137,-0.04692256450653076,-0.02346128225326538,1.6688716411590576,-2.319999933242798,0.9300000071525574,-0.009999999776482582,-14.350000381469727,0.2254854440689087,0.9563713073730469,2.652130126953125,-1.7000000476837158,-1.3700000047683716,0.009999999776482582,11.829999923706055,-0.15306982398033142,-1.4182674884796143,-4.841748237609863,1.0,-0.029999999329447746,-0.009999999776482582,9.569999694824219,0.8056622743606567,0.40283113718032837,43.29811477661133,-1.2799999713897705,1.0800000429153442,0.009999999776482582,1.340000033378601,0.5438986420631409,1.0359746217727661,-4.417541980743408,-1.7000000476837158,-1.3600000143051147,0.029999999329447746,11.279999732971191,1.5859246253967285,-0.9835188388824463,37.603118896484375,1.0
8718,348080,0.0,0.0,0.0,0.05999999865889549,0.009999999776482582,-9.600000381469727,-0.6074628233909607,-0.30373141169548035,-36.38814163208008,-4.289999961853027,0.9100000262260437,0.009999999776482582,-12.09000015258789,-0.5596508979797363,0.760087251663208,-15.006278038024902,-1.7000000476837158,-1.3799999952316284,0.009999999776482582,12.350000381469727,0.9893773794174194,-1.1326556205749512,24.719438552856445,1.0,0.05999999865889549,-0.009999999776482582,-11.619999885559082,-0.01635507494211197,-0.008177537471055984,-6.802753925323486,2.9600000381469727,1.0700000524520874,0.0,1.4500000476837158,0.8441387414932251,1.111034631729126,4.103457927703857,-0.8999999761581421,-1.3700000047683716,0.019999999552965164,14.34000015258789,-0.8102908730506897,-1.5825726985931396,-21.287269592285156,1.0,-0.03999999910593033,-0.009999999776482582,8.890000343322754,-0.05166947841644287,-0.025834739208221436,1.4315259456634521,-2.319999933242798,0.9300000071525574,-0.0,-14.510000228881836,0.2433568239212036,0.9608391523361206,3.0839145183563232,-1.7000000476837158,-1.3700000047683716,0.019999999552965164,10.829999923706055,-0.15690702199935913,-1.4192267656326294,-4.952676296234131,1.0,-0.029999999329447746,-0.009999999776482582,9.369999885559082,0.8111047744750977,0.40555238723754883,43.57024002075195,-1.2799999713897705,1.0800000429153442,-0.019999999552965164,0.9100000262260437,0.5405004620552063,1.0351251363754272,-4.45749044418335,-1.7000000476837158,-1.3600000143051147,0.0,12.119999885559082,1.5903959274291992,-0.9824010133743286,37.7598991394043,1.0
8738,348384,0.0,0.0,0.0,0.05999999865889549,0.009999999776482582,-9.319999694824219,-0.5868175625801086,-0.2934087812900543,-35.35587692260742,-4.289999961853027,0.9100000262260437,-0.009999999776482582,-12.369999885559082,-0.5503350496292114,0.7624162435531616,-14.743377685546875,-1.7000000476837158,-1.3799999952316284,0.0,12.470000267028809,0.9944843053817749,-1.1313788890838623,24.862110137939453,1.0,0.05999999865889549,0.0,-11.270000457763672,-0.020019277930259705,-0.010009638965129852,-7.00096321105957,2.9600000381469727,1.0700000524520874,-0.0,1.600000023841858,0.7996565699577332,1.0999140739440918,2.9914021492004395,-0.8999999761581421,-1.3700000047683716,0.0,14.050000190734863,-0.7888855934143066,-1.577221393585205,-20.722139358520508,1.0,-0.05000000074505806,0.0,8.680000305175781,-0.0592937171459198,-0.0296468585729599,2.0353143215179443,-2.319999933242798,0.9300000071525574,0.0,-13.9399995803833,0.23784223198890686,0.9594605565071106,2.9460549354553223,-1.7000000476837158,-1.3700000047683716,0.029999999329447746,10.569999694824219,-0.1376429796218872,-1.4144107103347778,-4.48607063293457,1.0,-0.029999999329447746,-0.009999999776482582,9.739999771118164,0.801260232925415,0.4006301164627075,43.07801055908203,-1.2799999713897705,1.0800000429153442,0.0,1.399999976158142,0.5411614179611206,1.0352903604507446,-4.470968246459961,-1.7000000476837158,-1.3600000143051147,0.009999999776482582,12.130000114440918,1.5971286296844482,-0.9807178378105164,37.9132194519043,1.0
8758,348688,0.0,0.0,0.0,0.05999999865889549,-0.0,-9.65999984741211,-0.5765920877456665,-0.28829604387283325,-34.82960510253906,-4.289999961853027,0.9100000262260437,0.009999999776482582,-12.25,-0.5487364530563354,0.7628158330917358,-14.733419418334961,-1.7000000476837158,-1.3799999952316284,-0.009999999776482582,12.720000267028809,0.9982119798660278,-1.1304470300674438,24.970294952392578,1.0,0.05999999865889549,0.0,-11.609999656677246,-0.02062724530696869,-0.010313622653484344,-7.0313615798950195,2.9600000381469727,1.0700000524520874,0.009999999776482582,1.7699999809265137,0.8005470037460327,1.1001367568969727,2.9986703395843506,-0.8999999761581421,-1.3700000047683716,0.0,14.3100004196167,-0.7918521761894226,-1.5779629945755005,-20.79629898071289,1.0,-0.05000000074505806,0.0,8.75,-0.06054519861936569,-0.030272599309682846,1.9727401733398438,-2.319999933242798,0.9300000071525574,-0.0,-14.289999961853027,0.24153608083724976,0.9603840112686157,3.038400411605835,-1.7000000476837158,-1.3700000047683716,0.03999999910593033,11.600000381469727,-0.13821443915367126,-1.4145536422729492,-4.515363693237305,1.0,-0.029999999329447746,0.009999999776482582,9.460000038146973,0.8016215562820435,0.40081077814102173,43.066078186035156,-1.2799999713897705,1.0800000429153442,0.009999999776482582,1.1100000143051147,0.5387263894081116,1.0346815586090088,-4.546848297119141,-1.7000000476837158,-1.3600000143051147,0.009999999776482582,12.229999542236328,1.6068320274353027,-0.9782919883728027,38.15580368041992,1.0
8778,349007,0.0,0.0,0.0,0.05999999865889549,0.0,-9.710000038146973,-0.5711679458618164,-0.2855839729309082,-34.55839920043945,-4.289999961853027,0.9100000262260437,0.009999999776482582,-12.279999732971191,-0.546355128288269,0.7634111642837524,-14.6738862991333,-1.7000000476837158,-1.3799999952316284,0.0,12.220000267028809,0.99681556224823,-1.1307960748672485,24.920391082763672,1.0,0.05999999865889549,0.009999999776482582,-11.600000381469727,-0.021204039454460144,-0.010602019727230072,-7.075201511383057,2.9600000381469727,1.0700000524520874,0.0,1.3799999952316284,0.799166202545166,1.0997915267944336,2.979147434234619,-0.8999999761581421,-1.3700000047683716,-0.0,14.100000381469727,-0.7922017574310303,-1.5780503749847412,-20.805036544799805,1.0,-0.05000000074505806,0.0,8.760000228881836,-0.06161314249038696,-0.03080657124519348,1.9193429946899414,-2.319999933242798,0.9300000071525574,0.0,-14.109999656677246,0.2416090965270996,0.960402250289917,3.040224313735962,-1.7000000476837158,-1.3700000047683716,0.029999999329447746,11.40999984741211,-0.13727819919586182,-1.4143195152282715,-4.4769511222839355,1.0,-0.029999999329447746,-0.019999999552965164,9.529999732971191,0.8013417720794678,0.4006708860397339,43.09708786010742,-1.2799999713897705,1.0800000429153442,-0.0,1.340000033378601,0.5376360416412354,1.0344090461730957,-4.5590996742248535,-1.7000000476837158,-1.3600000143051147,0.009999999776482582,11.760000228881836,1.6054573059082031,-0.9786356687545776,38.121437072753906,1.0
8798,349311,0.0,0.0,0.0,0.05999999865889549,-0.0,-9.569999694824219,-0.5703657865524292,-0.2851828932762146,-34.518287658691406,-4.289999961853027,0.9100000262260437,0.009999999776482582,-12.420000076293945,-0.5458738803863525,0.763531506061554,-14.661852836608887,-1.7000000476837158,-1.3799999952316284,0.0,14.170000076293945,0.9967366456985474,-1.130815863609314,24.918413162231445,1.0,0.05999999865889549,-0.009999999776482582,-11.449999809265137,-0.020056523382663727,-0.010028261691331863,-6.987826347351074,2.9600000381469727,1.0700000524520874,0.0,1.5299999713897705,0.8012748956680298,1.1003186702728271,3.0318617820739746,-0.8999999761581421,-1.3700000047683716,0.019999999552965164,14.039999961853027,-0.7932633757591248,-1.5783158540725708,-20.86158561706543,1.0,-0.05000000074505806,-0.029999999329447746,8.869999885559082,-0.061013348400592804,-0.030506674200296402,1.9943326711654663,-2.319999933242798,0.9300000071525574,0.009999999776482582,-14.039999961853027,0.24214807152748108,0.9605370163917542,3.038700819015503,-1.7000000476837158,-1.3700000047683716,0.009999999776482582,11.130000114440918,-0.131443589925766,-1.4128608703613281,-4.30108642578125,1.0,-0.029999999329447746,-0.0,9.369999885559082,0.7985905408859253,0.39929527044296265,42.929527282714844,-1.2799999713897705,1.0800000429153442,0.0,0.6299999952316284,0.5359031558036804,1.0339757204055786,-4.6024322509765625,-1.7000000476837158,-1.3600000143051147,0.0,12.430000305175781,1.6046032905578613,-0.9788491725921631,38.11508560180664,1.0
8818,349615,0.0,0.0,0.0,0.05999999865889549,0.0,-9.239999771118164,-0.5680428743362427,-0.28402143716812134,-34.40214538574219,-4.289999961853027,0.9100000262260437,-0.009999999776482582,-12.539999961853027,-0.5402467250823975,0.7649382948875427,-14.491172790527344,-1.7000000476837158,-1.3799999952316284,0.009999999776482582,13.699999809265137,0.9987666606903076,-1.1303083896636963,24.954160690307617,1.0,0.05999999865889549,0.009999999776482582,-11.600000381469727,-0.02134646475315094,-0.01067323237657547,-7.082322597503662,2.9600000381469727,1.0700000524520874,-0.0,1.7000000476837158,0.7958184480667114,1.0989545583724976,2.8954505920410156,-0.8999999761581421,-1.3700000047683716,-0.0,13.149999618530273,-0.7913107872009277,-1.5778276920318604,-20.78276824951172,1.0,-0.05000000074505806,0.0,8.699999809265137,-0.0625382512807846,-0.0312691256403923,1.8730875253677368,-2.319999933242798,0.9300000071525574,-0.009999999776482582,-14.239999771118164,0.24279561638832092,0.9606989026069641,3.0848896503448486,-1.7000000476837158,-1.3700000047683716,0.009999999776482582,11.539999961853027,-0.12823599576950073,-1.41205894947052,-4.2208943367004395,1.0,-0.029999999329447746,-0.009999999776482582,9.020000457763672,0.7997822761535645,0.3998911380767822,43.004112243652344,-1.2799999713897705,1.0800000429153442,0.019999999552965164,1.2000000476837158,0.5354577898979187,1.0338643789291382,-4.643566608428955,-1.7000000476837158,-1.3600000143051147,-0.0,11.989999771118164,1.6063289642333984,-0.9784177541732788,38.158226013183594,1.0
8838,349919,0.0,0.0,0.0,0.05999999865889549,-0.019999999552965164,-9.899999618530273,-0.5670140385627747,-0.28350701928138733,-34.320701599121094,-4.289999961853027,0.9100000262260437,-0.009999999776482582,-12.220000267028809,-0.5398184061050415,0.7650454044342041,-14.480462074279785,-1.7000000476837158,-1.3799999952316284,0.0,13.609999656677246,0.9993442296981812,-1.1301639080047607,24.98360824584961,1.0,0.05999999865889549,-0.009999999776482582,-11.270000457763672,-0.020842604339122772,-0.010421302169561386,-7.027130126953125,2.9600000381469727,1.0700000524520874,0.009999999776482582,1.8799999952316284,0.7989517450332642,1.0997378826141357,2.958782911300659,-0.8999999761581421,-1.3700000047683716,0.009999999776482582,13.510000228881836,-0.7937992811203003,-1.5784498453140259,-20.859983444213867,1.0,-0.05000000074505806,-0.009999999776482582,8.520000457763672,-0.061905473470687866,-0.030952736735343933,1.9197263717651367,-2.319999933242798,0.9300000071525574,0.009999999776482582,-13.9399995803833,0.24107804894447327,0.9602695107460022,3.0119502544403076,-1.7000000476837158,-1.3700000047683716,0.019999999552965164,10.779999732971191,-0.13044960796833038,-1.4126124382019043,-4.291243553161621,1.0,-0.029999999329447746,0.009999999776482582,9.859999656677246,0.7977949380874634,0.3988974690437317,42.87474822998047,-1.2799999713897705,1.0800000429153442,-0.0,0.949999988079071,0.5357349514961243,1.0339337587356567,-4.60662841796875,-1.7000000476837158,-1.3600000143051147,0.019999999552965164,12.149999618530273,1.6043426990509033,-0.9789143204689026,38.07857131958008,1.0
8858,350223,0.0,0.0,0.0,0.05999999865889549,-0.009999999776482582,-9.289999961853027,-0.5675386786460876,-0.2837693393230438,-34.361934661865234,-4.289999961853027,0.9100000262260437,-0.009999999776482582,-12.180000305175781,-0.5354485511779785,0.7661378383636475,-14.37121868133545,-1.7000000476837158,-1.3799999952316284,0.0,11.829999923706055,1.0050054788589478,-1.1287486553192139,25.125133514404297,1.0,0.05999999865889549,-0.0,-11.520000457763672,-0.02281413972377777,-0.011407069861888885,-7.140706539154053,2.9600000381469727,1.0700000524520874,0.009999999776482582,1.2100000381469727,0.7995983362197876,1.0998995304107666,2.974947690963745,-0.8999999761581421,-1.3700000047683716,-0.009999999776482582,14.229999542236328,-0.7940925359725952,-1.5785231590270996,-20.837316513061523,1.0,-0.05000000074505806,-0.009999999776482582,9.170000076293945,-0.06165839731693268,-0.03082919865846634,1.9320801496505737,-2.319999933242798,0.9300000071525574,-0.019999999552965164,-14.029999732971191,0.23961469531059265,0.9599036574363708,3.020364999771118,-1.7000000476837158,-1.3700000047683716,-0.0,11.5600004196167,-0.12734650075435638,-1.4118366241455078,-4.183661937713623,1.0,-0.029999999329447746,-0.009999999776482582,9.350000381469727,0.7987767457962036,0.3993883728981018,42.95383834838867,-1.2799999713897705,1.0800000429153442,-0.019999999552965164,1.2599999904632568,0.5386564135551453,1.0346640348434448,-4.503600597381592,-1.7000000476837158,-1.3600000143051147,0.0,13.770000457763672,1.6079752445220947,-0.9780061841011047,38.19938278198242,1.0
8878,350527,0.0,0.0,0.0,0.05999999865889549,-0.0,-9.079999923706055,-0.5684211850166321,-0.28421059250831604,-34.421058654785156,-4.289999961853027,0.9100000262260437,0.0,-12.329999923706055,-0.5355778336524963,0.7661055326461792,-14.389449119567871,-1.7000000476837158,-1.3799999952316284,-0.009999999776482582,13.130000114440918,0.9982417821884155,-1.1304395198822021,24.971046447753906,1.0,0.05999999865889549,-0.0,-11.470000267028809,-0.022054873406887054,-0.011027436703443527,-7.102743625640869,2.9600000381469727,1.0700000524520874,-0.0,1.5499999523162842,0.7860084772109985,1.0965020656585693,2.6502013206481934,-0.8999999761581421,-1.3700000047683716,0.0,14.0,-0.7861614227294922,-1.5765403509140015,-20.654033660888672,1.0,-0.05000000074505806,-0.019999999552965164,9.350000381469727,-0.06115453690290451,-0.030577268451452255,1.9722732305526733,-2.319999933242798,0.9300000071525574,-0.009999999776482582,-14.140000343322754,0.24005454778671265,0.9600136280059814,3.016362190246582,-1.7000000476837158,-1.3700000047683716,-0.0,12.350000381469727,-0.126963272690773,-1.411740779876709,-4.17407751083374,1.0,-0.029999999329447746,0.0,8.890000343322754,0.7956093549728394,0.3978046774864197,42.78046798706055,-1.2799999713897705,1.0800000429153442,0.009999999776482582,1.2300000190734863,0.5368212461471558,1.0342053174972534,-4.594472408294678,-1.7000000476837158,-1.3600000143051147,0.009999999776482582,11.609999656677246,1.605484962463379,-0.9786287546157837,38.122127532958984,1.0
8898,350831,0.0,0.0,0.0,0.05999999865889549,-0.009999999776482582,-9.420000076293945,-0.5695250034332275,-0.28476250171661377,-34.46125030517578,-4.289999961853027,0.9100000262260437,-0.009999999776482582,-12.510000228881836,-0.5392526388168335,0.7651867866516113,-14.466323852539062,-1.7000000476837158,-1.3799999952316284,-0.009999999776482582,12.180000305175781,0.9960929155349731,-1.1309767961502075,24.917320251464844,1.0,0.05999999865889549,-0.009999999776482582,-11.770000457763672,-0.020656615495681763,-0.010328307747840881,-7.017831325531006,2.9600000381469727,1.0700000524520874,-0.009999999776482582,1.5199999809265137,0.7978800535202026,1.0994700193405151,2.9619967937469482,-0.8999999761581421,-1.3700000047683716,0.009999999776482582,13.489999771118164,-0.7926191687583923,-1.5781548023223877,-20.83047866821289,1.0,-0.05000000074505806,-0.0,8.649999618530273,-0.06274223327636719,-0.031371116638183594,1.8628884553909302,-2.319999933242798,0.9300000071525574,-0.009999999776482582,-14.020000457763672,0.2411370575428009,0.9602842330932617,3.0434226989746094,-1.7000000476837158,-1.3700000047683716,-0.009999999776482582,10.75,-0.12817102670669556,-1.4120427370071411,-4.189273357391357,1.0,-0.029999999329447746,-0.009999999776482582,9.270000457763672,0.7990632057189941,0.39953160285949707,42.96815872192383,-1.2799999713897705,1.0800000429153442,-0.019999999552965164,1.1399999856948853,0.5393279194831848,1.0348320007324219,-4.486804008483887,-1.7000000476837158,-1.3600000143051147,0.0,11.770000457763672,1.6065306663513184,-0.9783673286437988,38.16326904296875,1.0
8938,351454,0.0,0.0,0.0,0.05999999865889549,0.009999999776482582,-8.869999885559082,-0.5709376335144043,-0.28546881675720215,-34.56188201904297,-4.289999961853027,0.9100000262260437,-0.009999999776482582,-12.300000190734863,-0.5380688309669495,0.7654827833175659,-14.436723709106445,-1.7000000476837158,-1.3799999952316284,-0.009999999776482582,13.510000228881836,1.0045949220657349,-1.128851294517517,25.12986946105957,1.0,0.05999999865889549,-0.0,-11.569999694824219,-0.02168835699558258,-0.01084417849779129,-7.084417343139648,2.9600000381469727,1.0700000524520874,-0.0,1.440000057220459,0.8147042393684387,1.1036760807037354,3.367602825164795,-0.8999999761581421,-1.3700000047683716,0.0,13.579999923706055,-0.7986563444137573,-1.5796641111373901,-20.966411590576172,1.0,-0.05000000074505806,-0.009999999776482582,9.109999656677246,-0.06035924702882767,-0.030179623514413834,1.9970377683639526,-2.319999933242798,0.9300000071525574,0.009999999776482582,-14.1899995803833,0.24277693033218384,0.9606941938400269,3.0544185638427734,-1.7000000476837158,-1.3700000047683716,0.009999999776482582,11.4399995803833,-0.13621945679187775,-1.4140548706054688,-4.4204864501953125,1.0,-0.029999999329447746,-0.019999999552965164,9.4399995803833,0.8011003732681274,0.4005501866340637,43.085018157958984,-1.2799999713897705,1.0800000429153442,0.0,1.5499999523162842,0.5385996103286743,1.0346498489379883,-4.535019397735596,-1.7000000476837158,-1.3600000143051147,-0.009999999776482582,12.300000190734863,1.6109817028045654,-0.9772545695304871,38.28954315185547,1.0
8958,351758,0.0,0.0,0.0,0.05999999865889549,0.0,-9.329999923706055,-0.5712037086486816,-0.2856018543243408,-34.560184478759766,-4.289999961853027,0.9100000262260437,-0.0,-12.029999732971191,-0.5415700674057007,0.7646074295043945,-14.539259910583496,-1.7000000476837158,-1.3799999952316284,0.009999999776482582,13.050000190734863,0.9975558519363403,-1.1306110620498657,24.923892974853516,1.0,0.05999999865889549,-0.0,-11.40999984741211,-0.020564325153827667,-0.010282162576913834,-7.028216361999512,2.9600000381469727,1.0700000524520874,0.009999999776482582,1.6399999856948853,0.8021155595779419,1.1005288362503052,3.0378782749176025,-0.8999999761581421,-1.3700000047683716,-0.019999999552965164,14.220000267028809,-0.795426607131958,-1.5788567066192627,-20.855669021606445,1.0,-0.05000000074505806,-0.009999999776482582,8.550000190734863,-0.06184060871601105,-0.030920304358005524,1.9229695796966553,-2.319999933242798,0.9300000071525574,-0.0,-14.300000190734863,0.24077671766281128,0.9601941704750061,3.019416332244873,-1.7000000476837158,-1.3700000047683716,0.0,11.430000305175781,-0.12862227857112885,-1.4121555089950562,-4.215550422668457,1.0,-0.029999999329447746,-0.0,9.569999694824219,0.7996796369552612,0.3998398184776306,42.98398208618164,-1.2799999713897705,1.0800000429153442,0.009999999776482582,1.090000033378601,0.5381425023078918,1.0345356464385986,-4.561439514160156,-1.7000000476837158,-1.3600000143051147,0.0,12.289999961853027,1.607316017150879,-0.9781709909439087,38.18290328979492,1.0
8978,352062,0.0,0.0,0.0,0.05999999865889549,0.009999999776482582,-9.84000015258789,-0.5708394050598145,-0.2854197025299072,-34.556968688964844,-4.289999961853027,0.9100000262260437,0.0,-12.329999923706055,-0.5393449068069458,0.765163779258728,-14.483624458312988,-1.7000000476837158,-1.3799999952316284,0.0,12.989999771118164,0.9987460374832153,-1.130313515663147,24.968647003173828,1.0,0.05999999865889549,-0.009999999776482582,-11.600000381469727,-0.0205865278840065,-0.01029326394200325,-7.014326572418213,2.9600000381469727,1.0700000524520874,0.0,1.1699999570846558,0.8019791841506958,1.1004947423934937,3.049468994140625,-0.8999999761581421,-1.3700000047683716,-0.009999999776482582,13.890000343322754,-0.7948459982872009,-1.5787115097045898,-20.856151580810547,1.0,-0.05000000074505806,-0.019999999552965164,8.600000381469727,-0.06066983938217163,-0.030334919691085815,1.9965081214904785,-2.319999933242798,0.9300000071525574,0.019999999552965164,-13.960000038146973,0.2402426302433014,0.9600606560707092,2.976064920425415,-1.7000000476837158,-1.3700000047683716,-0.0,10.630000114440918,-0.13326597213745117,-1.4133164882659912,-4.331648349761963,1.0,-0.029999999329447746,0.0,9.460000038146973,0.798285722732544,0.399142861366272,42.91428756713867,-1.2799999713897705,1.0800000429153442,-0.009999999776482582,1.100000023841858,0.5406525135040283,1.035163164138794,-4.468688011169434,-1.7000000476837158,-1.3600000143051147,-0.0,12.430000305175781,1.60811185836792,-0.9779720306396484,38.202796936035156,1.0
8998,352366,0.0,0.0,0.0,0.05999999865889549,0.0,-9.770000457763672,-0.5712069869041443,-0.28560349345207214,-34.56034851074219,-4.289999961853027,0.9100000262260437,0.019999999552965164,-12.170000076293945,-0.5484173893928528,0.7628956437110901,-14.740437507629395,-1.7000000476837158,-1.3799999952316284,0.009999999776482582,13.239999771118164,0.9946352243423462,-1.1313412189483643,24.85087776184082,1.0,0.05999999865889549,-0.0,-11.510000228881836,-0.019535750150680542,-0.009767875075340271,-6.976787567138672,2.9600000381469727,1.0700000524520874,-0.009999999776482582,1.4299999475479126,0.8018497228622437,1.1004624366760254,3.0612385272979736,-0.8999999761581421,-1.3700000047683716,0.0,14.100000381469727,-0.794032096862793,-1.5785080194473267,-20.850801467895508,1.0,-0.05000000074505806,0.009999999776482582,8.930000305175781,-0.06319711357355118,-0.03159855678677559,1.8251444101333618,-2.319999933242798,0.9300000071525574,-0.009999999776482582,-14.369999885559082,0.24329590797424316,0.9608239531517029,3.0973947048187256,-1.7000000476837158,-1.3700000047683716,0.009999999776482582,10.880000114440918,-0.12967661023139954,-1.4124191999435425,-4.2569193840026855,1.0,-0.029999999329447746,-0.009999999776482582,9.449999809265137,0.8004971742630005,0.40024858713150024,43.039859771728516,-1.2799999713897705,1.0800000429153442,0.019999999552965164,1.2899999618530273,0.5346263647079468,1.0336565971374512,-4.664344787597656,-1.7000000476837158,-1.3600000143051147,-0.0,12.210000038146973,1.6048657894134521,-0.9787835478782654,38.121646881103516,1.0
9018,352670,0.0,0.0,0.0,0.05999999865889549,0.009999999776482582,-9.75,-0.571677565574646,-0.285838782787323,-34.598876953125,-4.289999961853027,0.9100000262260437,0.0,-12.369999885559082,-0.5422567129135132,0.7644357681274414,-14.556426048278809,-1.7000000476837158,-1.3799999952316284,-0.0,12.510000228881836,0.995193600654602,-1.1312016248703003,24.879837036132812,1.0,0.05999999865889549,-0.0,-11.680000305175781,-0.019696585834026337,-0.009848292917013168,-6.984828948974609,2.9600000381469727,1.0700000524520874,0.0,1.690000057220459,0.8012582659721375,1.1003144979476929,3.031444549560547,-0.8999999761581421,-1.3700000047683716,-0.009999999776482582,13.65999984741211,-0.7950624227523804,-1.578765630722046,-20.861562728881836,1.0,-0.05000000074505806,0.009999999776482582,8.930000305175781,-0.06290015578269958,-0.03145007789134979,1.8399922847747803,-2.319999933242798,0.9300000071525574,-0.0,-14.300000190734863,0.24146738648414612,0.9603668451309204,3.0366837978363037,-1.7000000476837158,-1.3700000047683716,-0.0,11.75,-0.12954309582710266,-1.4123858213424683,-4.238581657409668,1.0,-0.029999999329447746,-0.009999999776482582,9.329999923706055,0.7998358011245728,0.3999179005622864,43.00679016113281,-1.2799999713897705,1.0800000429153442,0.009999999776482582,1.159999966621399,0.5370619893074036,1.0342655181884766,-4.588452339172363,-1.7000000476837158,-1.3600000143051147,0.0,11.949999809265137,1.6063306331634521,-0.9784173369407654,38.158267974853516,1.0
9038,352974,0.0,0.0,0.0,0.05999999865889549,0.0,-9.319999694824219,-0.5710536241531372,-0.2855268120765686,-34.55268096923828,-4.289999961853027,0.9100000262260437,-0.009999999776482582,-12.369999885559082,-0.5384039878845215,0.7653989791870117,-14.445104598999023,-1.7000000476837158,-1.3799999952316284,-0.0,13.170000076293945,0.9982646703720093,-1.1304337978363037,24.956619262695312,1.0,0.05999999865889549,-0.019999999552965164,-11.579999923706055,-0.020902737975120544,-0.010451368987560272,-7.015136241912842,2.9600000381469727,1.0700000524520874,-0.0,1.7699999809265137,0.7935686111450195,1.098392128944397,2.839207649230957,-0.8999999761581421,-1.3700000047683716,0.0,14.279999732971191,-0.7903707027435303,-1.5775926113128662,-20.759260177612305,1.0,-0.05000000074505806,-0.009999999776482582,8.930000305175781,-0.061046890914440155,-0.030523445457220078,1.9626555442810059,-2.319999933242798,0.9300000071525574,0.009999999776482582,-14.220000267028809,0.2390580177307129,0.9597644805908203,2.961447238922119,-1.7000000476837158,-1.3700000047683716,0.009999999776482582,11.0,-0.13160890340805054,-1.4129022359848022,-4.305222988128662,1.0,-0.029999999329447746,-0.0,9.670000076293945,0.797350287437439,0.3986751437187195,42.867515563964844,-1.2799999713897705,1.0800000429153442,0.0,0.9900000095367432,0.5384870171546936,1.0346217155456543,-4.537832736968994,-1.7000000476837158,-1.3600000143051147,-0.009999999776482582,12.920000076293945,1.6063597202301025,-0.9784100651741028,38.17399597167969,1.0
9058,353278,0.0,0.0,0.0,0.05999999865889549,-0.009999999776482582,-9.760000228881836,-0.5708297491073608,-0.2854148745536804,-34.5264892578125,-4.289999961853027,0.9100000262260437,-0.019999999552965164,-12.25,-0.5421779155731201,0.7644554972648621,-14.524453163146973,-1.7000000476837158,-1.3799999952316284,0.0,13.319999694824219,0.9932501316070557,-1.1316874027252197,24.83125877380371,1.0,0.05999999865889549,-0.019999999552965164,-11.84000015258789,-0.019452981650829315,-0.009726490825414658,-6.942648887634277,2.9600000381469727,1.0700000524520874,-0.019999999552965164,1.4800000190734863,0.791650116443634,1.0979125499725342,2.8212497234344482,-0.8999999761581421,-1.3700000047683716,-0.009999999776482582,13.619999885559082,-0.7893736362457275,-1.577343463897705,-20.71934700012207,1.0,-0.05000000074505806,-0.009999999776482582,8.789999961853027,-0.06251872330904007,-0.031259361654520035,1.8890639543533325,-2.319999933242798,0.9300000071525574,-0.009999999776482582,-13.779999732971191,0.24022936820983887,0.9600573182106018,3.020731210708618,-1.7000000476837158,-1.3700000047683716,0.019999999552965164,10.9399995803833,-0.1274583786725998,-1.4118646383285522,-4.216463565826416,1.0,-0.029999999329447746,0.0,9.75,0.7970421314239502,0.3985210657119751,42.852108001708984,-1.2799999713897705,1.0800000429153442,0.009999999776482582,0.949999988079071,0.5353096127510071,1.0338274240493774,-4.632261753082275,-1.7000000476837158,-1.3600000143051147,-0.0,12.199999809265137,1.6006436347961426,-0.9798390865325928,38.01609420776367,1.0
9077,353567,0.0,0.0,0.0,0.05999999865889549,-0.009999999776482582,-9.430000305175781,-0.5705612301826477,-0.28528061509132385,-34.5130615234375,-4.289999961853027,0.9100000262260437,0.009999999776482582,-12.319999694824219,-0.5458159446716309,0.7635459899902344,-14.660404205322266,-1.7000000476837158,-1.3799999952316284,-0.0,13.0600004196167,0.993451714515686,-1.1316370964050293,24.83629035949707,1.0,0.05999999865889549,-0.009999999776482582,-11.770000457763672,-0.019395560026168823,-0.009697780013084412,-6.95477819442749,2.9600000381469727,1.0700000524520874,-0.0,0.9599999785423279,0.7979394197463989,1.0994848012924194,2.948474884033203,-0.8999999761581421,-1.3700000047683716,-0.0,13.4399995803833,-0.791998028755188,-1.577999472618103,-20.799945831298828,1.0,-0.05000000074505806,-0.019999999552965164,8.859999656677246,-0.06232621520757675,-0.031163107603788376,1.9136892557144165,-2.319999933242798,0.9300000071525574,-0.009999999776482582,-13.989999771118164,0.24214842915534973,0.9605370759963989,3.06870698928833,-1.7000000476837158,-1.3700000047683716,-0.0,11.319999694824219,-0.12604399025440216,-1.411510944366455,-4.15109395980835,1.0,-0.029999999329447746,0.009999999776482582,9.069999694824219,0.7978678941726685,0.39893394708633423,42.878395080566406,-1.2799999713897705,1.0800000429153442,-0.0,1.2200000286102295,0.5346726775169373,1.0336681604385376,-4.633188247680664,-1.7000000476837158,-1.3600000143051147,0.009999999776482582,12.539999961853027,1.6008551120758057,-0.979786217212677,38.00638198852539,1.0
9098,353886,0.0,0.0,0.0,0.05999999865889549,0.0,-9.109999656677246,-0.5696083307266235,-0.28480416536331177,-34.48041534423828,-4.289999961853027,0.9100000262260437,-0.0,-12.510000228881836,-0.5437617897987366,0.7640595436096191,-14.594048500061035,-1.7000000476837158,-1.3799999952316284,0.009999999776482582,12.25,0.994112491607666,-1.131471872329712,24.837812423706055,1.0,0.05999999865889549,0.019999999552965164,-11.630000114440918,-0.020098909735679626,-0.010049454867839813,-7.034945011138916,2.9600000381469727,1.0700000524520874,-0.009999999776482582,1.350000023841858,0.7979496121406555,1.0994874238967896,2.9637372493743896,-0.8999999761581421,-1.3700000047683716,-0.009999999776482582,14.09000015258789,-0.7928439974784851,-1.5782109498977661,-20.806095123291016,1.0,-0.05000000074505806,0.019999999552965164,9.180000305175781,-0.06391700357198715,-0.031958501785993576,1.7741498947143555,-2.319999933242798,0.9300000071525574,-0.009999999776482582,-14.130000114440918,0.24208077788352966,0.9605201482772827,3.067014217376709,-1.7000000476837158,-1.3700000047683716,-0.019999999552965164,12.0600004196167,-0.12503662705421448,-1.4112591743469238,-4.095916748046875,1.0,-0.029999999329447746,-0.019999999552965164,9.449999809265137,0.800513505935669,0.4002567529678345,43.0556755065918,-1.2799999713897705,1.0800000429153442,0.009999999776482582,1.2000000476837158,0.5361605286598206,1.034040093421936,-4.610994815826416,-1.7000000476837158,-1.3600000143051147,0.009999999776482582,12.489999771118164,1.604102611541748,-0.9789743423461914,38.08756637573242,1.0
9118,354190,0.0,0.0,0.0,0.05999999865889549,0.0,-9.640000343322754,-0.5695603489875793,-0.2847801744937897,-34.4780158996582,-4.289999961853027,0.9100000262260437,0.0,-12.319999694824219,-0.5418617725372314,0.7645345330238342,-14.546548843383789,-1.7000000476837158,-1.3799999952316284,0.019999999552965164,14.109999656677246,0.9960461854934692,-1.1309884786605835,24.871150970458984,1.0,0.05999999865889549,0.019999999552965164,-12.020000457763672,-0.021032631397247314,-0.010516315698623657,-7.081632137298584,2.9600000381469727,1.0700000524520874,0.0,1.9600000381469727,0.8058556914329529,1.1014639139175415,3.14638614654541,-0.8999999761581421,-1.3700000047683716,0.009999999776482582,13.899999618530273,-0.7962206602096558,-1.5790551900863647,-20.920516967773438,1.0,-0.05000000074505806,-0.009999999776482582,8.729999542236328,-0.06221053749322891,-0.031105268746614456,1.9044731855392456,-2.319999933242798,0.9300000071525574,-0.019999999552965164,-14.079999923706055,0.24389156699180603,0.9609728455543518,3.127283811569214,-1.7000000476837158,-1.3700000047683716,0.009999999776482582,11.609999656677246,-0.12674061954021454,-1.4116851091384888,-4.1835103034973145,1.0,-0.029999999329447746,-0.009999999776482582,9.270000457763672,0.8002426624298096,0.4001213312149048,43.02713394165039,-1.2799999713897705,1.0800000429153442,-0.029999999329447746,1.159999966621399,0.5388219952583313,1.0347055196762085,-4.484452247619629,-1.7000000476837158,-1.3600000143051147,0.0,12.359999656677246,1.6067841053009033,-0.9783039689064026,38.16960525512695,1.0
9138,354494,0.0,0.0,0.0,0.05999999865889549,-0.019999999552965164,-9.630000114440918,-0.5674921870231628,-0.2837460935115814,-34.34461212158203,-4.289999961853027,0.9100000262260437,0.0,-12.34000015258789,-0.540705144405365,0.7648236751556396,-14.517635345458984,-1.7000000476837158,-1.3799999952316284,0.0,12.869999885559082,0.9966145753860474,-1.130846381187439,24.915361404418945,1.0,0.05999999865889549,0.019999999552965164,-11.609999656677246,-0.0208047553896904,-0.0104023776948452,-7.070237636566162,2.9600000381469727,1.0700000524520874,-0.019999999552965164,1.840000033378601,0.8010109066963196,1.1002527475357056,3.055269479751587,-0.8999999761581421,-1.3700000047683716,-0.0,13.289999961853027,-0.7927613258361816,-1.5781903266906738,-20.819032669067383,1.0,-0.05000000074505806,0.009999999776482582,8.609999656677246,-0.06313241273164749,-0.031566206365823746,1.828379511833191,-2.319999933242798,0.9300000071525574,-0.009999999776482582,-13.9399995803833,0.24222040176391602,0.9605550765991211,3.070507049560547,-1.7000000476837158,-1.3700000047683716,-0.009999999776482582,10.670000076293945,-0.12791620194911957,-1.411979079246521,-4.182907581329346,1.0,-0.029999999329447746,-0.0,9.210000038146973,0.7996326684951782,0.3998163342475891,42.981632232666016,-1.2799999713897705,1.0800000429153442,-0.029999999329447746,1.2100000381469727,0.5377830862998962,1.0344457626342773,-4.510427951812744,-1.7000000476837158,-1.3600000143051147,0.009999999776482582,12.960000038146973,1.605283498764038,-0.9786791205406189,38.117088317871094,1.0
9158,354798,0.0,0.0,0.0,0.05999999865889549,0.0,-9.460000038146973,-0.5700523257255554,-0.2850261628627777,-34.50261688232422,-4.289999961853027,0.9100000262260437,-0.009999999776482582,-12.40999984741211,-0.5396485328674316,0.7650878429412842,-14.476218223571777,-1.7000000476837158,-1.3799999952316284,-0.0,13.220000267028809,1.0003372430801392,-1.129915714263916,25.0084285736084,1.0,0.05999999865889549,0.009999999776482582,-11.670000076293945,-0.02169974148273468,-0.01084987074136734,-7.099986553192139,2.9600000381469727,1.0700000524520874,-0.0,1.2699999809265137,0.8034369945526123,1.1008591651916504,3.085911273956299,-0.8999999761581421,-1.3700000047683716,0.0,13.5600004196167,-0.7947827577590942,-1.5786956548690796,-20.869564056396484,1.0,-0.05000000074505806,0.0,8.390000343322754,-0.062003836035728455,-0.031001918017864227,1.8998082876205444,-2.319999933242798,0.9300000071525574,-0.0,-14.300000190734863,0.24120381474494934,0.9603009223937988,3.0300915241241455,-1.7000000476837158,-1.3700000047683716,0.009999999776482582,10.710000038146973,-0.1287224292755127,-1.4121806621551514,-4.233065605163574,1.0,-0.029999999329447746,-0.019999999552965164,9.5,0.8008533716201782,0.4004266858100891,43.07266616821289,-1.2799999713897705,1.0800000429153442,0.009999999776482582,1.1799999475479126,0.536797046661377,1.0341992378234863,-4.595080375671387,-1.7000000476837158,-1.3600000143051147,0.0,11.760000228881836,1.6078300476074219,-0.978042483329773,38.19575500488281,1.0
9178,355102,0.0,0.0,0.0,0.05999999865889549,-0.009999999776482582,-9.699999809265137,-0.5699663162231445,-0.28498315811157227,-34.48331832885742,-4.289999961853027,0.9100000262260437,0.009999999776482582,-12.399999618530273,-0.5411725044250488,0.7647068500518799,-14.544318199157715,-1.7000000476837158,-1.3799999952316284,-0.0,12.630000114440918,1.0000697374343872,-1.129982590675354,25.001739501953125,1.0,0.05999999865889549,-0.0,-11.640000343322754,-0.021267369389533997,-0.010633684694766998,-7.06336784362793,2.9600000381469727,1.0700000524520874,0.009999999776482582,1.5700000524520874,0.8008352518081665,1.1002087593078613,3.0058705806732178,-0.8999999761581421,-1.3700000047683716,0.0,13.649999618530273,-0.793876051902771,-1.5784690380096436,-20.84690284729004,1.0,-0.05000000074505806,-0.009999999776482582,8.739999771118164,-0.061271026730537415,-0.030635513365268707,1.951448678970337,-2.319999933242798,0.9300000071525574,0.009999999776482582,-13.779999732971191,0.24043992161750793,0.9601099491119385,2.9959940910339355,-1.7000000476837158,-1.3700000047683716,0.009999999776482582,11.0600004196167,-0.13236242532730103,-1.4130905866622925,-4.3240580558776855,1.0,-0.029999999329447746,-0.0,9.359999656677246,0.799001932144165,0.3995009660720825,42.950096130371094,-1.2799999713897705,1.0800000429153442,0.009999999776482582,1.4199999570846558,0.5376562476158142,1.0344140529632568,-4.573598861694336,-1.7000000476837158,-1.3600000143051147,-0.009999999776482582,12.039999961853027,1.6074614524841309,-0.9781346321105957,38.2015380859375,1.0
9198,355406,0.0,0.0,0.0,0.05999999865889549,-0.009999999776482582,-9.720000267028809,-0.5697764158248901,-0.28488820791244507,-34.47382354736328,-4.289999961853027,0.9100000262260437,-0.009999999776482582,-11.989999771118164,-0.5398677587509155,0.7650330066680908,-14.481701850891113,-1.7000000476837158,-1.3799999952316284,0.009999999776482582,12.430000305175781,0.9987834692001343,-1.1303040981292725,24.95458984375,1.0,0.05999999865889549,0.0,-11.649999618530273,-0.02138056606054306,-0.01069028303027153,-7.069028377532959,2.9600000381469727,1.0700000524520874,0.009999999776482582,0.8199999928474426,0.7977675795555115,1.0994418859481812,2.9291832447052,-0.8999999761581421,-1.3700000047683716,0.0,14.130000114440918,-0.7927945852279663,-1.5781986713409424,-20.819866180419922,1.0,-0.05000000074505806,0.009999999776482582,8.90999984741211,-0.06235893815755844,-0.03117946907877922,1.8670531511306763,-2.319999933242798,0.9300000071525574,-0.009999999776482582,-13.8100004196167,0.241117924451828,0.9602794647216797,3.0429458618164062,-1.7000000476837158,-1.3700000047683716,0.019999999552965164,10.850000381469727,-0.1306561678647995,-1.4126640558242798,-4.29640531539917,1.0,-0.029999999329447746,-0.009999999776482582,9.4399995803833,0.7999601364135742,0.3999800682067871,43.01300811767578,-1.2799999713897705,1.0800000429153442,0.0,1.309999942779541,0.5374146699905396,1.0343536138534546,-4.564642906188965,-1.7000000476837158,-1.3600000143051147,0.009999999776482582,12.199999809265137,1.60636568069458,-0.9784085750579834,38.14414596557617,1.0
9218,355710,0.0,0.0,0.0,0.05999999865889549,0.009999999776482582,-9.430000305175781,-0.5707521438598633,-0.28537607192993164,-34.552608489990234,-4.289999961853027,0.9100000262260437,0.009999999776482582,-12.449999809265137,-0.5400886535644531,0.7649778127670288,-14.517221450805664,-1.7000000476837158,-1.3799999952316284,-0.019999999552965164,12.350000381469727,0.9983586072921753,-1.1304103136062622,24.988969802856445,1.0,0.05999999865889549,-0.0,-11.40999984741211,-0.020856425166130066,-0.010428212583065033,-7.042820930480957,2.9600000381469727,1.0700000524520874,-0.0,1.5399999618530273,0.7995670437812805,1.0998917818069458,2.98917293548584,-0.8999999761581421,-1.3700000047683716,-0.009999999776482582,14.270000457763672,-0.792294442653656,-1.5780736207962036,-20.792362213134766,1.0,-0.05000000074505806,-0.009999999776482582,8.760000228881836,-0.06144724786281586,-0.03072362393140793,1.9426376819610596,-2.319999933242798,0.9300000071525574,-0.0,-13.710000038146973,0.2419290542602539,0.9604822397232056,3.0482232570648193,-1.7000000476837158,-1.3700000047683716,-0.0,10.5,-0.1295061707496643,-1.4123765230178833,-4.237651824951172,1.0,-0.029999999329447746,0.0,9.479999542236328,0.7985028028488159,0.39925140142440796,42.925140380859375,-1.2799999713897705,1.0800000429153442,-0.0,1.1799999475479126,0.5381141901016235,1.0345284938812256,-4.547154903411865,-1.7000000476837158,-1.3600000143051147,0.0,12.489999771118164,1.6070880889892578,-0.978227972984314,38.17720413208008,1.0
9238,356014,0.0,0.0,0.0,0.05999999865889549,0.009999999776482582,-9.369999885559082,-0.572688102722168,-0.286344051361084,-34.64940643310547,-4.289999961853027,0.9100000262260437,-0.009999999776482582,-12.550000190734863,-0.5418330430984497,0.764541745185852,-14.530827522277832,-1.7000000476837158,-1.3799999952316284,0.0,13.819999694824219,0.9927572011947632,-1.1318106651306152,24.818933486938477,1.0,0.05999999865889549,-0.029999999329447746,-11.800000190734863,-0.019363969564437866,-0.009681984782218933,-6.923198699951172,2.9600000381469727,1.0700000524520874,-0.009999999776482582,1.590000033378601,0.7938194870948792,1.0984548330307007,2.860478162765503,-0.8999999761581421,-1.3700000047683716,-0.0,14.449999809265137,-0.7908487319946289,-1.5777121782302856,-20.771217346191406,1.0,-0.05000000074505806,0.0,8.930000305175781,-0.06270227581262589,-0.03135113790631294,1.8648862838745117,-2.319999933242798,0.9300000071525574,-0.009999999776482582,-13.930000305175781,0.24123096466064453,0.9603077173233032,3.0457711219787598,-1.7000000476837158,-1.3700000047683716,0.009999999776482582,10.649999618530273,-0.12730593979358673,-1.411826491355896,-4.197648525238037,1.0,-0.029999999329447746,-0.009999999776482582,9.470000267028809,0.7978200912475586,0.3989100456237793,42.906005859375,-1.2799999713897705,1.0800000429153442,0.009999999776482582,1.0700000524520874,0.5371893048286438,1.0342973470687866,-4.585269451141357,-1.7000000476837158,-1.3600000143051147,-0.009999999776482582,12.800000190734863,1.6041102409362793,-0.9789724349975586,38.11775588989258,1.0
9258,356333,0.0,0.0,0.0,0.05999999865889549,-0.009999999776482582,-9.420000076293945,-0.5700533390045166,-0.2850266695022583,-34.487667083740234,-4.289999961853027,0.9100000262260437,0.0,-12.520000457763672,-0.5426925420761108,0.764326810836792,-14.56732177734375,-1.7000000476837158,-1.3799999952316284,0.009999999776482582,13.5600004196167,0.9978839159011841,-1.1305290460586548,24.93209457397461,1.0,0.05999999865889549,0.009999999776482582,-11.670000076293945,-0.020498305559158325,-0.010249152779579163,-7.039915561676025,2.9600000381469727,1.0700000524520874,-0.009999999776482582,1.7799999713897705,0.8043628931045532,1.101090669631958,3.1240618228912354,-0.8999999761581421,-1.3700000047683716,0.009999999776482582,13.84000015258789,-0.7944068312644958,-1.5786017179489136,-20.875171661376953,1.0,-0.05000000074505806,-0.009999999776482582,8.680000305175781,-0.06148233264684677,-0.030741166323423386,1.9408833980560303,-2.319999933242798,0.9300000071525574,0.009999999776482582,-14.149999618530273,0.24178969860076904,0.9604474306106567,3.0297422409057617,-1.7000000476837158,-1.3700000047683716,0.0,10.84000015258789,-0.12934818863868713,-1.412337064743042,-4.233705997467041,1.0,-0.029999999329447746,0.0,9.479999542236328,0.7991094589233398,0.3995547294616699,42.955474853515625,-1.2799999713897705,1.0800000429153442,0.009999999776482582,1.0099999904632568,0.5379480719566345,1.034487009048462,-4.566303253173828,-1.7000000476837158,-1.3600000143051147,-0.029999999329447746,12.649999618530273,1.6078753471374512,-0.9780311584472656,38.24188232421875,1.0
9278,356637,0.0,0.0,0.0,0.05999999865889549,0.0,-9.84000015258789,-0.5706538558006287,-0.28532692790031433,-34.532691955566406,-4.289999961853027,0.9100000262260437,-0.0,-12.34000015258789,-0.5417251586914062,0.7645686864852905,-14.543133735656738,-1.7000000476837158,-1.3799999952316284,-0.0,14.109999656677246,0.9968255758285522,-1.130793571472168,24.920642852783203,1.0,0.05999999865889549,-0.009999999776482582,-11.640000343322754,-0.02036532759666443,-0.010182663798332214,-7.00326681137085,2.9600000381469727,1.0700000524520874,0.0,1.0099999904632568,0.803572416305542,1.1008930206298828,3.089296817779541,-0.8999999761581421,-1.3700000047683716,0.009999999776482582,14.010000228881836,-0.795968770980835,-1.5789921283721924,-20.91421127319336,1.0,-0.05000000074505806,0.019999999552965164,8.819999694824219,-0.06285785138607025,-0.031428925693035126,1.827107548713684,-2.319999933242798,0.9300000071525574,0.0,-13.829999923706055,0.24221277236938477,0.9605531692504883,3.055316209793091,-1.7000000476837158,-1.3700000047683716,0.0,11.989999771118164,-0.12917335331439972,-1.4122933149337769,-4.229331016540527,1.0,-0.029999999329447746,0.0,9.420000076293945,0.8005894422531128,0.4002947211265564,43.02947235107422,-1.2799999713897705,1.0800000429153442,0.009999999776482582,1.2699999809265137,0.5376119613647461,1.0344029664993286,-4.574707508087158,-1.7000000476837158,-1.3600000143051147,0.009999999776482582,13.109999656677246,1.6080753803253174,-0.9779811501502991,38.186885833740234,1.0
9298,356941,0.0,0.0,0.0,0.05999999865889549,0.0,-9.4399995803833,-0.5704221129417419,-0.28521105647087097,-34.5211067199707,-4.289999961853027,0.9100000262260437,0.009999999776482582,-12.649999618530273,-0.5425329208374023,0.7643667459487915,-14.578328132629395,-1.7000000476837158,-1.3799999952316284,0.009999999776482582,12.130000114440918,0.9968377351760864,-1.1307905912399292,24.905941009521484,1.0,0.05999999865889549,-0.0,-11.680000305175781,-0.0206708163022995,-0.01033540815114975,-7.03354024887085,2.9600000381469727,1.0700000524520874,-0.0,1.7699999809265137,0.8005468845367432,1.1001367568969727,3.0136704444885254,-0.8999999761581421,-1.3700000047683716,-0.0,14.630000114440918,-0.7932150363922119,-1.5783038139343262,-20.830381393432617,1.0,-0.05000000074505806,-0.019999999552965164,8.979999542236328,-0.061737172305583954,-0.030868586152791977,1.9431414604187012,-2.319999933242798,0.9300000071525574,-0.0,-13.960000038146973,0.2412649691104889,0.9603162407875061,3.031623363494873,-1.7000000476837158,-1.3700000047683716,-0.009999999776482582,11.619999885559082,-0.1288691908121109,-1.4122172594070435,-4.206725597381592,1.0,-0.029999999329447746,-0.009999999776482582,9.760000228881836,0.7989933490753174,0.3994966745376587,42.96466827392578,-1.2799999713897705,1.0800000429153442,0.0,1.1100000143051147,0.5370046496391296,1.034251093864441,-4.574894905090332,-1.7000000476837158,-1.3600000143051147,0.0,12.9399995803833,1.6039693355560303,-0.9790076613426208,38.09923553466797,1.0
9318,357245,0.0,0.0,0.0,0.05999999865889549,0.0,-9.789999961853027,-0.5716842412948608,-0.2858421206474304,-34.58421325683594,-4.289999961853027,0.9100000262260437,-0.0,-12.329999923706055,-0.5412736535072327,0.7646815776824951,-14.531845092773438,-1.7000000476837158,-1.3799999952316284,0.0,12.489999771118164,0.9981144666671753,-1.1304713487625122,24.952865600585938,1.0,0.05999999865889549,-0.009999999776482582,-11.59000015258789,-0.02086573839187622,-0.01043286919593811,-7.028287410736084,2.9600000381469727,1.0700000524520874,0.009999999776482582,1.7200000286102295,0.801414966583252,1.100353717803955,3.0203664302825928,-0.8999999761581421,-1.3700000047683716,0.0,13.680000305175781,-0.7947000861167908,-1.5786750316619873,-20.867502212524414,1.0,-0.05000000074505806,-0.009999999776482582,8.800000190734863,-0.06243187189102173,-0.031215935945510864,1.8934065103530884,-2.319999933242798,0.9300000071525574,-0.019999999552965164,-14.460000038146973,0.2425355315208435,0.9606338739395142,3.093386650085449,-1.7000000476837158,-1.3700000047683716,0.0,11.270000457763672,-0.12715069949626923,-1.4117876291275024,-4.178762435913086,1.0,-0.029999999329447746,-0.019999999552965164,9.25,0.8002637624740601,0.40013188123703003,43.04318618774414,-1.2799999713897705,1.0800000429153442,0.0,1.0299999713897705,0.5380293726921082,1.0345072746276855,-4.549276828765869,-1.7000000476837158,-1.3600000143051147,0.0,12.319999694824219,1.6065731048583984,-0.9783567190170288,38.164329528808594,1.0
9338,357549,0.0,0.0,0.0,0.05999999865889549,0.009999999776482582,-9.899999618530273,-0.5712506175041199,-0.28562530875205994,-34.57752990722656,-4.289999961853027,0.9100000262260437,-0.019999999552965164,-11.960000038146973,-0.5391800403594971,0.7652049660682678,-14.449505805969238,-1.7000000476837158,-1.3799999952316284,0.009999999776482582,13.119999885559082,0.9940983057022095,-1.1314754486083984,24.83745574951172,1.0,0.05999999865889549,0.009999999776482582,-11.800000190734863,-0.020382657647132874,-0.010191328823566437,-7.034132480621338,2.9600000381469727,1.0700000524520874,-0.019999999552965164,1.2699999809265137,0.8010197877883911,1.1002548933029175,3.0554840564727783,-0.8999999761581421,-1.3700000047683716,0.019999999552965164,13.550000190734863,-0.7929662466049194,-1.5782415866851807,-20.854158401489258,1.0,-0.05000000074505806,-0.009999999776482582,8.569999694824219,-0.06109938770532608,-0.03054969385266304,1.9600306749343872,-2.319999933242798,0.9300000071525574,-0.009999999776482582,-13.890000343322754,0.24260690808296204,0.960651695728302,3.0801689624786377,-1.7000000476837158,-1.3700000047683716,0.009999999776482582,11.789999961853027,-0.13028742372989655,-1.412571907043457,-4.272190093994141,1.0,-0.029999999329447746,0.009999999776482582,9.380000114440918,0.797763466835022,0.398881733417511,42.873172760009766,-1.2799999713897705,1.0800000429153442,-0.0,1.4800000190734863,0.5380945801734924,1.034523606300354,-4.547643661499023,-1.7000000476837158,-1.3600000143051147,0.0,12.970000267028809,1.6075820922851562,-0.9781044721603394,38.189552307128906,1.0
9358,357853,0.0,0.0,0.0,0.05999999865889549,0.009999999776482582,-9.449999809265137,-0.5707197189331055,-0.28535985946655273,-34.550987243652344,-4.289999961853027,0.9100000262260437,-0.019999999552965164,-12.399999618530273,-0.5394774675369263,0.7651306390762329,-14.456938743591309,-1.7000000476837158,-1.3799999952316284,-0.009999999776482582,13.069999694824219,0.9958091974258423,-1.1310477256774902,24.910226821899414,1.0,0.05999999865889549,0.009999999776482582,-11.710000038146973,-0.020177878439426422,-0.010088939219713211,-7.0238938331604,2.9600000381469727,1.0700000524520874,0.0,1.190000057220459,0.8051016330718994,1.1012754440307617,3.1275391578674316,-0.8999999761581421,-1.3700000047683716,0.009999999776482582,14.350000381469727,-0.7977112531661987,-1.5794278383255005,-20.957782745361328,1.0,-0.05000000074505806,0.009999999776482582,8.75,-0.06311924010515213,-0.031559620052576065,1.8290380239486694,-2.319999933242798,0.9300000071525574,-0.019999999552965164,-14.069999694824219,0.24308598041534424,0.9607714414596558,3.1071434020996094,-1.7000000476837158,-1.3700000047683716,-0.009999999776482582,12.25,-0.12721551954746246,-1.4118038415908813,-4.165383815765381,1.0,-0.029999999329447746,-0.009999999776482582,9.3100004196167,0.801609992980957,0.4008049964904785,43.09550094604492,-1.2799999713897705,1.0800000429153442,-0.019999999552965164,0.6100000143051147,0.5402048230171204,1.0350512266159058,-4.464881420135498,-1.7000000476837158,-1.3600000143051147,0.009999999776482582,12.890000343322754,1.6080892086029053,-0.9779776930809021,38.187232971191406,1.0
9378,358157,0.0,0.0,0.0,0.05999999865889549,-0.0,-9.680000305175781,-0.5712264180183411,-0.28561320900917053,-34.56132125854492,-4.289999961853027,0.9100000262260437,0.009999999776482582,-12.460000038146973,-0.5415666103363037,0.7646083235740662,-14.554170608520508,-1.7000000476837158,-1.3799999952316284,-0.009999999776482582,12.9399995803833,0.999179482460022,-1.1302051544189453,24.994483947753906,1.0,0.05999999865889549,-0.019999999552965164,-11.569999694824219,-0.020354360342025757,-0.010177180171012878,-6.987718105316162,2.9600000381469727,1.0700000524520874,0.0,1.2000000476837158,0.8043087720870972,1.1010771989822388,3.1077146530151367,-0.8999999761581421,-1.3700000047683716,-0.0,13.890000343322754,-0.7955148220062256,-1.57887864112854,-20.887863159179688,1.0,-0.05000000074505806,-0.019999999552965164,8.640000343322754,-0.06125282496213913,-0.030626412481069565,1.9673588275909424,-2.319999933242798,0.9300000071525574,0.0,-13.989999771118164,0.24168738722801208,0.9604218006134033,3.0421793460845947,-1.7000000476837158,-1.3700000047683716,0.009999999776482582,12.520000457763672,-0.13117873668670654,-1.4127947092056274,-4.294470310211182,1.0,-0.029999999329447746,0.0,9.210000038146973,0.799216628074646,0.399608314037323,42.96083068847656,-1.2799999713897705,1.0800000429153442,-0.0,1.350000023841858,0.5384364724159241,1.034609079360962,-4.539096355438232,-1.7000000476837158,-1.3600000143051147,-0.0,12.5600004196167,1.6074767112731934,-0.9781308174133301,38.186920166015625,1.0
9418,358780,0.0,0.0,0.0,0.05999999865889549,0.0,-9.640000343322754,-0.5700250267982483,-0.28501251339912415,-34.501251220703125,-4.289999961853027,0.9100000262260437,-0.0,-12.40999984741211,-0.5431235432624817,0.7642191052436829,-14.578092575073242,-1.7000000476837158,-1.3799999952316284,0.009999999776482582,11.899999618530273,0.9980435371398926,-1.1304891109466553,24.93608856201172,1.0,0.05999999865889549,0.019999999552965164,-11.649999618530273,-0.020439013838768005,-0.010219506919384003,-7.051950454711914,2.9600000381469727,1.0700000524520874,0.009999999776482582,1.3700000047683716,0.8159177303314209,1.1039793491363525,3.382929563522339,-0.8999999761581421,-1.3700000047683716,0.019999999552965164,14.140000343322754,-0.802128791809082,-1.580532193183899,-21.083219528198242,1.0,-0.05000000074505806,0.009999999776482582,8.65999984741211,-0.06239859759807587,-0.031199298799037933,1.8650702238082886,-2.319999933242798,0.9300000071525574,-0.0,-13.899999618530273,0.244244784116745,0.9610611796379089,3.1061172485351562,-1.7000000476837158,-1.3700000047683716,-0.009999999776482582,11.960000038146973,-0.13047091662883759,-1.4126176834106445,-4.246767997741699,1.0,-0.029999999329447746,0.009999999776482582,9.399999618530273,0.8019795417785645,0.4009897708892822,43.08397674560547,-1.2799999713897705,1.0800000429153442,0.009999999776482582,1.2599999904632568,0.5380089282989502,1.0345022678375244,-4.564777374267578,-1.7000000476837158,-1.3600000143051147,0.0,12.319999694824219,1.6113700866699219,-0.977157473564148,38.28425598144531,1.0
9437,359069,0.0,0.0,0.0,0.05999999865889549,-0.0,-9.479999542236328,-0.5715362429618835,-0.2857681214809418,-34.576812744140625,-4.289999961853027,0.9100000262260437,-0.0,-12.029999732971191,-0.542749285697937,0.7643126249313354,-14.568739891052246,-1.7000000476837158,-1.3799999952316284,-0.009999999776482582,11.59000015258789,0.996151328086853,-1.1309621334075928,24.918785095214844,1.0,0.05999999865889549,-0.019999999552965164,-11.699999809265137,-0.019966289401054382,-0.009983144700527191,-6.968313694000244,2.9600000381469727,1.0700000524520874,0.0,0.949999988079071,0.8068351745605469,1.1017087697982788,3.1708717346191406,-0.8999999761581421,-1.3700000047683716,0.0,14.210000038146973,-0.7973265647888184,-1.579331636428833,-20.933162689208984,1.0,-0.05000000074505806,-0.009999999776482582,8.649999618530273,-0.062245845794677734,-0.031122922897338867,1.902707815170288,-2.319999933242798,0.9300000071525574,-0.009999999776482582,-13.930000305175781,0.24240589141845703,0.9606014490127563,3.0751442909240723,-1.7000000476837158,-1.3700000047683716,-0.0,11.979999542236328,-0.13037574291229248,-1.412593960762024,-4.259395599365234,1.0,-0.029999999329447746,-0.009999999776482582,9.670000076293945,0.8006719350814819,0.40033596754074097,43.0485954284668,-1.2799999713897705,1.0800000429153442,0.009999999776482582,1.2000000476837158,0.5373464822769165,1.0343365669250488,-4.581347465515137,-1.7000000476837158,-1.3600000143051147,0.009999999776482582,13.079999923706055,1.606095552444458,-0.9784761071205139,38.13739013671875,1.0
9457,359373,0.0,0.0,0.0,0.05999999865889549,0.0,-9.5,-0.5702618956565857,-0.28513094782829285,-34.51309585571289,-4.289999961853027,0.9100000262260437,-0.019999999552965164,-12.039999961853027,-0.5368765592575073,0.7657808065414429,-14.391921997070312,-1.7000000476837158,-1.3799999952316284,-0.0,13.329999923706055,0.9961867332458496,-1.130953311920166,24.9046688079834,1.0,0.05999999865889549,0.009999999776482582,-11.739999771118164,-0.020297527313232422,-0.010148763656616211,-7.029876232147217,2.9600000381469727,1.0700000524520874,0.009999999776482582,1.5199999809265137,0.8015729188919067,1.1003931760787964,3.0243122577667236,-0.8999999761581421,-1.3700000047683716,-0.009999999776482582,13.479999542236328,-0.7945548892021179,-1.5786386728286743,-20.848867416381836,1.0,-0.05000000074505806,-0.009999999776482582,8.84000015258789,-0.061107173562049866,-0.030553586781024933,1.9596413373947144,-2.319999933242798,0.9300000071525574,-0.0,-14.1899995803833,0.2418745458126068,0.960468590259552,3.046858310699463,-1.7000000476837158,-1.3700000047683716,-0.0,9.859999656677246,-0.12930871546268463,-1.4123271703720093,-4.2327165603637695,1.0,-0.029999999329447746,0.029999999329447746,9.390000343322754,0.797202467918396,0.398601233959198,42.81512451171875,-1.2799999713897705,1.0800000429153442,-0.019999999552965164,1.2100000381469727,0.54146808385849,1.0353670120239258,-4.433302879333496,-1.7000000476837158,-1.3600000143051147,-0.009999999776482582,12.779999732971191,1.6097033023834229,-0.9775741696357727,38.25758361816406,1.0
9478,359692,0.0,0.0,0.0,0.05999999865889549,-0.0,-9.65999984741211,-0.570530354976654,-0.285265177488327,-34.526519775390625,-4.289999961853027,0.9100000262260437,0.009999999776482582,-12.539999961853027,-0.5411108136177063,0.7647222876548767,-14.542774200439453,-1.7000000476837158,-1.3799999952316284,-0.009999999776482582,12.329999923706055,0.9985991716384888,-1.1303502321243286,24.979976654052734,1.0,0.05999999865889549,-0.009999999776482582,-11.529999732971191,-0.02124883234500885,-0.010624416172504425,-7.047441005706787,2.9600000381469727,1.0700000524520874,0.0,0.949999988079071,0.792853832244873,1.0982134342193604,2.821338176727295,-0.8999999761581421,-1.3700000047683716,-0.009999999776482582,14.319999694824219,-0.7904151678085327,-1.577603816986084,-20.74538230895996,1.0,-0.05000000074505806,-0.0,8.489999771118164,-0.0623285248875618,-0.0311642624437809,1.8835737705230713,-2.319999933242798,0.9300000071525574,-0.019999999552965164,-14.050000190734863,0.24064332246780396,0.9601607918739319,3.0460784435272217,-1.7000000476837158,-1.3700000047683716,0.0,11.0,-0.12608495354652405,-1.4115211963653564,-4.152119159698486,1.0,-0.029999999329447746,-0.0,9.4399995803833,0.7988220453262329,0.39941102266311646,42.94110107421875,-1.2799999713897705,1.0800000429153442,0.019999999552965164,1.1299999952316284,0.5358890295028687,1.0339722633361816,-4.632778167724609,-1.7000000476837158,-1.3600000143051147,-0.0,11.729999542236328,1.6059298515319824,-0.9785175323486328,38.14824676513672,1.0
9498,360009,0.6000000238418579,0.0,0.0,0.05999999865889549,0.5400000214576721,-0.6000000238418579,-0.48621296882629395,-0.24310648441314697,-31.120647430419922,-4.329999923706055,0.9100000262260437,-0.12999999523162842,-12.920000076293945,0.7226818203926086,1.0806704759597778,17.26204490661621,-1.7000000476837158,-1.3899999856948853,-0.6100000143051147,0.10000000149011612,1.052537441253662,-1.116865634918213,28.228435516357422,1.0,0.05999999865889549,0.6100000143051147,-1.3799999952316284,-0.09675568342208862,-0.04837784171104431,-11.752784729003906,2.930000066757202,1.059999942779541,-2.180000066757202,-20.149999618530273,0.5718666911125183,1.042966604232788,1.5666661262512207,-0.9200000166893005,-1.3700000047683716,-0.6200000047683716,-0.5799999833106995,-0.8049284815788269,-1.5812320709228516,-20.193206787109375,1.0,-0.05000000074505806,-0.5699999928474426,0.5600000023841858,-0.0757589191198349,-0.03787945955991745,2.067054271697998,-2.2899999618530273,0.9300000071525574,-0.12999999523162842,-14.489999771118164,0.1362740695476532,0.934068500995636,0.601849377155304,-1.7000000476837158,-1.3700000047683716,-0.5600000023841858,-0.23000000417232513,-0.2614039182662964,-1.445351004600525,-6.695099830627441,1.0,-0.029999999329447746,-0.6399999856948853,-0.23999999463558197,0.7756165266036987,0.38780826330184937,42.74082565307617,-1.2300000190734863,1.0700000524520874,-2.1600000858306885,-16.360000610351562,1.4907143115997314,1.2726786136627197,23.507856369018555,-1.7000000476837158,-1.3600000143051147,-0.5799999833106995,-2.440000057220459,2.0165960788726807,-0.8758509755134583,49.28490447998047,1.0
